study,Dataset,Variable,Type,Total observations,Complete observations,Missing observations,% complete,% missing
1988_whole_vs_parts,assay-intake_data.csv,cond,Categorical,102,102,0,100,0
1988_whole_vs_parts,assay-intake_data.csv,desire_eat_post,Numeric,102,102,0,100,0
1988_whole_vs_parts,assay-intake_data.csv,desire_eat_pre,Numeric,102,102,0,100,0
1988_whole_vs_parts,assay-intake_data.csv,desire_eat_screen,Numeric,102,102,0,100,0
1988_whole_vs_parts,assay-intake_data.csv,fullness_post,Numeric,102,102,0,100,0
1988_whole_vs_parts,assay-intake_data.csv,fullness_pre,Numeric,102,102,0,100,0
1988_whole_vs_parts,assay-intake_data.csv,hunger_post,Numeric,102,102,0,100,0
1988_whole_vs_parts,assay-intake_data.csv,hunger_pre,Numeric,102,102,0,100,0
1988_whole_vs_parts,assay-intake_data.csv,id,Character,102,102,0,100,0
1988_whole_vs_parts,assay-intake_data.csv,much_eat_post,Numeric,102,102,0,100,0
1988_whole_vs_parts,assay-intake_data.csv,much_eat_pre,Numeric,102,102,0,100,0
1988_whole_vs_parts,assay-intake_data.csv,sandwich_g,Numeric,102,102,0,100,0
1988_whole_vs_parts,assay-intake_data.csv,sandwich_kcal,Numeric,102,102,0,100,0
1988_whole_vs_parts,assay-intake_data.csv,session,Numeric,102,102,0,100,0
1988_whole_vs_parts,assay-intake_data.csv,taste_screen,Numeric,102,102,0,100,0
1988_whole_vs_parts,assay-intake_data.csv,thirst_post,Numeric,102,102,0,100,0
1988_whole_vs_parts,assay-intake_data.csv,thirst_pre,Numeric,102,102,0,100,0
1988_whole_vs_parts,assay-intake_data.csv,water_g,Numeric,102,102,0,100,0
1990_eatdis_salad_preload,assay-hunger_data.csv,cond,Numeric,324,324,0,100,0
1990_eatdis_salad_preload,assay-hunger_data.csv,group,Numeric,324,324,0,100,0
1990_eatdis_salad_preload,assay-hunger_data.csv,hunger,Numeric,324,324,0,100,0
1990_eatdis_salad_preload,assay-hunger_data.csv,id,Character,324,324,0,100,0
1990_eatdis_salad_preload,assay-hunger_data.csv,time,Numeric,324,324,0,100,0
1990_eatdis_salad_preload,assay-intake_cond-highcal_data.csv,appearance_apple,Numeric,108,108,0,100,0
1990_eatdis_salad_preload,assay-intake_cond-highcal_data.csv,appearance_chips,Numeric,108,108,0,100,0
1990_eatdis_salad_preload,assay-intake_cond-highcal_data.csv,appearance_cookie,Numeric,108,107,1,99.07,0.93
1990_eatdis_salad_preload,assay-intake_cond-highcal_data.csv,appearance_cottage_cheese,Numeric,108,108,0,100,0
1990_eatdis_salad_preload,assay-intake_cond-highcal_data.csv,appearance_hed_salad,Numeric,108,108,0,100,0
1990_eatdis_salad_preload,assay-intake_cond-highcal_data.csv,appearance_led_salad,Numeric,108,108,0,100,0
1990_eatdis_salad_preload,assay-intake_cond-highcal_data.csv,appearance_snickers,Numeric,108,108,0,100,0
1990_eatdis_salad_preload,assay-intake_cond-highcal_data.csv,appearance_turkey,Numeric,108,108,0,100,0
1990_eatdis_salad_preload,assay-intake_cond-highcal_data.csv,cond,Numeric,108,108,0,100,0
1990_eatdis_salad_preload,assay-intake_cond-highcal_data.csv,desire_apple,Numeric,108,108,0,100,0
1990_eatdis_salad_preload,assay-intake_cond-highcal_data.csv,desire_chips,Numeric,108,107,1,99.07,0.93
1990_eatdis_salad_preload,assay-intake_cond-highcal_data.csv,desire_cookie,Numeric,108,108,0,100,0
1990_eatdis_salad_preload,assay-intake_cond-highcal_data.csv,desire_cottage_cheese,Numeric,108,108,0,100,0
1990_eatdis_salad_preload,assay-intake_cond-highcal_data.csv,desire_hed_salad,Numeric,108,108,0,100,0
1990_eatdis_salad_preload,assay-intake_cond-highcal_data.csv,desire_led_salad,Numeric,108,108,0,100,0
1990_eatdis_salad_preload,assay-intake_cond-highcal_data.csv,desire_snickers,Numeric,108,108,0,100,0
1990_eatdis_salad_preload,assay-intake_cond-highcal_data.csv,desire_turkey,Numeric,108,108,0,100,0
1990_eatdis_salad_preload,assay-intake_cond-highcal_data.csv,group,Numeric,108,108,0,100,0
1990_eatdis_salad_preload,assay-intake_cond-highcal_data.csv,id,Character,108,108,0,100,0
1990_eatdis_salad_preload,assay-intake_cond-highcal_data.csv,odor_apple,Numeric,108,108,0,100,0
1990_eatdis_salad_preload,assay-intake_cond-highcal_data.csv,odor_chips,Numeric,108,108,0,100,0
1990_eatdis_salad_preload,assay-intake_cond-highcal_data.csv,odor_cookie,Numeric,108,108,0,100,0
1990_eatdis_salad_preload,assay-intake_cond-highcal_data.csv,odor_cottage_cheese,Numeric,108,108,0,100,0
1990_eatdis_salad_preload,assay-intake_cond-highcal_data.csv,odor_hed_salad,Numeric,108,108,0,100,0
1990_eatdis_salad_preload,assay-intake_cond-highcal_data.csv,odor_led_salad,Numeric,108,108,0,100,0
1990_eatdis_salad_preload,assay-intake_cond-highcal_data.csv,odor_snickers,Numeric,108,108,0,100,0
1990_eatdis_salad_preload,assay-intake_cond-highcal_data.csv,odor_turkey,Numeric,108,108,0,100,0
1990_eatdis_salad_preload,assay-intake_cond-highcal_data.csv,taste_apple,Numeric,108,108,0,100,0
1990_eatdis_salad_preload,assay-intake_cond-highcal_data.csv,taste_chips,Numeric,108,108,0,100,0
1990_eatdis_salad_preload,assay-intake_cond-highcal_data.csv,taste_cookie,Numeric,108,108,0,100,0
1990_eatdis_salad_preload,assay-intake_cond-highcal_data.csv,taste_cottage_cheese,Numeric,108,108,0,100,0
1990_eatdis_salad_preload,assay-intake_cond-highcal_data.csv,taste_hed_salad,Numeric,108,108,0,100,0
1990_eatdis_salad_preload,assay-intake_cond-highcal_data.csv,taste_led_salad,Numeric,108,107,1,99.07,0.93
1990_eatdis_salad_preload,assay-intake_cond-highcal_data.csv,taste_snickers,Numeric,108,108,0,100,0
1990_eatdis_salad_preload,assay-intake_cond-highcal_data.csv,taste_turkey,Numeric,108,108,0,100,0
1990_eatdis_salad_preload,assay-intake_cond-highcal_data.csv,texture_apple,Numeric,108,108,0,100,0
1990_eatdis_salad_preload,assay-intake_cond-highcal_data.csv,texture_chips,Numeric,108,108,0,100,0
1990_eatdis_salad_preload,assay-intake_cond-highcal_data.csv,texture_cookie,Numeric,108,108,0,100,0
1990_eatdis_salad_preload,assay-intake_cond-highcal_data.csv,texture_cottage_cheese,Numeric,108,108,0,100,0
1990_eatdis_salad_preload,assay-intake_cond-highcal_data.csv,texture_hed_salad,Numeric,108,107,1,99.07,0.93
1990_eatdis_salad_preload,assay-intake_cond-highcal_data.csv,texture_led_salad,Numeric,108,108,0,100,0
1990_eatdis_salad_preload,assay-intake_cond-highcal_data.csv,texture_snickers,Numeric,108,108,0,100,0
1990_eatdis_salad_preload,assay-intake_cond-highcal_data.csv,texture_turkey,Numeric,108,108,0,100,0
1990_eatdis_salad_preload,assay-intake_cond-highcal_data.csv,time,Numeric,108,108,0,100,0
1990_eatdis_salad_preload,assay-sss_calc-diff_data.csv,cond,Numeric,81,81,0,100,0
1990_eatdis_salad_preload,assay-sss_calc-diff_data.csv,dif_appearance_apple,Numeric,81,81,0,100,0
1990_eatdis_salad_preload,assay-sss_calc-diff_data.csv,dif_appearance_chips,Numeric,81,81,0,100,0
1990_eatdis_salad_preload,assay-sss_calc-diff_data.csv,dif_appearance_cookie,Numeric,81,81,0,100,0
1990_eatdis_salad_preload,assay-sss_calc-diff_data.csv,dif_appearance_cottage_cheese,Numeric,81,81,0,100,0
1990_eatdis_salad_preload,assay-sss_calc-diff_data.csv,dif_appearance_hed_salad,Numeric,81,81,0,100,0
1990_eatdis_salad_preload,assay-sss_calc-diff_data.csv,dif_appearance_led_salad,Numeric,81,81,0,100,0
1990_eatdis_salad_preload,assay-sss_calc-diff_data.csv,dif_appearance_snickers,Numeric,81,81,0,100,0
1990_eatdis_salad_preload,assay-sss_calc-diff_data.csv,dif_appearance_turkey,Numeric,81,81,0,100,0
1990_eatdis_salad_preload,assay-sss_calc-diff_data.csv,dif_desire_apple,Numeric,81,81,0,100,0
1990_eatdis_salad_preload,assay-sss_calc-diff_data.csv,dif_desire_chips,Numeric,81,81,0,100,0
1990_eatdis_salad_preload,assay-sss_calc-diff_data.csv,dif_desire_cookie,Numeric,81,81,0,100,0
1990_eatdis_salad_preload,assay-sss_calc-diff_data.csv,dif_desire_cottage_cheese,Numeric,81,81,0,100,0
1990_eatdis_salad_preload,assay-sss_calc-diff_data.csv,dif_desire_hed_salad,Numeric,81,81,0,100,0
1990_eatdis_salad_preload,assay-sss_calc-diff_data.csv,dif_desire_led_salad,Numeric,81,81,0,100,0
1990_eatdis_salad_preload,assay-sss_calc-diff_data.csv,dif_desire_snickers,Numeric,81,81,0,100,0
1990_eatdis_salad_preload,assay-sss_calc-diff_data.csv,dif_desire_turkey,Numeric,81,81,0,100,0
1990_eatdis_salad_preload,assay-sss_calc-diff_data.csv,dif_odor_apple,Numeric,81,81,0,100,0
1990_eatdis_salad_preload,assay-sss_calc-diff_data.csv,dif_odor_chips,Numeric,81,81,0,100,0
1990_eatdis_salad_preload,assay-sss_calc-diff_data.csv,dif_odor_cookie,Numeric,81,81,0,100,0
1990_eatdis_salad_preload,assay-sss_calc-diff_data.csv,dif_odor_cottage_cheese,Numeric,81,81,0,100,0
1990_eatdis_salad_preload,assay-sss_calc-diff_data.csv,dif_odor_hed_salad,Numeric,81,81,0,100,0
1990_eatdis_salad_preload,assay-sss_calc-diff_data.csv,dif_odor_led_salad,Numeric,81,81,0,100,0
1990_eatdis_salad_preload,assay-sss_calc-diff_data.csv,dif_odor_snickers,Numeric,81,81,0,100,0
1990_eatdis_salad_preload,assay-sss_calc-diff_data.csv,dif_odor_turkey,Numeric,81,81,0,100,0
1990_eatdis_salad_preload,assay-sss_calc-diff_data.csv,dif_taste_apple,Numeric,81,81,0,100,0
1990_eatdis_salad_preload,assay-sss_calc-diff_data.csv,dif_taste_chips,Numeric,81,81,0,100,0
1990_eatdis_salad_preload,assay-sss_calc-diff_data.csv,dif_taste_cookie,Numeric,81,81,0,100,0
1990_eatdis_salad_preload,assay-sss_calc-diff_data.csv,dif_taste_cottage_cheese,Numeric,81,81,0,100,0
1990_eatdis_salad_preload,assay-sss_calc-diff_data.csv,dif_taste_hed_salad,Numeric,81,81,0,100,0
1990_eatdis_salad_preload,assay-sss_calc-diff_data.csv,dif_taste_led_salad,Numeric,81,81,0,100,0
1990_eatdis_salad_preload,assay-sss_calc-diff_data.csv,dif_taste_snickers,Numeric,81,81,0,100,0
1990_eatdis_salad_preload,assay-sss_calc-diff_data.csv,dif_taste_turkey,Numeric,81,81,0,100,0
1990_eatdis_salad_preload,assay-sss_calc-diff_data.csv,dif_texture_apple,Numeric,81,81,0,100,0
1990_eatdis_salad_preload,assay-sss_calc-diff_data.csv,dif_texture_chips,Numeric,81,81,0,100,0
1990_eatdis_salad_preload,assay-sss_calc-diff_data.csv,dif_texture_cookie,Numeric,81,81,0,100,0
1990_eatdis_salad_preload,assay-sss_calc-diff_data.csv,dif_texture_cottage_cheese,Numeric,81,81,0,100,0
1990_eatdis_salad_preload,assay-sss_calc-diff_data.csv,dif_texture_hed_salad,Numeric,81,81,0,100,0
1990_eatdis_salad_preload,assay-sss_calc-diff_data.csv,dif_texture_led_salad,Numeric,81,81,0,100,0
1990_eatdis_salad_preload,assay-sss_calc-diff_data.csv,dif_texture_snickers,Numeric,81,81,0,100,0
1990_eatdis_salad_preload,assay-sss_calc-diff_data.csv,dif_texture_turkey,Numeric,81,81,0,100,0
1990_eatdis_salad_preload,assay-sss_calc-diff_data.csv,group,Numeric,81,81,0,100,0
1990_eatdis_salad_preload,assay-sss_calc-diff_data.csv,id,Character,81,81,0,100,0
1990_eatdis_salad_preload,assay-sss_calc-diff_data.csv,uneaten_appearance,Numeric,81,54,27,66.67,33.33
1990_eatdis_salad_preload,assay-sss_calc-diff_data.csv,uneaten_desire,Numeric,81,54,27,66.67,33.33
1990_eatdis_salad_preload,assay-sss_calc-diff_data.csv,uneaten_odor,Numeric,81,54,27,66.67,33.33
1990_eatdis_salad_preload,assay-sss_calc-diff_data.csv,uneaten_taste,Numeric,81,54,27,66.67,33.33
1990_eatdis_salad_preload,assay-sss_calc-diff_data.csv,uneaten_texture,Numeric,81,54,27,66.67,33.33
1990_sociofeed_dannys_dinner,assay-intake_data.csv,alert_post,Numeric,160,152,8,95,5
1990_sociofeed_dannys_dinner,assay-intake_data.csv,alert_pre,Numeric,160,152,8,95,5
1990_sociofeed_dannys_dinner,assay-intake_data.csv,anxiety_post,Numeric,160,152,8,95,5
1990_sociofeed_dannys_dinner,assay-intake_data.csv,anxiety_pre,Numeric,160,152,8,95,5
1990_sociofeed_dannys_dinner,assay-intake_data.csv,cho_perc_cal,Numeric,160,160,0,100,0
1990_sociofeed_dannys_dinner,assay-intake_data.csv,cond,Categorical,160,160,0,100,0
1990_sociofeed_dannys_dinner,assay-intake_data.csv,cookie,Numeric,160,160,0,100,0
1990_sociofeed_dannys_dinner,assay-intake_data.csv,cookie_cal,Numeric,160,160,0,100,0
1990_sociofeed_dannys_dinner,assay-intake_data.csv,cookie_cho,Numeric,160,160,0,100,0
1990_sociofeed_dannys_dinner,assay-intake_data.csv,cookie_fat,Numeric,160,160,0,100,0
1990_sociofeed_dannys_dinner,assay-intake_data.csv,cookie_pro,Numeric,160,160,0,100,0
1990_sociofeed_dannys_dinner,assay-intake_data.csv,cucumber,Numeric,160,160,0,100,0
1990_sociofeed_dannys_dinner,assay-intake_data.csv,cucumber_cal,Numeric,160,160,0,100,0
1990_sociofeed_dannys_dinner,assay-intake_data.csv,cucumber_cho,Numeric,160,160,0,100,0
1990_sociofeed_dannys_dinner,assay-intake_data.csv,cucumber_fat,Numeric,160,160,0,100,0
1990_sociofeed_dannys_dinner,assay-intake_data.csv,cucumber_pro,Numeric,160,160,0,100,0
1990_sociofeed_dannys_dinner,assay-intake_data.csv,dressing,Numeric,160,160,0,100,0
1990_sociofeed_dannys_dinner,assay-intake_data.csv,dressing_cal,Numeric,160,160,0,100,0
1990_sociofeed_dannys_dinner,assay-intake_data.csv,dressing_cho,Numeric,160,160,0,100,0
1990_sociofeed_dannys_dinner,assay-intake_data.csv,dressing_fat,Numeric,160,160,0,100,0
1990_sociofeed_dannys_dinner,assay-intake_data.csv,dressing_pro,Numeric,160,160,0,100,0
1990_sociofeed_dannys_dinner,assay-intake_data.csv,dsrt_cal,Numeric,160,160,0,100,0
1990_sociofeed_dannys_dinner,assay-intake_data.csv,dsrt_cho,Numeric,160,160,0,100,0
1990_sociofeed_dannys_dinner,assay-intake_data.csv,dsrt_fat,Numeric,160,160,0,100,0
1990_sociofeed_dannys_dinner,assay-intake_data.csv,dsrt_perc_din,Numeric,160,160,0,100,0
1990_sociofeed_dannys_dinner,assay-intake_data.csv,dsrt_pro,Numeric,160,160,0,100,0
1990_sociofeed_dannys_dinner,assay-intake_data.csv,fat_perc_cal,Numeric,160,160,0,100,0
1990_sociofeed_dannys_dinner,assay-intake_data.csv,friend,Numeric,160,160,0,100,0
1990_sociofeed_dannys_dinner,assay-intake_data.csv,fullness_post,Numeric,160,151,9,94.38,5.62
1990_sociofeed_dannys_dinner,assay-intake_data.csv,fullness_pre,Numeric,160,152,8,95,5
1990_sociofeed_dannys_dinner,assay-intake_data.csv,hunger_post,Numeric,160,152,8,95,5
1990_sociofeed_dannys_dinner,assay-intake_data.csv,hunger_pre,Numeric,160,152,8,95,5
1990_sociofeed_dannys_dinner,assay-intake_data.csv,icecream,Numeric,160,160,0,100,0
1990_sociofeed_dannys_dinner,assay-intake_data.csv,icecream_cal,Numeric,160,160,0,100,0
1990_sociofeed_dannys_dinner,assay-intake_data.csv,icecream_cho,Numeric,160,160,0,100,0
1990_sociofeed_dannys_dinner,assay-intake_data.csv,icecream_fat,Numeric,160,160,0,100,0
1990_sociofeed_dannys_dinner,assay-intake_data.csv,icecream_pro,Numeric,160,160,0,100,0
1990_sociofeed_dannys_dinner,assay-intake_data.csv,id,Character,160,160,0,100,0
1990_sociofeed_dannys_dinner,assay-intake_data.csv,lettuce,Numeric,160,160,0,100,0
1990_sociofeed_dannys_dinner,assay-intake_data.csv,lettuce_cal,Numeric,160,160,0,100,0
1990_sociofeed_dannys_dinner,assay-intake_data.csv,lettuce_cho,Numeric,160,160,0,100,0
1990_sociofeed_dannys_dinner,assay-intake_data.csv,lettuce_fat,Numeric,160,160,0,100,0
1990_sociofeed_dannys_dinner,assay-intake_data.csv,lettuce_pro,Numeric,160,160,0,100,0
1990_sociofeed_dannys_dinner,assay-intake_data.csv,lowcal_dressing,Numeric,160,160,0,100,0
1990_sociofeed_dannys_dinner,assay-intake_data.csv,lowcal_dressing_cal,Numeric,160,160,0,100,0
1990_sociofeed_dannys_dinner,assay-intake_data.csv,lowcal_dressing_cho,Numeric,160,160,0,100,0
1990_sociofeed_dannys_dinner,assay-intake_data.csv,lowcal_dressing_fat,Numeric,160,160,0,100,0
1990_sociofeed_dannys_dinner,assay-intake_data.csv,lowcal_dressing_pro,Numeric,160,160,0,100,0
1990_sociofeed_dannys_dinner,assay-intake_data.csv,margarine,Numeric,160,160,0,100,0
1990_sociofeed_dannys_dinner,assay-intake_data.csv,margarine_cal,Numeric,160,160,0,100,0
1990_sociofeed_dannys_dinner,assay-intake_data.csv,margarine_cho,Numeric,160,160,0,100,0
1990_sociofeed_dannys_dinner,assay-intake_data.csv,margarine_fat,Numeric,160,160,0,100,0
1990_sociofeed_dannys_dinner,assay-intake_data.csv,margarine_pro,Numeric,160,160,0,100,0
1990_sociofeed_dannys_dinner,assay-intake_data.csv,meat_sauce,Numeric,160,160,0,100,0
1990_sociofeed_dannys_dinner,assay-intake_data.csv,meat_sauce_cal,Numeric,160,160,0,100,0
1990_sociofeed_dannys_dinner,assay-intake_data.csv,meat_sauce_cho,Numeric,160,160,0,100,0
1990_sociofeed_dannys_dinner,assay-intake_data.csv,meat_sauce_fat,Numeric,160,160,0,100,0
1990_sociofeed_dannys_dinner,assay-intake_data.csv,meat_sauce_pro,Numeric,160,160,0,100,0
1990_sociofeed_dannys_dinner,assay-intake_data.csv,nauseous_post,Numeric,160,152,8,95,5
1990_sociofeed_dannys_dinner,assay-intake_data.csv,nauseous_pre,Numeric,160,149,11,93.12,6.88
1990_sociofeed_dannys_dinner,assay-intake_data.csv,pro_perc_cal,Numeric,160,160,0,100,0
1990_sociofeed_dannys_dinner,assay-intake_data.csv,prosp_cons_post,Numeric,160,152,8,95,5
1990_sociofeed_dannys_dinner,assay-intake_data.csv,prosp_cons_pre,Numeric,160,151,9,94.38,5.62
1990_sociofeed_dannys_dinner,assay-intake_data.csv,relaxed_post,Numeric,160,152,8,95,5
1990_sociofeed_dannys_dinner,assay-intake_data.csv,relaxed_pre,Numeric,160,151,9,94.38,5.62
1990_sociofeed_dannys_dinner,assay-intake_data.csv,rest,Numeric,160,136,24,85,15
1990_sociofeed_dannys_dinner,assay-intake_data.csv,roll,Numeric,160,160,0,100,0
1990_sociofeed_dannys_dinner,assay-intake_data.csv,roll_cal,Numeric,160,160,0,100,0
1990_sociofeed_dannys_dinner,assay-intake_data.csv,roll_cho,Numeric,160,160,0,100,0
1990_sociofeed_dannys_dinner,assay-intake_data.csv,roll_fat,Numeric,160,160,0,100,0
1990_sociofeed_dannys_dinner,assay-intake_data.csv,roll_pro,Numeric,160,160,0,100,0
1990_sociofeed_dannys_dinner,assay-intake_data.csv,sesnum,Numeric,160,152,8,95,5
1990_sociofeed_dannys_dinner,assay-intake_data.csv,sex,Numeric,160,160,0,100,0
1990_sociofeed_dannys_dinner,assay-intake_data.csv,sleepy_post,Numeric,160,149,11,93.12,6.88
1990_sociofeed_dannys_dinner,assay-intake_data.csv,sleepy_pre,Numeric,160,147,13,91.88,8.12
1990_sociofeed_dannys_dinner,assay-intake_data.csv,sorbet,Numeric,160,160,0,100,0
1990_sociofeed_dannys_dinner,assay-intake_data.csv,sorbet_cal,Numeric,160,160,0,100,0
1990_sociofeed_dannys_dinner,assay-intake_data.csv,sorbet_cho,Numeric,160,160,0,100,0
1990_sociofeed_dannys_dinner,assay-intake_data.csv,sorbet_fat,Numeric,160,160,0,100,0
1990_sociofeed_dannys_dinner,assay-intake_data.csv,sorbet_pro,Numeric,160,160,0,100,0
1990_sociofeed_dannys_dinner,assay-intake_data.csv,spaghetti,Numeric,160,160,0,100,0
1990_sociofeed_dannys_dinner,assay-intake_data.csv,spaghetti_cal,Numeric,160,160,0,100,0
1990_sociofeed_dannys_dinner,assay-intake_data.csv,spaghetti_cho,Numeric,160,160,0,100,0
1990_sociofeed_dannys_dinner,assay-intake_data.csv,spaghetti_fat,Numeric,160,160,0,100,0
1990_sociofeed_dannys_dinner,assay-intake_data.csv,spaghetti_pro,Numeric,160,160,0,100,0
1990_sociofeed_dannys_dinner,assay-intake_data.csv,tense_post,Numeric,160,152,8,95,5
1990_sociofeed_dannys_dinner,assay-intake_data.csv,tense_pre,Numeric,160,151,9,94.38,5.62
1990_sociofeed_dannys_dinner,assay-intake_data.csv,thirst_post,Numeric,160,152,8,95,5
1990_sociofeed_dannys_dinner,assay-intake_data.csv,thirst_pre,Numeric,160,152,8,95,5
1990_sociofeed_dannys_dinner,assay-intake_data.csv,time,Numeric,160,160,0,100,0
1990_sociofeed_dannys_dinner,assay-intake_data.csv,tomato,Numeric,160,160,0,100,0
1990_sociofeed_dannys_dinner,assay-intake_data.csv,tomato_cal,Numeric,160,160,0,100,0
1990_sociofeed_dannys_dinner,assay-intake_data.csv,tomato_cho,Numeric,160,160,0,100,0
1990_sociofeed_dannys_dinner,assay-intake_data.csv,tomato_fat,Numeric,160,160,0,100,0
1990_sociofeed_dannys_dinner,assay-intake_data.csv,tomato_pro,Numeric,160,160,0,100,0
1990_sociofeed_dannys_dinner,assay-intake_data.csv,total_cal,Numeric,160,160,0,100,0
1990_sociofeed_dannys_dinner,assay-intake_data.csv,total_cho,Numeric,160,160,0,100,0
1990_sociofeed_dannys_dinner,assay-intake_data.csv,total_cho_cal,Numeric,160,160,0,100,0
1990_sociofeed_dannys_dinner,assay-intake_data.csv,total_fat,Numeric,160,160,0,100,0
1990_sociofeed_dannys_dinner,assay-intake_data.csv,total_fat_cal,Numeric,160,160,0,100,0
1990_sociofeed_dannys_dinner,assay-intake_data.csv,total_pro,Numeric,160,160,0,100,0
1990_sociofeed_dannys_dinner,assay-intake_data.csv,total_pro_cal,Numeric,160,160,0,100,0
1990_sociofeed_dannys_dinner,assay-intake_data.csv,veg_sauce,Numeric,160,160,0,100,0
1990_sociofeed_dannys_dinner,assay-intake_data.csv,veg_sauce_cal,Numeric,160,160,0,100,0
1990_sociofeed_dannys_dinner,assay-intake_data.csv,veg_sauce_cho,Numeric,160,160,0,100,0
1990_sociofeed_dannys_dinner,assay-intake_data.csv,veg_sauce_fat,Numeric,160,160,0,100,0
1990_sociofeed_dannys_dinner,assay-intake_data.csv,veg_sauce_pro,Numeric,160,160,0,100,0
1990_sociofeed_dannys_dinner,assay-intake_data.csv,water,Numeric,160,160,0,100,0
1990_sss_age_yogurt,assay-demo_data.csv,agegroup,Numeric,96,96,0,100,0
1990_sss_age_yogurt,assay-demo_data.csv,bmi,Numeric,96,96,0,100,0
1990_sss_age_yogurt,assay-demo_data.csv,cvd_risk,Numeric,96,96,0,100,0
1990_sss_age_yogurt,assay-demo_data.csv,dentures,Numeric,96,96,0,100,0
1990_sss_age_yogurt,assay-demo_data.csv,eat,Numeric,96,96,0,100,0
1990_sss_age_yogurt,assay-demo_data.csv,ei,Numeric,96,96,0,100,0
1990_sss_age_yogurt,assay-demo_data.csv,eisc,Numeric,96,96,0,100,0
1990_sss_age_yogurt,assay-demo_data.csv,id,Character,96,96,0,100,0
1990_sss_age_yogurt,assay-demo_data.csv,lsi,Numeric,96,96,0,100,0
1990_sss_age_yogurt,assay-demo_data.csv,meds,Numeric,96,96,0,100,0
1990_sss_age_yogurt,assay-demo_data.csv,session,Numeric,96,96,0,100,0
1990_sss_age_yogurt,assay-demo_data.csv,sex,Numeric,96,96,0,100,0
1990_sss_age_yogurt,assay-demo_data.csv,upsitsc,Numeric,96,96,0,100,0
1990_sss_age_yogurt,assay-demo_data.csv,zung,Numeric,96,96,0,100,0
1990_sss_age_yogurt,assay-foodpref_data.csv,agegroup,Numeric,96,96,0,100,0
1990_sss_age_yogurt,assay-foodpref_data.csv,banana_freq_eat,Numeric,96,95,1,98.96,1.04
1990_sss_age_yogurt,assay-foodpref_data.csv,banana_like_change,Numeric,96,95,1,98.96,1.04
1990_sss_age_yogurt,assay-foodpref_data.csv,banana_perc_cal,Numeric,96,95,1,98.96,1.04
1990_sss_age_yogurt,assay-foodpref_data.csv,banana_taste,Numeric,96,95,1,98.96,1.04
1990_sss_age_yogurt,assay-foodpref_data.csv,bologna_freq_eat,Numeric,96,93,3,96.88,3.12
1990_sss_age_yogurt,assay-foodpref_data.csv,bologna_like_change,Numeric,96,93,3,96.88,3.12
1990_sss_age_yogurt,assay-foodpref_data.csv,bologna_perc_cal,Numeric,96,93,3,96.88,3.12
1990_sss_age_yogurt,assay-foodpref_data.csv,bologna_taste,Numeric,96,93,3,96.88,3.12
1990_sss_age_yogurt,assay-foodpref_data.csv,broccoli_freq_eat,Numeric,96,95,1,98.96,1.04
1990_sss_age_yogurt,assay-foodpref_data.csv,broccoli_like_change,Numeric,96,95,1,98.96,1.04
1990_sss_age_yogurt,assay-foodpref_data.csv,broccoli_perc_cal,Numeric,96,95,1,98.96,1.04
1990_sss_age_yogurt,assay-foodpref_data.csv,broccoli_taste,Numeric,96,95,1,98.96,1.04
1990_sss_age_yogurt,assay-foodpref_data.csv,celery_freq_eat,Numeric,96,95,1,98.96,1.04
1990_sss_age_yogurt,assay-foodpref_data.csv,celery_like_change,Numeric,96,95,1,98.96,1.04
1990_sss_age_yogurt,assay-foodpref_data.csv,celery_perc_cal,Numeric,96,95,1,98.96,1.04
1990_sss_age_yogurt,assay-foodpref_data.csv,celery_taste,Numeric,96,95,1,98.96,1.04
1990_sss_age_yogurt,assay-foodpref_data.csv,cheddar_freq_eat,Numeric,96,95,1,98.96,1.04
1990_sss_age_yogurt,assay-foodpref_data.csv,cheddar_like_change,Numeric,96,95,1,98.96,1.04
1990_sss_age_yogurt,assay-foodpref_data.csv,cheddar_perc_cal,Numeric,96,95,1,98.96,1.04
1990_sss_age_yogurt,assay-foodpref_data.csv,cheddar_taste,Numeric,96,95,1,98.96,1.04
1990_sss_age_yogurt,assay-foodpref_data.csv,cheeseburger_freq_eat,Numeric,96,96,0,100,0
1990_sss_age_yogurt,assay-foodpref_data.csv,cheeseburger_like_change,Numeric,96,94,2,97.92,2.08
1990_sss_age_yogurt,assay-foodpref_data.csv,cheeseburger_perc_cal,Numeric,96,96,0,100,0
1990_sss_age_yogurt,assay-foodpref_data.csv,cheeseburger_taste,Numeric,96,95,1,98.96,1.04
1990_sss_age_yogurt,assay-foodpref_data.csv,cherry_pie_freq_eat,Numeric,96,93,3,96.88,3.12
1990_sss_age_yogurt,assay-foodpref_data.csv,cherry_pie_like_change,Numeric,96,93,3,96.88,3.12
1990_sss_age_yogurt,assay-foodpref_data.csv,cherry_pie_perc_cal,Numeric,96,93,3,96.88,3.12
1990_sss_age_yogurt,assay-foodpref_data.csv,cherry_pie_taste,Numeric,96,93,3,96.88,3.12
1990_sss_age_yogurt,assay-foodpref_data.csv,choc_icecream_freq_eat,Numeric,96,96,0,100,0
1990_sss_age_yogurt,assay-foodpref_data.csv,choc_icecream_like_change,Numeric,96,96,0,100,0
1990_sss_age_yogurt,assay-foodpref_data.csv,choc_icecream_perc_cal,Numeric,96,96,0,100,0
1990_sss_age_yogurt,assay-foodpref_data.csv,choc_icecream_taste,Numeric,96,96,0,100,0
1990_sss_age_yogurt,assay-foodpref_data.csv,cinn_roll_freq_eat,Numeric,96,95,1,98.96,1.04
1990_sss_age_yogurt,assay-foodpref_data.csv,cinn_roll_like_change,Numeric,96,95,1,98.96,1.04
1990_sss_age_yogurt,assay-foodpref_data.csv,cinn_roll_perc_cal,Numeric,96,95,1,98.96,1.04
1990_sss_age_yogurt,assay-foodpref_data.csv,cinn_roll_taste,Numeric,96,95,1,98.96,1.04
1990_sss_age_yogurt,assay-foodpref_data.csv,cucumber_freq_eat,Numeric,96,95,1,98.96,1.04
1990_sss_age_yogurt,assay-foodpref_data.csv,cucumber_like_change,Numeric,96,95,1,98.96,1.04
1990_sss_age_yogurt,assay-foodpref_data.csv,cucumber_perc_cal,Numeric,96,95,1,98.96,1.04
1990_sss_age_yogurt,assay-foodpref_data.csv,cucumber_taste,Numeric,96,95,1,98.96,1.04
1990_sss_age_yogurt,assay-foodpref_data.csv,diet_cola_freq_eat,Numeric,96,87,9,90.62,9.38
1990_sss_age_yogurt,assay-foodpref_data.csv,diet_cola_like_change,Numeric,96,87,9,90.62,9.38
1990_sss_age_yogurt,assay-foodpref_data.csv,diet_cola_perc_cal,Numeric,96,87,9,90.62,9.38
1990_sss_age_yogurt,assay-foodpref_data.csv,diet_cola_taste,Numeric,96,88,8,91.67,8.33
1990_sss_age_yogurt,assay-foodpref_data.csv,fries_freq_eat,Numeric,96,93,3,96.88,3.12
1990_sss_age_yogurt,assay-foodpref_data.csv,fries_like_change,Numeric,96,93,3,96.88,3.12
1990_sss_age_yogurt,assay-foodpref_data.csv,fries_perc_cal,Numeric,96,93,3,96.88,3.12
1990_sss_age_yogurt,assay-foodpref_data.csv,fries_taste,Numeric,96,93,3,96.88,3.12
1990_sss_age_yogurt,assay-foodpref_data.csv,gingerbread_freq_eat,Numeric,96,92,4,95.83,4.17
1990_sss_age_yogurt,assay-foodpref_data.csv,gingerbread_like_change,Numeric,96,92,4,95.83,4.17
1990_sss_age_yogurt,assay-foodpref_data.csv,gingerbread_perc_cal,Numeric,96,92,4,95.83,4.17
1990_sss_age_yogurt,assay-foodpref_data.csv,gingerbread_taste,Numeric,96,92,4,95.83,4.17
1990_sss_age_yogurt,assay-foodpref_data.csv,grape_freq_eat,Numeric,96,96,0,100,0
1990_sss_age_yogurt,assay-foodpref_data.csv,grape_like_change,Numeric,96,96,0,100,0
1990_sss_age_yogurt,assay-foodpref_data.csv,grape_perc_cal,Numeric,96,96,0,100,0
1990_sss_age_yogurt,assay-foodpref_data.csv,grape_taste,Numeric,96,96,0,100,0
1990_sss_age_yogurt,assay-foodpref_data.csv,grapefruit_juice_freq_eat,Numeric,96,92,4,95.83,4.17
1990_sss_age_yogurt,assay-foodpref_data.csv,grapefruit_juice_like_change,Numeric,96,92,4,95.83,4.17
1990_sss_age_yogurt,assay-foodpref_data.csv,grapefruit_juice_perc_cal,Numeric,96,92,4,95.83,4.17
1990_sss_age_yogurt,assay-foodpref_data.csv,grapefruit_juice_taste,Numeric,96,92,4,95.83,4.17
1990_sss_age_yogurt,assay-foodpref_data.csv,id,Character,96,96,0,100,0
1990_sss_age_yogurt,assay-foodpref_data.csv,jello_freq_eat,Numeric,96,89,7,92.71,7.29
1990_sss_age_yogurt,assay-foodpref_data.csv,jello_like_change,Numeric,96,88,8,91.67,8.33
1990_sss_age_yogurt,assay-foodpref_data.csv,jello_perc_cal,Numeric,96,89,7,92.71,7.29
1990_sss_age_yogurt,assay-foodpref_data.csv,jello_taste,Numeric,96,89,7,92.71,7.29
1990_sss_age_yogurt,assay-foodpref_data.csv,lemon_pie_freq_eat,Numeric,96,90,6,93.75,6.25
1990_sss_age_yogurt,assay-foodpref_data.csv,lemon_pie_like_change,Numeric,96,90,6,93.75,6.25
1990_sss_age_yogurt,assay-foodpref_data.csv,lemon_pie_perc_cal,Numeric,96,90,6,93.75,6.25
1990_sss_age_yogurt,assay-foodpref_data.csv,lemon_pie_taste,Numeric,96,90,6,93.75,6.25
1990_sss_age_yogurt,assay-foodpref_data.csv,lowf_cotcheese_freq_eat,Numeric,96,84,12,87.5,12.5
1990_sss_age_yogurt,assay-foodpref_data.csv,lowf_cotcheese_like_change,Numeric,96,84,12,87.5,12.5
1990_sss_age_yogurt,assay-foodpref_data.csv,lowf_cotcheese_perc_cal,Numeric,96,84,12,87.5,12.5
1990_sss_age_yogurt,assay-foodpref_data.csv,lowf_cotcheese_taste,Numeric,96,84,12,87.5,12.5
1990_sss_age_yogurt,assay-foodpref_data.csv,onion_ring_freq_eat,Numeric,96,93,3,96.88,3.12
1990_sss_age_yogurt,assay-foodpref_data.csv,onion_ring_like_change,Numeric,96,93,3,96.88,3.12
1990_sss_age_yogurt,assay-foodpref_data.csv,onion_ring_perc_cal,Numeric,96,93,3,96.88,3.12
1990_sss_age_yogurt,assay-foodpref_data.csv,onion_ring_taste,Numeric,96,93,3,96.88,3.12
1990_sss_age_yogurt,assay-foodpref_data.csv,orange_freq_eat,Numeric,96,94,2,97.92,2.08
1990_sss_age_yogurt,assay-foodpref_data.csv,orange_like_change,Numeric,96,94,2,97.92,2.08
1990_sss_age_yogurt,assay-foodpref_data.csv,orange_perc_cal,Numeric,96,94,2,97.92,2.08
1990_sss_age_yogurt,assay-foodpref_data.csv,orange_taste,Numeric,96,94,2,97.92,2.08
1990_sss_age_yogurt,assay-foodpref_data.csv,peach_freq_eat,Numeric,96,94,2,97.92,2.08
1990_sss_age_yogurt,assay-foodpref_data.csv,peach_like_change,Numeric,96,94,2,97.92,2.08
1990_sss_age_yogurt,assay-foodpref_data.csv,peach_perc_cal,Numeric,96,94,2,97.92,2.08
1990_sss_age_yogurt,assay-foodpref_data.csv,peach_taste,Numeric,96,94,2,97.92,2.08
1990_sss_age_yogurt,assay-foodpref_data.csv,peanut_freq_eat,Numeric,96,95,1,98.96,1.04
1990_sss_age_yogurt,assay-foodpref_data.csv,peanut_like_change,Numeric,96,96,0,100,0
1990_sss_age_yogurt,assay-foodpref_data.csv,peanut_perc_cal,Numeric,96,96,0,100,0
1990_sss_age_yogurt,assay-foodpref_data.csv,peanut_taste,Numeric,96,96,0,100,0
1990_sss_age_yogurt,assay-foodpref_data.csv,pickle_freq_eat,Numeric,96,93,3,96.88,3.12
1990_sss_age_yogurt,assay-foodpref_data.csv,pickle_like_change,Numeric,96,93,3,96.88,3.12
1990_sss_age_yogurt,assay-foodpref_data.csv,pickle_perc_cal,Numeric,96,93,3,96.88,3.12
1990_sss_age_yogurt,assay-foodpref_data.csv,pickle_taste,Numeric,96,93,3,96.88,3.12
1990_sss_age_yogurt,assay-foodpref_data.csv,pineapple_freq_eat,Numeric,96,94,2,97.92,2.08
1990_sss_age_yogurt,assay-foodpref_data.csv,pineapple_like_change,Numeric,96,94,2,97.92,2.08
1990_sss_age_yogurt,assay-foodpref_data.csv,pineapple_perc_cal,Numeric,96,94,2,97.92,2.08
1990_sss_age_yogurt,assay-foodpref_data.csv,pineapple_taste,Numeric,96,94,2,97.92,2.08
1990_sss_age_yogurt,assay-foodpref_data.csv,pizza_freq_eat,Numeric,96,95,1,98.96,1.04
1990_sss_age_yogurt,assay-foodpref_data.csv,pizza_like_change,Numeric,96,95,1,98.96,1.04
1990_sss_age_yogurt,assay-foodpref_data.csv,pizza_perc_cal,Numeric,96,95,1,98.96,1.04
1990_sss_age_yogurt,assay-foodpref_data.csv,pizza_taste,Numeric,96,94,2,97.92,2.08
1990_sss_age_yogurt,assay-foodpref_data.csv,potato_chip_freq_eat,Numeric,96,94,2,97.92,2.08
1990_sss_age_yogurt,assay-foodpref_data.csv,potato_chip_like_change,Numeric,96,94,2,97.92,2.08
1990_sss_age_yogurt,assay-foodpref_data.csv,potato_chip_perc_cal,Numeric,96,94,2,97.92,2.08
1990_sss_age_yogurt,assay-foodpref_data.csv,potato_chip_taste,Numeric,96,94,2,97.92,2.08
1990_sss_age_yogurt,assay-foodpref_data.csv,salad_freq_eat,Numeric,96,95,1,98.96,1.04
1990_sss_age_yogurt,assay-foodpref_data.csv,salad_like_change,Numeric,96,95,1,98.96,1.04
1990_sss_age_yogurt,assay-foodpref_data.csv,salad_perc_cal,Numeric,96,95,1,98.96,1.04
1990_sss_age_yogurt,assay-foodpref_data.csv,salad_taste,Numeric,96,95,1,98.96,1.04
1990_sss_age_yogurt,assay-foodpref_data.csv,session,Numeric,96,90,6,93.75,6.25
1990_sss_age_yogurt,assay-foodpref_data.csv,sex,Numeric,96,96,0,100,0
1990_sss_age_yogurt,assay-foodpref_data.csv,skim_milk_freq_eat,Numeric,96,86,10,89.58,10.42
1990_sss_age_yogurt,assay-foodpref_data.csv,skim_milk_like_change,Numeric,96,86,10,89.58,10.42
1990_sss_age_yogurt,assay-foodpref_data.csv,skim_milk_perc_cal,Numeric,96,86,10,89.58,10.42
1990_sss_age_yogurt,assay-foodpref_data.csv,skim_milk_taste,Numeric,96,86,10,89.58,10.42
1990_sss_age_yogurt,assay-foodpref_data.csv,strawberry_freq_eat,Numeric,96,96,0,100,0
1990_sss_age_yogurt,assay-foodpref_data.csv,strawberry_like_change,Numeric,96,96,0,100,0
1990_sss_age_yogurt,assay-foodpref_data.csv,strawberry_perc_cal,Numeric,96,96,0,100,0
1990_sss_age_yogurt,assay-foodpref_data.csv,strawberry_taste,Numeric,96,96,0,100,0
1990_sss_age_yogurt,assay-foodpref_data.csv,tbone_steak_freq_eat,Numeric,96,93,3,96.88,3.12
1990_sss_age_yogurt,assay-foodpref_data.csv,tbone_steak_like_change,Numeric,96,93,3,96.88,3.12
1990_sss_age_yogurt,assay-foodpref_data.csv,tbone_steak_perc_cal,Numeric,96,93,3,96.88,3.12
1990_sss_age_yogurt,assay-foodpref_data.csv,tbone_steak_taste,Numeric,96,93,3,96.88,3.12
1990_sss_age_yogurt,assay-foodpref_data.csv,watermelon_freq_eat,Numeric,96,94,2,97.92,2.08
1990_sss_age_yogurt,assay-foodpref_data.csv,watermelon_like_change,Numeric,96,94,2,97.92,2.08
1990_sss_age_yogurt,assay-foodpref_data.csv,watermelon_perc_cal,Numeric,96,94,2,97.92,2.08
1990_sss_age_yogurt,assay-foodpref_data.csv,watermelon_taste,Numeric,96,94,2,97.92,2.08
1990_sss_age_yogurt,assay-foodpref_data.csv,wheat_bread_freq_eat,Numeric,96,95,1,98.96,1.04
1990_sss_age_yogurt,assay-foodpref_data.csv,wheat_bread_like_change,Numeric,96,95,1,98.96,1.04
1990_sss_age_yogurt,assay-foodpref_data.csv,wheat_bread_perc_cal,Numeric,96,95,1,98.96,1.04
1990_sss_age_yogurt,assay-foodpref_data.csv,wheat_bread_taste,Numeric,96,95,1,98.96,1.04
1990_sss_age_yogurt,assay-sss_data.csv,agegroup,Numeric,192,192,0,100,0
1990_sss_age_yogurt,assay-sss_data.csv,amtyogurt,Numeric,192,192,0,100,0
1990_sss_age_yogurt,assay-sss_data.csv,appearance_carrot_post,Numeric,192,192,0,100,0
1990_sss_age_yogurt,assay-sss_data.csv,appearance_carrot_pre,Numeric,192,192,0,100,0
1990_sss_age_yogurt,assay-sss_data.csv,appearance_cracker_post,Numeric,192,192,0,100,0
1990_sss_age_yogurt,assay-sss_data.csv,appearance_cracker_pre,Numeric,192,192,0,100,0
1990_sss_age_yogurt,assay-sss_data.csv,appearance_pretzel_post,Numeric,192,192,0,100,0
1990_sss_age_yogurt,assay-sss_data.csv,appearance_pretzel_pre,Numeric,192,192,0,100,0
1990_sss_age_yogurt,assay-sss_data.csv,appearance_tuna_post,Numeric,192,192,0,100,0
1990_sss_age_yogurt,assay-sss_data.csv,appearance_tuna_pre,Numeric,192,192,0,100,0
1990_sss_age_yogurt,assay-sss_data.csv,appearance_yogurt_post,Numeric,192,191,1,99.48,0.52
1990_sss_age_yogurt,assay-sss_data.csv,appearance_yogurt_pre,Numeric,192,192,0,100,0
1990_sss_age_yogurt,assay-sss_data.csv,desire_carrot_post,Numeric,192,192,0,100,0
1990_sss_age_yogurt,assay-sss_data.csv,desire_carrot_pre,Numeric,192,192,0,100,0
1990_sss_age_yogurt,assay-sss_data.csv,desire_cracker_post,Numeric,192,192,0,100,0
1990_sss_age_yogurt,assay-sss_data.csv,desire_cracker_pre,Numeric,192,191,1,99.48,0.52
1990_sss_age_yogurt,assay-sss_data.csv,desire_eat_post,Numeric,192,189,3,98.44,1.56
1990_sss_age_yogurt,assay-sss_data.csv,desire_eat_pre,Numeric,192,186,6,96.88,3.12
1990_sss_age_yogurt,assay-sss_data.csv,desire_pretzel_post,Numeric,192,192,0,100,0
1990_sss_age_yogurt,assay-sss_data.csv,desire_pretzel_pre,Numeric,192,192,0,100,0
1990_sss_age_yogurt,assay-sss_data.csv,desire_tuna_post,Numeric,192,192,0,100,0
1990_sss_age_yogurt,assay-sss_data.csv,desire_tuna_pre,Numeric,192,192,0,100,0
1990_sss_age_yogurt,assay-sss_data.csv,desire_yogurt_post,Numeric,192,192,0,100,0
1990_sss_age_yogurt,assay-sss_data.csv,desire_yogurt_pre,Numeric,192,191,1,99.48,0.52
1990_sss_age_yogurt,assay-sss_data.csv,dif_appearance,Numeric,192,192,0,100,0
1990_sss_age_yogurt,assay-sss_data.csv,dif_appearance_carrot,Numeric,192,192,0,100,0
1990_sss_age_yogurt,assay-sss_data.csv,dif_appearance_cracker,Numeric,192,192,0,100,0
1990_sss_age_yogurt,assay-sss_data.csv,dif_appearance_pretzel,Numeric,192,192,0,100,0
1990_sss_age_yogurt,assay-sss_data.csv,dif_appearance_tuna,Numeric,192,192,0,100,0
1990_sss_age_yogurt,assay-sss_data.csv,dif_appearance_yogurt,Numeric,192,192,0,100,0
1990_sss_age_yogurt,assay-sss_data.csv,dif_desire,Numeric,192,192,0,100,0
1990_sss_age_yogurt,assay-sss_data.csv,dif_desire_carrot,Numeric,192,192,0,100,0
1990_sss_age_yogurt,assay-sss_data.csv,dif_desire_cracker,Numeric,192,192,0,100,0
1990_sss_age_yogurt,assay-sss_data.csv,dif_desire_eat,Numeric,192,187,5,97.4,2.6
1990_sss_age_yogurt,assay-sss_data.csv,dif_desire_pretzel,Numeric,192,192,0,100,0
1990_sss_age_yogurt,assay-sss_data.csv,dif_desire_tuna,Numeric,192,192,0,100,0
1990_sss_age_yogurt,assay-sss_data.csv,dif_desire_yogurt,Numeric,192,192,0,100,0
1990_sss_age_yogurt,assay-sss_data.csv,dif_fullness,Numeric,192,192,0,100,0
1990_sss_age_yogurt,assay-sss_data.csv,dif_hunger,Numeric,192,192,0,100,0
1990_sss_age_yogurt,assay-sss_data.csv,dif_mouthdry,Numeric,192,192,0,100,0
1990_sss_age_yogurt,assay-sss_data.csv,dif_nauseous,Numeric,192,190,2,98.96,1.04
1990_sss_age_yogurt,assay-sss_data.csv,dif_odor,Numeric,192,192,0,100,0
1990_sss_age_yogurt,assay-sss_data.csv,dif_odor_carrot,Numeric,192,192,0,100,0
1990_sss_age_yogurt,assay-sss_data.csv,dif_odor_cracker,Numeric,192,192,0,100,0
1990_sss_age_yogurt,assay-sss_data.csv,dif_odor_pretzel,Numeric,192,192,0,100,0
1990_sss_age_yogurt,assay-sss_data.csv,dif_odor_tuna,Numeric,192,192,0,100,0
1990_sss_age_yogurt,assay-sss_data.csv,dif_odor_yogurt,Numeric,192,192,0,100,0
1990_sss_age_yogurt,assay-sss_data.csv,dif_taste,Numeric,192,192,0,100,0
1990_sss_age_yogurt,assay-sss_data.csv,dif_taste_carrot,Numeric,192,192,0,100,0
1990_sss_age_yogurt,assay-sss_data.csv,dif_taste_cracker,Numeric,192,192,0,100,0
1990_sss_age_yogurt,assay-sss_data.csv,dif_taste_pretzel,Numeric,192,192,0,100,0
1990_sss_age_yogurt,assay-sss_data.csv,dif_taste_tuna,Numeric,192,192,0,100,0
1990_sss_age_yogurt,assay-sss_data.csv,dif_taste_yogurt,Numeric,192,192,0,100,0
1990_sss_age_yogurt,assay-sss_data.csv,dif_texture,Numeric,192,192,0,100,0
1990_sss_age_yogurt,assay-sss_data.csv,dif_texture_carrot,Numeric,192,192,0,100,0
1990_sss_age_yogurt,assay-sss_data.csv,dif_texture_cracker,Numeric,192,192,0,100,0
1990_sss_age_yogurt,assay-sss_data.csv,dif_texture_pretzel,Numeric,192,192,0,100,0
1990_sss_age_yogurt,assay-sss_data.csv,dif_texture_tuna,Numeric,192,192,0,100,0
1990_sss_age_yogurt,assay-sss_data.csv,dif_texture_yogurt,Numeric,192,192,0,100,0
1990_sss_age_yogurt,assay-sss_data.csv,dif_thirst,Numeric,192,191,1,99.48,0.52
1990_sss_age_yogurt,assay-sss_data.csv,expt,Numeric,192,192,0,100,0
1990_sss_age_yogurt,assay-sss_data.csv,fullness_post,Numeric,192,192,0,100,0
1990_sss_age_yogurt,assay-sss_data.csv,fullness_pre,Numeric,192,192,0,100,0
1990_sss_age_yogurt,assay-sss_data.csv,hunger_post,Numeric,192,191,1,99.48,0.52
1990_sss_age_yogurt,assay-sss_data.csv,hunger_pre,Numeric,192,192,0,100,0
1990_sss_age_yogurt,assay-sss_data.csv,id,Character,192,192,0,100,0
1990_sss_age_yogurt,assay-sss_data.csv,mouthdry_post,Numeric,192,192,0,100,0
1990_sss_age_yogurt,assay-sss_data.csv,mouthdry_pre,Numeric,192,192,0,100,0
1990_sss_age_yogurt,assay-sss_data.csv,nauseous_post,Numeric,192,192,0,100,0
1990_sss_age_yogurt,assay-sss_data.csv,nauseous_pre,Numeric,192,190,2,98.96,1.04
1990_sss_age_yogurt,assay-sss_data.csv,odor_carrot_post,Numeric,192,192,0,100,0
1990_sss_age_yogurt,assay-sss_data.csv,odor_carrot_pre,Numeric,192,192,0,100,0
1990_sss_age_yogurt,assay-sss_data.csv,odor_cracker_post,Numeric,192,192,0,100,0
1990_sss_age_yogurt,assay-sss_data.csv,odor_cracker_pre,Numeric,192,191,1,99.48,0.52
1990_sss_age_yogurt,assay-sss_data.csv,odor_pretzel_post,Numeric,192,192,0,100,0
1990_sss_age_yogurt,assay-sss_data.csv,odor_pretzel_pre,Numeric,192,191,1,99.48,0.52
1990_sss_age_yogurt,assay-sss_data.csv,odor_tuna_post,Numeric,192,192,0,100,0
1990_sss_age_yogurt,assay-sss_data.csv,odor_tuna_pre,Numeric,192,192,0,100,0
1990_sss_age_yogurt,assay-sss_data.csv,odor_yogurt_post,Numeric,192,192,0,100,0
1990_sss_age_yogurt,assay-sss_data.csv,odor_yogurt_pre,Numeric,192,192,0,100,0
1990_sss_age_yogurt,assay-sss_data.csv,session,Numeric,192,192,0,100,0
1990_sss_age_yogurt,assay-sss_data.csv,sex,Numeric,192,192,0,100,0
1990_sss_age_yogurt,assay-sss_data.csv,taste_carrot_post,Numeric,192,192,0,100,0
1990_sss_age_yogurt,assay-sss_data.csv,taste_carrot_pre,Numeric,192,192,0,100,0
1990_sss_age_yogurt,assay-sss_data.csv,taste_cracker_post,Numeric,192,192,0,100,0
1990_sss_age_yogurt,assay-sss_data.csv,taste_cracker_pre,Numeric,192,192,0,100,0
1990_sss_age_yogurt,assay-sss_data.csv,taste_pretzel_post,Numeric,192,192,0,100,0
1990_sss_age_yogurt,assay-sss_data.csv,taste_pretzel_pre,Numeric,192,192,0,100,0
1990_sss_age_yogurt,assay-sss_data.csv,taste_tuna_post,Numeric,192,192,0,100,0
1990_sss_age_yogurt,assay-sss_data.csv,taste_tuna_pre,Numeric,192,192,0,100,0
1990_sss_age_yogurt,assay-sss_data.csv,taste_yogurt_post,Numeric,192,192,0,100,0
1990_sss_age_yogurt,assay-sss_data.csv,taste_yogurt_pre,Numeric,192,192,0,100,0
1990_sss_age_yogurt,assay-sss_data.csv,texture_carrot_post,Numeric,192,192,0,100,0
1990_sss_age_yogurt,assay-sss_data.csv,texture_carrot_pre,Numeric,192,192,0,100,0
1990_sss_age_yogurt,assay-sss_data.csv,texture_cracker_post,Numeric,192,192,0,100,0
1990_sss_age_yogurt,assay-sss_data.csv,texture_cracker_pre,Numeric,192,191,1,99.48,0.52
1990_sss_age_yogurt,assay-sss_data.csv,texture_pretzel_post,Numeric,192,192,0,100,0
1990_sss_age_yogurt,assay-sss_data.csv,texture_pretzel_pre,Numeric,192,192,0,100,0
1990_sss_age_yogurt,assay-sss_data.csv,texture_tuna_post,Numeric,192,192,0,100,0
1990_sss_age_yogurt,assay-sss_data.csv,texture_tuna_pre,Numeric,192,192,0,100,0
1990_sss_age_yogurt,assay-sss_data.csv,texture_yogurt_post,Numeric,192,192,0,100,0
1990_sss_age_yogurt,assay-sss_data.csv,texture_yogurt_pre,Numeric,192,192,0,100,0
1990_sss_age_yogurt,assay-sss_data.csv,thirst_post,Numeric,192,192,0,100,0
1990_sss_age_yogurt,assay-sss_data.csv,thirst_pre,Numeric,192,191,1,99.48,0.52
1990_sss_age_yogurt,assay-sss_data.csv,time,Numeric,192,185,7,96.35,3.65
1990_sss_age_yogurt,assay-sss_data.csv,uneat_appearance,Numeric,192,192,0,100,0
1990_sss_age_yogurt,assay-sss_data.csv,uneat_desire,Numeric,192,192,0,100,0
1990_sss_age_yogurt,assay-sss_data.csv,uneat_odor,Numeric,192,192,0,100,0
1990_sss_age_yogurt,assay-sss_data.csv,uneat_taste,Numeric,192,192,0,100,0
1990_sss_age_yogurt,assay-sss_data.csv,uneat_texture,Numeric,192,192,0,100,0
1990_sss_age_yogurt,assay-upsit_data.csv,agegroup,Numeric,96,96,0,100,0
1990_sss_age_yogurt,assay-upsit_data.csv,id,Character,96,96,0,100,0
1990_sss_age_yogurt,assay-upsit_data.csv,sex,Numeric,96,96,0,100,0
1990_sss_age_yogurt,assay-upsit_data.csv,smell_1,Numeric,96,96,0,100,0
1990_sss_age_yogurt,assay-upsit_data.csv,smell_10,Numeric,96,95,1,98.96,1.04
1990_sss_age_yogurt,assay-upsit_data.csv,smell_11,Numeric,96,96,0,100,0
1990_sss_age_yogurt,assay-upsit_data.csv,smell_12,Numeric,96,96,0,100,0
1990_sss_age_yogurt,assay-upsit_data.csv,smell_13,Numeric,96,95,1,98.96,1.04
1990_sss_age_yogurt,assay-upsit_data.csv,smell_14,Numeric,96,96,0,100,0
1990_sss_age_yogurt,assay-upsit_data.csv,smell_15,Numeric,96,93,3,96.88,3.12
1990_sss_age_yogurt,assay-upsit_data.csv,smell_16,Numeric,96,96,0,100,0
1990_sss_age_yogurt,assay-upsit_data.csv,smell_17,Numeric,96,96,0,100,0
1990_sss_age_yogurt,assay-upsit_data.csv,smell_18,Numeric,96,96,0,100,0
1990_sss_age_yogurt,assay-upsit_data.csv,smell_19,Numeric,96,96,0,100,0
1990_sss_age_yogurt,assay-upsit_data.csv,smell_2,Numeric,96,96,0,100,0
1990_sss_age_yogurt,assay-upsit_data.csv,smell_20,Numeric,96,96,0,100,0
1990_sss_age_yogurt,assay-upsit_data.csv,smell_21,Numeric,96,96,0,100,0
1990_sss_age_yogurt,assay-upsit_data.csv,smell_22,Numeric,96,96,0,100,0
1990_sss_age_yogurt,assay-upsit_data.csv,smell_23,Numeric,96,96,0,100,0
1990_sss_age_yogurt,assay-upsit_data.csv,smell_24,Numeric,96,96,0,100,0
1990_sss_age_yogurt,assay-upsit_data.csv,smell_25,Numeric,96,95,1,98.96,1.04
1990_sss_age_yogurt,assay-upsit_data.csv,smell_26,Numeric,96,96,0,100,0
1990_sss_age_yogurt,assay-upsit_data.csv,smell_27,Numeric,96,96,0,100,0
1990_sss_age_yogurt,assay-upsit_data.csv,smell_28,Numeric,96,96,0,100,0
1990_sss_age_yogurt,assay-upsit_data.csv,smell_29,Numeric,96,96,0,100,0
1990_sss_age_yogurt,assay-upsit_data.csv,smell_3,Numeric,96,96,0,100,0
1990_sss_age_yogurt,assay-upsit_data.csv,smell_30,Numeric,96,95,1,98.96,1.04
1990_sss_age_yogurt,assay-upsit_data.csv,smell_31,Numeric,96,96,0,100,0
1990_sss_age_yogurt,assay-upsit_data.csv,smell_32,Numeric,96,96,0,100,0
1990_sss_age_yogurt,assay-upsit_data.csv,smell_33,Numeric,96,96,0,100,0
1990_sss_age_yogurt,assay-upsit_data.csv,smell_34,Numeric,96,95,1,98.96,1.04
1990_sss_age_yogurt,assay-upsit_data.csv,smell_35,Numeric,96,96,0,100,0
1990_sss_age_yogurt,assay-upsit_data.csv,smell_36,Numeric,96,96,0,100,0
1990_sss_age_yogurt,assay-upsit_data.csv,smell_37,Numeric,96,96,0,100,0
1990_sss_age_yogurt,assay-upsit_data.csv,smell_38,Numeric,96,96,0,100,0
1990_sss_age_yogurt,assay-upsit_data.csv,smell_39,Numeric,96,96,0,100,0
1990_sss_age_yogurt,assay-upsit_data.csv,smell_4,Numeric,96,96,0,100,0
1990_sss_age_yogurt,assay-upsit_data.csv,smell_40,Numeric,96,96,0,100,0
1990_sss_age_yogurt,assay-upsit_data.csv,smell_5,Numeric,96,95,1,98.96,1.04
1990_sss_age_yogurt,assay-upsit_data.csv,smell_6,Numeric,96,95,1,98.96,1.04
1990_sss_age_yogurt,assay-upsit_data.csv,smell_7,Numeric,96,96,0,100,0
1990_sss_age_yogurt,assay-upsit_data.csv,smell_8,Numeric,96,96,0,100,0
1990_sss_age_yogurt,assay-upsit_data.csv,smell_9,Numeric,96,96,0,100,0
1990_sss_age_yogurt,assay-upsit_data.csv,upsitsc,Numeric,96,96,0,100,0
1991_eatdis,assay-demo_data.csv,age,Numeric,180,172,8,95.56,4.44
1991_eatdis,assay-demo_data.csv,bmi,Numeric,180,43,137,23.89,76.11
1991_eatdis,assay-demo_data.csv,cafeteria_study,Numeric,180,86,94,47.78,52.22
1991_eatdis,assay-demo_data.csv,foodpref_study,Numeric,180,140,40,77.78,22.22
1991_eatdis,assay-demo_data.csv,group,Numeric,180,180,0,100,0
1991_eatdis,assay-demo_data.csv,group_anr_split,Numeric,180,142,38,78.89,21.11
1991_eatdis,assay-demo_data.csv,hospital_stay_wks,Numeric,180,52,128,28.89,71.11
1991_eatdis,assay-demo_data.csv,id,Character,180,180,0,100,0
1991_eatdis,assay-demo_data.csv,illness_dur,Numeric,180,166,14,92.22,7.78
1991_eatdis,assay-demo_data.csv,perc_ideal_bw,Numeric,180,158,22,87.78,12.22
1991_eatdis,assay-demo_data.csv,race,Numeric,180,86,94,47.78,52.22
1991_eatdis,assay-demo_data.csv,smell_study,Numeric,180,142,38,78.89,21.11
1991_eatdis,assay-demo_data.csv,timepoint,Numeric,180,180,0,100,0
1991_eatdis,assay-questionnaire_data.csv,eat,Numeric,172,172,0,100,0
1991_eatdis,assay-questionnaire_data.csv,edi,Numeric,172,86,86,50,50
1991_eatdis,assay-questionnaire_data.csv,edi_body_dissat,Numeric,172,62,110,36.05,63.95
1991_eatdis,assay-questionnaire_data.csv,edi_bulimia,Numeric,172,62,110,36.05,63.95
1991_eatdis,assay-questionnaire_data.csv,edi_distrust,Numeric,172,20,152,11.63,88.37
1991_eatdis,assay-questionnaire_data.csv,edi_ineffectiveness,Numeric,172,20,152,11.63,88.37
1991_eatdis,assay-questionnaire_data.csv,edi_intero_aware,Numeric,172,20,152,11.63,88.37
1991_eatdis,assay-questionnaire_data.csv,edi_mature_fears,Numeric,172,20,152,11.63,88.37
1991_eatdis,assay-questionnaire_data.csv,edi_perfectionism,Numeric,172,20,152,11.63,88.37
1991_eatdis,assay-questionnaire_data.csv,edi_thinness,Numeric,172,86,86,50,50
1991_eatdis,assay-questionnaire_data.csv,ei_cog_restraint,Numeric,172,78,94,45.35,54.65
1991_eatdis,assay-questionnaire_data.csv,ei_disinhibit,Numeric,172,78,94,45.35,54.65
1991_eatdis,assay-questionnaire_data.csv,ei_hunger,Numeric,172,78,94,45.35,54.65
1991_eatdis,assay-questionnaire_data.csv,group,Numeric,172,172,0,100,0
1991_eatdis,assay-questionnaire_data.csv,id,Character,172,172,0,100,0
1991_eatdis,assay-questionnaire_data.csv,timepoint,Numeric,172,172,0,100,0
1991_eatdis,study-cafeteria_assay-intake_data.csv,alert_dif,Numeric,86,86,0,100,0
1991_eatdis,study-cafeteria_assay-intake_data.csv,alert_post,Numeric,86,86,0,100,0
1991_eatdis,study-cafeteria_assay-intake_data.csv,alert_pre,Numeric,86,86,0,100,0
1991_eatdis,study-cafeteria_assay-intake_data.csv,anxious_dif,Numeric,86,86,0,100,0
1991_eatdis,study-cafeteria_assay-intake_data.csv,anxious_post,Numeric,86,86,0,100,0
1991_eatdis,study-cafeteria_assay-intake_data.csv,anxious_pre,Numeric,86,86,0,100,0
1991_eatdis,study-cafeteria_assay-intake_data.csv,binge_desire_dif,Numeric,86,86,0,100,0
1991_eatdis,study-cafeteria_assay-intake_data.csv,binge_desire_post,Numeric,86,86,0,100,0
1991_eatdis,study-cafeteria_assay-intake_data.csv,binge_desire_pre,Numeric,86,86,0,100,0
1991_eatdis,study-cafeteria_assay-intake_data.csv,bloated_dif,Numeric,86,86,0,100,0
1991_eatdis,study-cafeteria_assay-intake_data.csv,bloated_post,Numeric,86,86,0,100,0
1991_eatdis,study-cafeteria_assay-intake_data.csv,bloated_pre,Numeric,86,86,0,100,0
1991_eatdis,study-cafeteria_assay-intake_data.csv,calm_dif,Numeric,86,86,0,100,0
1991_eatdis,study-cafeteria_assay-intake_data.csv,calm_post,Numeric,86,86,0,100,0
1991_eatdis,study-cafeteria_assay-intake_data.csv,calm_pre,Numeric,86,86,0,100,0
1991_eatdis,study-cafeteria_assay-intake_data.csv,content_dif,Numeric,86,86,0,100,0
1991_eatdis,study-cafeteria_assay-intake_data.csv,content_post,Numeric,86,86,0,100,0
1991_eatdis,study-cafeteria_assay-intake_data.csv,content_pre,Numeric,86,86,0,100,0
1991_eatdis,study-cafeteria_assay-intake_data.csv,depressed_dif,Numeric,86,86,0,100,0
1991_eatdis,study-cafeteria_assay-intake_data.csv,depressed_post,Numeric,86,86,0,100,0
1991_eatdis,study-cafeteria_assay-intake_data.csv,depressed_pre,Numeric,86,86,0,100,0
1991_eatdis,study-cafeteria_assay-intake_data.csv,desire_dif,Numeric,86,86,0,100,0
1991_eatdis,study-cafeteria_assay-intake_data.csv,desire_post,Numeric,86,86,0,100,0
1991_eatdis,study-cafeteria_assay-intake_data.csv,desire_pre,Numeric,86,86,0,100,0
1991_eatdis,study-cafeteria_assay-intake_data.csv,drowsy_dif,Numeric,86,86,0,100,0
1991_eatdis,study-cafeteria_assay-intake_data.csv,drowsy_post,Numeric,86,86,0,100,0
1991_eatdis,study-cafeteria_assay-intake_data.csv,drowsy_pre,Numeric,86,86,0,100,0
1991_eatdis,study-cafeteria_assay-intake_data.csv,fear_fat_dif,Numeric,86,86,0,100,0
1991_eatdis,study-cafeteria_assay-intake_data.csv,fear_fat_post,Numeric,86,86,0,100,0
1991_eatdis,study-cafeteria_assay-intake_data.csv,fear_fat_pre,Numeric,86,86,0,100,0
1991_eatdis,study-cafeteria_assay-intake_data.csv,fullness_dif,Numeric,86,86,0,100,0
1991_eatdis,study-cafeteria_assay-intake_data.csv,fullness_post,Numeric,86,86,0,100,0
1991_eatdis,study-cafeteria_assay-intake_data.csv,fullness_pre,Numeric,86,86,0,100,0
1991_eatdis,study-cafeteria_assay-intake_data.csv,g_cho,Numeric,86,86,0,100,0
1991_eatdis,study-cafeteria_assay-intake_data.csv,g_fat,Numeric,86,86,0,100,0
1991_eatdis,study-cafeteria_assay-intake_data.csv,g_pro,Numeric,86,86,0,100,0
1991_eatdis,study-cafeteria_assay-intake_data.csv,group,Numeric,86,86,0,100,0
1991_eatdis,study-cafeteria_assay-intake_data.csv,guilt_dif,Numeric,86,86,0,100,0
1991_eatdis,study-cafeteria_assay-intake_data.csv,guilt_post,Numeric,86,86,0,100,0
1991_eatdis,study-cafeteria_assay-intake_data.csv,guilt_pre,Numeric,86,86,0,100,0
1991_eatdis,study-cafeteria_assay-intake_data.csv,hunger_dif,Numeric,86,86,0,100,0
1991_eatdis,study-cafeteria_assay-intake_data.csv,hunger_post,Numeric,86,86,0,100,0
1991_eatdis,study-cafeteria_assay-intake_data.csv,hunger_pre,Numeric,86,86,0,100,0
1991_eatdis,study-cafeteria_assay-intake_data.csv,id,Character,86,86,0,100,0
1991_eatdis,study-cafeteria_assay-intake_data.csv,mgca,Numeric,86,86,0,100,0
1991_eatdis,study-cafeteria_assay-intake_data.csv,much_eat_dif,Numeric,86,86,0,100,0
1991_eatdis,study-cafeteria_assay-intake_data.csv,much_eat_post,Numeric,86,86,0,100,0
1991_eatdis,study-cafeteria_assay-intake_data.csv,much_eat_pre,Numeric,86,86,0,100,0
1991_eatdis,study-cafeteria_assay-intake_data.csv,perc_cal_cho,Numeric,86,86,0,100,0
1991_eatdis,study-cafeteria_assay-intake_data.csv,perc_cal_fat,Numeric,86,86,0,100,0
1991_eatdis,study-cafeteria_assay-intake_data.csv,perc_cal_pro,Numeric,86,86,0,100,0
1991_eatdis,study-cafeteria_assay-intake_data.csv,purge_desire_dif,Numeric,86,86,0,100,0
1991_eatdis,study-cafeteria_assay-intake_data.csv,purge_desire_post,Numeric,86,86,0,100,0
1991_eatdis,study-cafeteria_assay-intake_data.csv,purge_desire_pre,Numeric,86,86,0,100,0
1991_eatdis,study-cafeteria_assay-intake_data.csv,relaxed_dif,Numeric,86,86,0,100,0
1991_eatdis,study-cafeteria_assay-intake_data.csv,relaxed_post,Numeric,86,86,0,100,0
1991_eatdis,study-cafeteria_assay-intake_data.csv,relaxed_pre,Numeric,86,86,0,100,0
1991_eatdis,study-cafeteria_assay-intake_data.csv,tense_dif,Numeric,86,86,0,100,0
1991_eatdis,study-cafeteria_assay-intake_data.csv,tense_post,Numeric,86,86,0,100,0
1991_eatdis,study-cafeteria_assay-intake_data.csv,tense_pre,Numeric,86,86,0,100,0
1991_eatdis,study-cafeteria_assay-intake_data.csv,thirst_dif,Numeric,86,86,0,100,0
1991_eatdis,study-cafeteria_assay-intake_data.csv,thirst_post,Numeric,86,86,0,100,0
1991_eatdis,study-cafeteria_assay-intake_data.csv,thirst_pre,Numeric,86,86,0,100,0
1991_eatdis,study-cafeteria_assay-intake_data.csv,time,Numeric,86,86,0,100,0
1991_eatdis,study-cafeteria_assay-intake_data.csv,timepoint,Numeric,86,86,0,100,0
1991_eatdis,study-cafeteria_assay-intake_data.csv,total_g,Numeric,86,85,1,98.84,1.16
1991_eatdis,study-cafeteria_assay-intake_data.csv,total_kcal,Numeric,86,86,0,100,0
1991_eatdis,study-cafeteria_calc-timedif_data.csv,eat_tdif,Numeric,43,43,0,100,0
1991_eatdis,study-cafeteria_calc-timedif_data.csv,g_cho_tdif,Numeric,43,43,0,100,0
1991_eatdis,study-cafeteria_calc-timedif_data.csv,g_fat_tdif,Numeric,43,43,0,100,0
1991_eatdis,study-cafeteria_calc-timedif_data.csv,g_pro_tdif,Numeric,43,43,0,100,0
1991_eatdis,study-cafeteria_calc-timedif_data.csv,group,Numeric,43,43,0,100,0
1991_eatdis,study-cafeteria_calc-timedif_data.csv,id,Character,43,43,0,100,0
1991_eatdis,study-cafeteria_calc-timedif_data.csv,more_g_cho,Numeric,43,43,0,100,0
1991_eatdis,study-cafeteria_calc-timedif_data.csv,more_g_fat,Numeric,43,43,0,100,0
1991_eatdis,study-cafeteria_calc-timedif_data.csv,more_g_pro,Numeric,43,43,0,100,0
1991_eatdis,study-cafeteria_calc-timedif_data.csv,more_p_cho,Numeric,43,43,0,100,0
1991_eatdis,study-cafeteria_calc-timedif_data.csv,more_p_fat,Numeric,43,43,0,100,0
1991_eatdis,study-cafeteria_calc-timedif_data.csv,more_p_pro,Numeric,43,43,0,100,0
1991_eatdis,study-cafeteria_calc-timedif_data.csv,p_cho_tdif,Numeric,43,43,0,100,0
1991_eatdis,study-cafeteria_calc-timedif_data.csv,p_fat_tdif,Numeric,43,43,0,100,0
1991_eatdis,study-cafeteria_calc-timedif_data.csv,p_pro_tdif,Numeric,43,43,0,100,0
1991_eatdis,study-cafeteria_calc-timedif_data.csv,perc_ideal_bw_tdif,Numeric,43,43,0,100,0
1991_eatdis,study-foodpref_assay-foodq_data.csv,baked_potato_eat,Numeric,140,140,0,100,0
1991_eatdis,study-foodpref_assay-foodq_data.csv,baked_potato_like,Numeric,140,140,0,100,0
1991_eatdis,study-foodpref_assay-foodq_data.csv,banana_eat,Numeric,140,139,1,99.29,0.71
1991_eatdis,study-foodpref_assay-foodq_data.csv,banana_like,Numeric,140,139,1,99.29,0.71
1991_eatdis,study-foodpref_assay-foodq_data.csv,berry_yogurt_eat,Numeric,140,139,1,99.29,0.71
1991_eatdis,study-foodpref_assay-foodq_data.csv,berry_yogurt_like,Numeric,140,139,1,99.29,0.71
1991_eatdis,study-foodpref_assay-foodq_data.csv,boiled_egg_eat,Numeric,140,138,2,98.57,1.43
1991_eatdis,study-foodpref_assay-foodq_data.csv,boiled_egg_like,Numeric,140,138,2,98.57,1.43
1991_eatdis,study-foodpref_assay-foodq_data.csv,bologna_eat,Numeric,140,134,6,95.71,4.29
1991_eatdis,study-foodpref_assay-foodq_data.csv,bologna_like,Numeric,140,134,6,95.71,4.29
1991_eatdis,study-foodpref_assay-foodq_data.csv,broccoli_eat,Numeric,140,139,1,99.29,0.71
1991_eatdis,study-foodpref_assay-foodq_data.csv,broccoli_like,Numeric,140,139,1,99.29,0.71
1991_eatdis,study-foodpref_assay-foodq_data.csv,celery_eat,Numeric,140,140,0,100,0
1991_eatdis,study-foodpref_assay-foodq_data.csv,celery_like,Numeric,140,140,0,100,0
1991_eatdis,study-foodpref_assay-foodq_data.csv,cheddar_cheese_eat,Numeric,140,137,3,97.86,2.14
1991_eatdis,study-foodpref_assay-foodq_data.csv,cheddar_cheese_like,Numeric,140,137,3,97.86,2.14
1991_eatdis,study-foodpref_assay-foodq_data.csv,cheese_burger_eat,Numeric,140,137,3,97.86,2.14
1991_eatdis,study-foodpref_assay-foodq_data.csv,cheese_burger_like,Numeric,140,137,3,97.86,2.14
1991_eatdis,study-foodpref_assay-foodq_data.csv,cherry_pie_eat,Numeric,140,140,0,100,0
1991_eatdis,study-foodpref_assay-foodq_data.csv,cherry_pie_like,Numeric,140,140,0,100,0
1991_eatdis,study-foodpref_assay-foodq_data.csv,choc_icecream_eat,Numeric,140,136,4,97.14,2.86
1991_eatdis,study-foodpref_assay-foodq_data.csv,choc_icecream_like,Numeric,140,136,4,97.14,2.86
1991_eatdis,study-foodpref_assay-foodq_data.csv,cinnamon_roll_eat,Numeric,140,138,2,98.57,1.43
1991_eatdis,study-foodpref_assay-foodq_data.csv,cinnamon_roll_like,Numeric,140,138,2,98.57,1.43
1991_eatdis,study-foodpref_assay-foodq_data.csv,coconut_eat,Numeric,140,140,0,100,0
1991_eatdis,study-foodpref_assay-foodq_data.csv,coconut_like,Numeric,140,140,0,100,0
1991_eatdis,study-foodpref_assay-foodq_data.csv,coleslaw_eat,Numeric,140,139,1,99.29,0.71
1991_eatdis,study-foodpref_assay-foodq_data.csv,coleslaw_like,Numeric,140,139,1,99.29,0.71
1991_eatdis,study-foodpref_assay-foodq_data.csv,cottage_cheese_eat,Numeric,140,138,2,98.57,1.43
1991_eatdis,study-foodpref_assay-foodq_data.csv,cottage_cheese_like,Numeric,140,138,2,98.57,1.43
1991_eatdis,study-foodpref_assay-foodq_data.csv,cucumber_eat,Numeric,140,139,1,99.29,0.71
1991_eatdis,study-foodpref_assay-foodq_data.csv,cucumber_like,Numeric,140,139,1,99.29,0.71
1991_eatdis,study-foodpref_assay-foodq_data.csv,diet_cola_eat,Numeric,140,139,1,99.29,0.71
1991_eatdis,study-foodpref_assay-foodq_data.csv,diet_cola_like,Numeric,140,139,1,99.29,0.71
1991_eatdis,study-foodpref_assay-foodq_data.csv,dill_pickle_eat,Numeric,140,140,0,100,0
1991_eatdis,study-foodpref_assay-foodq_data.csv,dill_pickle_like,Numeric,140,140,0,100,0
1991_eatdis,study-foodpref_assay-foodq_data.csv,french_fries_eat,Numeric,140,140,0,100,0
1991_eatdis,study-foodpref_assay-foodq_data.csv,french_fries_like,Numeric,140,140,0,100,0
1991_eatdis,study-foodpref_assay-foodq_data.csv,fried_egg_eat,Numeric,140,140,0,100,0
1991_eatdis,study-foodpref_assay-foodq_data.csv,fried_egg_like,Numeric,140,140,0,100,0
1991_eatdis,study-foodpref_assay-foodq_data.csv,fruit_punch_eat,Numeric,140,139,1,99.29,0.71
1991_eatdis,study-foodpref_assay-foodq_data.csv,fruit_punch_like,Numeric,140,139,1,99.29,0.71
1991_eatdis,study-foodpref_assay-foodq_data.csv,gingerbread_eat,Numeric,140,138,2,98.57,1.43
1991_eatdis,study-foodpref_assay-foodq_data.csv,gingerbread_like,Numeric,140,138,2,98.57,1.43
1991_eatdis,study-foodpref_assay-foodq_data.csv,grape_eat,Numeric,140,140,0,100,0
1991_eatdis,study-foodpref_assay-foodq_data.csv,grape_like,Numeric,140,140,0,100,0
1991_eatdis,study-foodpref_assay-foodq_data.csv,grapefruit_juice_eat,Numeric,140,138,2,98.57,1.43
1991_eatdis,study-foodpref_assay-foodq_data.csv,grapefruit_juice_like,Numeric,140,138,2,98.57,1.43
1991_eatdis,study-foodpref_assay-foodq_data.csv,group,Numeric,140,140,0,100,0
1991_eatdis,study-foodpref_assay-foodq_data.csv,id,Character,140,140,0,100,0
1991_eatdis,study-foodpref_assay-foodq_data.csv,jello_eat,Numeric,140,137,3,97.86,2.14
1991_eatdis,study-foodpref_assay-foodq_data.csv,jello_like,Numeric,140,137,3,97.86,2.14
1991_eatdis,study-foodpref_assay-foodq_data.csv,lemon_pie_eat,Numeric,140,137,3,97.86,2.14
1991_eatdis,study-foodpref_assay-foodq_data.csv,lemon_pie_like,Numeric,140,137,3,97.86,2.14
1991_eatdis,study-foodpref_assay-foodq_data.csv,licorice_eat,Numeric,140,139,1,99.29,0.71
1991_eatdis,study-foodpref_assay-foodq_data.csv,licorice_like,Numeric,140,139,1,99.29,0.71
1991_eatdis,study-foodpref_assay-foodq_data.csv,lime_sherbet_eat,Numeric,140,139,1,99.29,0.71
1991_eatdis,study-foodpref_assay-foodq_data.csv,lime_sherbet_like,Numeric,140,139,1,99.29,0.71
1991_eatdis,study-foodpref_assay-foodq_data.csv,melba_toast_eat,Numeric,140,137,3,97.86,2.14
1991_eatdis,study-foodpref_assay-foodq_data.csv,melba_toast_like,Numeric,140,137,3,97.86,2.14
1991_eatdis,study-foodpref_assay-foodq_data.csv,onion_rings_eat,Numeric,140,139,1,99.29,0.71
1991_eatdis,study-foodpref_assay-foodq_data.csv,onion_rings_like,Numeric,140,139,1,99.29,0.71
1991_eatdis,study-foodpref_assay-foodq_data.csv,oranges_eat,Numeric,140,140,0,100,0
1991_eatdis,study-foodpref_assay-foodq_data.csv,oranges_like,Numeric,140,140,0,100,0
1991_eatdis,study-foodpref_assay-foodq_data.csv,peaches_eat,Numeric,140,139,1,99.29,0.71
1991_eatdis,study-foodpref_assay-foodq_data.csv,peaches_like,Numeric,140,139,1,99.29,0.71
1991_eatdis,study-foodpref_assay-foodq_data.csv,peanuts_eat,Numeric,140,140,0,100,0
1991_eatdis,study-foodpref_assay-foodq_data.csv,peanuts_like,Numeric,140,140,0,100,0
1991_eatdis,study-foodpref_assay-foodq_data.csv,pineapple_eat,Numeric,140,138,2,98.57,1.43
1991_eatdis,study-foodpref_assay-foodq_data.csv,pineapple_like,Numeric,140,138,2,98.57,1.43
1991_eatdis,study-foodpref_assay-foodq_data.csv,pizza_eat,Numeric,140,140,0,100,0
1991_eatdis,study-foodpref_assay-foodq_data.csv,pizza_like,Numeric,140,139,1,99.29,0.71
1991_eatdis,study-foodpref_assay-foodq_data.csv,popcorn_eat,Numeric,140,139,1,99.29,0.71
1991_eatdis,study-foodpref_assay-foodq_data.csv,popcorn_like,Numeric,140,139,1,99.29,0.71
1991_eatdis,study-foodpref_assay-foodq_data.csv,potato_chip_eat,Numeric,140,139,1,99.29,0.71
1991_eatdis,study-foodpref_assay-foodq_data.csv,potato_chip_like,Numeric,140,139,1,99.29,0.71
1991_eatdis,study-foodpref_assay-foodq_data.csv,rice_eat,Numeric,140,139,1,99.29,0.71
1991_eatdis,study-foodpref_assay-foodq_data.csv,rice_like,Numeric,140,139,1,99.29,0.71
1991_eatdis,study-foodpref_assay-foodq_data.csv,root_beer_eat,Numeric,140,139,1,99.29,0.71
1991_eatdis,study-foodpref_assay-foodq_data.csv,root_beer_like,Numeric,140,139,1,99.29,0.71
1991_eatdis,study-foodpref_assay-foodq_data.csv,salad_eat,Numeric,140,138,2,98.57,1.43
1991_eatdis,study-foodpref_assay-foodq_data.csv,salad_like,Numeric,140,138,2,98.57,1.43
1991_eatdis,study-foodpref_assay-foodq_data.csv,salmon_eat,Numeric,140,140,0,100,0
1991_eatdis,study-foodpref_assay-foodq_data.csv,salmon_like,Numeric,140,140,0,100,0
1991_eatdis,study-foodpref_assay-foodq_data.csv,skim_milk_eat,Numeric,140,138,2,98.57,1.43
1991_eatdis,study-foodpref_assay-foodq_data.csv,skim_milk_like,Numeric,140,138,2,98.57,1.43
1991_eatdis,study-foodpref_assay-foodq_data.csv,steak_eat,Numeric,140,138,2,98.57,1.43
1991_eatdis,study-foodpref_assay-foodq_data.csv,steak_like,Numeric,140,138,2,98.57,1.43
1991_eatdis,study-foodpref_assay-foodq_data.csv,strawberry_eat,Numeric,140,139,1,99.29,0.71
1991_eatdis,study-foodpref_assay-foodq_data.csv,strawberry_like,Numeric,140,139,1,99.29,0.71
1991_eatdis,study-foodpref_assay-foodq_data.csv,timepoint,Numeric,140,140,0,100,0
1991_eatdis,study-foodpref_assay-foodq_data.csv,tuna_salad_eat,Numeric,140,140,0,100,0
1991_eatdis,study-foodpref_assay-foodq_data.csv,tuna_salad_like,Numeric,140,140,0,100,0
1991_eatdis,study-foodpref_assay-foodq_data.csv,turkey_eat,Numeric,140,140,0,100,0
1991_eatdis,study-foodpref_assay-foodq_data.csv,turkey_like,Numeric,140,140,0,100,0
1991_eatdis,study-foodpref_assay-foodq_data.csv,watermelon_eat,Numeric,140,140,0,100,0
1991_eatdis,study-foodpref_assay-foodq_data.csv,watermelon_like,Numeric,140,140,0,100,0
1991_eatdis,study-foodpref_assay-foodq_data.csv,wheat_bread_eat,Numeric,140,140,0,100,0
1991_eatdis,study-foodpref_assay-foodq_data.csv,wheat_bread_like,Numeric,140,140,0,100,0
1991_eatdis,study-foodpref_assay-foodq_data.csv,whole_milk_eat,Numeric,140,137,3,97.86,2.14
1991_eatdis,study-foodpref_assay-foodq_data.csv,whole_milk_like,Numeric,140,137,3,97.86,2.14
1991_eatdis,study-foodpref_assay-foodq_data.csv,wintergreen_candy_eat,Numeric,140,139,1,99.29,0.71
1991_eatdis,study-foodpref_assay-foodq_data.csv,wintergreen_candy_like,Numeric,140,139,1,99.29,0.71
1991_eatdis,study-foodpref_calc-foodinfo_data.csv,energy_density,Numeric,50,50,0,100,0
1991_eatdis,study-foodpref_calc-foodinfo_data.csv,food,Character,50,50,0,100,0
1991_eatdis,study-foodpref_calc-foodinfo_data.csv,high_cho,Numeric,50,33,17,66,34
1991_eatdis,study-foodpref_calc-foodinfo_data.csv,high_fat,Numeric,50,33,17,66,34
1991_eatdis,study-foodpref_calc-foodinfo_data.csv,low_cho,Numeric,50,33,17,66,34
1991_eatdis,study-foodpref_calc-foodinfo_data.csv,low_fat,Numeric,50,33,17,66,34
1991_eatdis,study-foodpref_calc-preference_data.csv,group,Numeric,140,140,0,100,0
1991_eatdis,study-foodpref_calc-preference_data.csv,high_cal_eat,Numeric,140,140,0,100,0
1991_eatdis,study-foodpref_calc-preference_data.csv,high_cal_like,Numeric,140,140,0,100,0
1991_eatdis,study-foodpref_calc-preference_data.csv,high_cho_eat,Numeric,140,140,0,100,0
1991_eatdis,study-foodpref_calc-preference_data.csv,high_cho_like,Numeric,140,140,0,100,0
1991_eatdis,study-foodpref_calc-preference_data.csv,high_fat_eat,Numeric,140,140,0,100,0
1991_eatdis,study-foodpref_calc-preference_data.csv,high_fat_like,Numeric,140,140,0,100,0
1991_eatdis,study-foodpref_calc-preference_data.csv,id,Character,140,140,0,100,0
1991_eatdis,study-foodpref_calc-preference_data.csv,low_cal_eat,Numeric,140,140,0,100,0
1991_eatdis,study-foodpref_calc-preference_data.csv,low_cal_like,Numeric,140,140,0,100,0
1991_eatdis,study-foodpref_calc-preference_data.csv,low_cho_eat,Numeric,140,140,0,100,0
1991_eatdis,study-foodpref_calc-preference_data.csv,low_cho_like,Numeric,140,140,0,100,0
1991_eatdis,study-foodpref_calc-preference_data.csv,low_fat_eat,Numeric,140,140,0,100,0
1991_eatdis,study-foodpref_calc-preference_data.csv,low_fat_like,Numeric,140,140,0,100,0
1991_eatdis,study-foodpref_calc-preference_data.csv,timepoint,Numeric,140,140,0,100,0
1991_eatdis,study-smell_data.csv,age,Numeric,142,142,0,100,0
1991_eatdis,study-smell_data.csv,cigs_day,Numeric,142,46,96,32.39,67.61
1991_eatdis,study-smell_data.csv,group_anr_split,Numeric,142,142,0,100,0
1991_eatdis,study-smell_data.csv,id,Character,142,142,0,100,0
1991_eatdis,study-smell_data.csv,illness_dur,Numeric,142,108,34,76.06,23.94
1991_eatdis,study-smell_data.csv,odor_threshold,Numeric,142,142,0,100,0
1991_eatdis,study-smell_data.csv,perc_ideal_bw,Numeric,142,126,16,88.73,11.27
1991_eatdis,study-smell_data.csv,smoke,Numeric,142,142,0,100,0
1991_eatdis,study-smell_data.csv,timepoint,Numeric,142,142,0,100,0
1991_eatdis,study-smell_data.csv,upsit,Numeric,142,142,0,100,0
1991_eatdis,study-smell_data.csv,years_smoked,Numeric,142,46,96,32.39,67.61
1991_eatdis_hourly,assay-vas_data.csv,anxious_10am,Numeric,111,109,2,98.2,1.8
1991_eatdis_hourly,assay-vas_data.csv,anxious_10pm,Numeric,111,101,10,90.99,9.01
1991_eatdis_hourly,assay-vas_data.csv,anxious_11am,Numeric,111,109,2,98.2,1.8
1991_eatdis_hourly,assay-vas_data.csv,anxious_1pm,Numeric,111,104,7,93.69,6.31
1991_eatdis_hourly,assay-vas_data.csv,anxious_2pm,Numeric,111,110,1,99.1,0.9
1991_eatdis_hourly,assay-vas_data.csv,anxious_3pm,Numeric,111,108,3,97.3,2.7
1991_eatdis_hourly,assay-vas_data.csv,anxious_4pm,Numeric,111,109,2,98.2,1.8
1991_eatdis_hourly,assay-vas_data.csv,anxious_6pm,Numeric,111,104,7,93.69,6.31
1991_eatdis_hourly,assay-vas_data.csv,anxious_7pm,Numeric,111,110,1,99.1,0.9
1991_eatdis_hourly,assay-vas_data.csv,anxious_8pm,Numeric,111,108,3,97.3,2.7
1991_eatdis_hourly,assay-vas_data.csv,anxious_9am,Numeric,111,101,10,90.99,9.01
1991_eatdis_hourly,assay-vas_data.csv,anxious_9pm,Numeric,111,103,8,92.79,7.21
1991_eatdis_hourly,assay-vas_data.csv,anxious_breakfast_post,Numeric,111,106,5,95.5,4.5
1991_eatdis_hourly,assay-vas_data.csv,anxious_breakfast_pre,Numeric,111,107,4,96.4,3.6
1991_eatdis_hourly,assay-vas_data.csv,anxious_dinner_post,Numeric,111,110,1,99.1,0.9
1991_eatdis_hourly,assay-vas_data.csv,anxious_dinner_pre,Numeric,111,109,2,98.2,1.8
1991_eatdis_hourly,assay-vas_data.csv,anxious_lunch_post,Numeric,111,110,1,99.1,0.9
1991_eatdis_hourly,assay-vas_data.csv,anxious_lunch_pre,Numeric,111,108,3,97.3,2.7
1991_eatdis_hourly,assay-vas_data.csv,binge_desire_10am,Numeric,111,109,2,98.2,1.8
1991_eatdis_hourly,assay-vas_data.csv,binge_desire_10pm,Numeric,111,103,8,92.79,7.21
1991_eatdis_hourly,assay-vas_data.csv,binge_desire_11am,Numeric,111,109,2,98.2,1.8
1991_eatdis_hourly,assay-vas_data.csv,binge_desire_1pm,Numeric,111,104,7,93.69,6.31
1991_eatdis_hourly,assay-vas_data.csv,binge_desire_2pm,Numeric,111,108,3,97.3,2.7
1991_eatdis_hourly,assay-vas_data.csv,binge_desire_3pm,Numeric,111,107,4,96.4,3.6
1991_eatdis_hourly,assay-vas_data.csv,binge_desire_4pm,Numeric,111,111,0,100,0
1991_eatdis_hourly,assay-vas_data.csv,binge_desire_6pm,Numeric,111,103,8,92.79,7.21
1991_eatdis_hourly,assay-vas_data.csv,binge_desire_7pm,Numeric,111,110,1,99.1,0.9
1991_eatdis_hourly,assay-vas_data.csv,binge_desire_8pm,Numeric,111,110,1,99.1,0.9
1991_eatdis_hourly,assay-vas_data.csv,binge_desire_9am,Numeric,111,101,10,90.99,9.01
1991_eatdis_hourly,assay-vas_data.csv,binge_desire_9pm,Numeric,111,107,4,96.4,3.6
1991_eatdis_hourly,assay-vas_data.csv,binge_desire_breakfast_post,Numeric,111,108,3,97.3,2.7
1991_eatdis_hourly,assay-vas_data.csv,binge_desire_breakfast_pre,Numeric,111,106,5,95.5,4.5
1991_eatdis_hourly,assay-vas_data.csv,binge_desire_dinner_post,Numeric,111,110,1,99.1,0.9
1991_eatdis_hourly,assay-vas_data.csv,binge_desire_dinner_pre,Numeric,111,110,1,99.1,0.9
1991_eatdis_hourly,assay-vas_data.csv,binge_desire_lunch_post,Numeric,111,110,1,99.1,0.9
1991_eatdis_hourly,assay-vas_data.csv,binge_desire_lunch_pre,Numeric,111,110,1,99.1,0.9
1991_eatdis_hourly,assay-vas_data.csv,depressed_10am,Numeric,111,108,3,97.3,2.7
1991_eatdis_hourly,assay-vas_data.csv,depressed_10pm,Numeric,111,103,8,92.79,7.21
1991_eatdis_hourly,assay-vas_data.csv,depressed_11am,Numeric,111,109,2,98.2,1.8
1991_eatdis_hourly,assay-vas_data.csv,depressed_1pm,Numeric,111,103,8,92.79,7.21
1991_eatdis_hourly,assay-vas_data.csv,depressed_2pm,Numeric,111,109,2,98.2,1.8
1991_eatdis_hourly,assay-vas_data.csv,depressed_3pm,Numeric,111,109,2,98.2,1.8
1991_eatdis_hourly,assay-vas_data.csv,depressed_4pm,Numeric,111,110,1,99.1,0.9
1991_eatdis_hourly,assay-vas_data.csv,depressed_6pm,Numeric,111,104,7,93.69,6.31
1991_eatdis_hourly,assay-vas_data.csv,depressed_7pm,Numeric,111,109,2,98.2,1.8
1991_eatdis_hourly,assay-vas_data.csv,depressed_8pm,Numeric,111,110,1,99.1,0.9
1991_eatdis_hourly,assay-vas_data.csv,depressed_9am,Numeric,111,101,10,90.99,9.01
1991_eatdis_hourly,assay-vas_data.csv,depressed_9pm,Numeric,111,107,4,96.4,3.6
1991_eatdis_hourly,assay-vas_data.csv,depressed_breakfast_post,Numeric,111,108,3,97.3,2.7
1991_eatdis_hourly,assay-vas_data.csv,depressed_breakfast_pre,Numeric,111,106,5,95.5,4.5
1991_eatdis_hourly,assay-vas_data.csv,depressed_dinner_post,Numeric,111,110,1,99.1,0.9
1991_eatdis_hourly,assay-vas_data.csv,depressed_dinner_pre,Numeric,111,111,0,100,0
1991_eatdis_hourly,assay-vas_data.csv,depressed_lunch_post,Numeric,111,110,1,99.1,0.9
1991_eatdis_hourly,assay-vas_data.csv,depressed_lunch_pre,Numeric,111,110,1,99.1,0.9
1991_eatdis_hourly,assay-vas_data.csv,fear_fat_10am,Numeric,111,108,3,97.3,2.7
1991_eatdis_hourly,assay-vas_data.csv,fear_fat_10pm,Numeric,111,103,8,92.79,7.21
1991_eatdis_hourly,assay-vas_data.csv,fear_fat_11am,Numeric,111,109,2,98.2,1.8
1991_eatdis_hourly,assay-vas_data.csv,fear_fat_1pm,Numeric,111,104,7,93.69,6.31
1991_eatdis_hourly,assay-vas_data.csv,fear_fat_2pm,Numeric,111,110,1,99.1,0.9
1991_eatdis_hourly,assay-vas_data.csv,fear_fat_3pm,Numeric,111,107,4,96.4,3.6
1991_eatdis_hourly,assay-vas_data.csv,fear_fat_4pm,Numeric,111,110,1,99.1,0.9
1991_eatdis_hourly,assay-vas_data.csv,fear_fat_6pm,Numeric,111,104,7,93.69,6.31
1991_eatdis_hourly,assay-vas_data.csv,fear_fat_7pm,Numeric,111,110,1,99.1,0.9
1991_eatdis_hourly,assay-vas_data.csv,fear_fat_8pm,Numeric,111,109,2,98.2,1.8
1991_eatdis_hourly,assay-vas_data.csv,fear_fat_9am,Numeric,111,101,10,90.99,9.01
1991_eatdis_hourly,assay-vas_data.csv,fear_fat_9pm,Numeric,111,107,4,96.4,3.6
1991_eatdis_hourly,assay-vas_data.csv,fear_fat_breakfast_post,Numeric,111,107,4,96.4,3.6
1991_eatdis_hourly,assay-vas_data.csv,fear_fat_breakfast_pre,Numeric,111,107,4,96.4,3.6
1991_eatdis_hourly,assay-vas_data.csv,fear_fat_dinner_post,Numeric,111,109,2,98.2,1.8
1991_eatdis_hourly,assay-vas_data.csv,fear_fat_dinner_pre,Numeric,111,111,0,100,0
1991_eatdis_hourly,assay-vas_data.csv,fear_fat_lunch_post,Numeric,111,110,1,99.1,0.9
1991_eatdis_hourly,assay-vas_data.csv,fear_fat_lunch_pre,Numeric,111,109,2,98.2,1.8
1991_eatdis_hourly,assay-vas_data.csv,fullness_10am,Numeric,111,109,2,98.2,1.8
1991_eatdis_hourly,assay-vas_data.csv,fullness_10pm,Numeric,111,103,8,92.79,7.21
1991_eatdis_hourly,assay-vas_data.csv,fullness_11am,Numeric,111,109,2,98.2,1.8
1991_eatdis_hourly,assay-vas_data.csv,fullness_1pm,Numeric,111,104,7,93.69,6.31
1991_eatdis_hourly,assay-vas_data.csv,fullness_2pm,Numeric,111,109,2,98.2,1.8
1991_eatdis_hourly,assay-vas_data.csv,fullness_3pm,Numeric,111,109,2,98.2,1.8
1991_eatdis_hourly,assay-vas_data.csv,fullness_4pm,Numeric,111,111,0,100,0
1991_eatdis_hourly,assay-vas_data.csv,fullness_6pm,Numeric,111,103,8,92.79,7.21
1991_eatdis_hourly,assay-vas_data.csv,fullness_7pm,Numeric,111,110,1,99.1,0.9
1991_eatdis_hourly,assay-vas_data.csv,fullness_8pm,Numeric,111,109,2,98.2,1.8
1991_eatdis_hourly,assay-vas_data.csv,fullness_9am,Numeric,111,101,10,90.99,9.01
1991_eatdis_hourly,assay-vas_data.csv,fullness_9pm,Numeric,111,107,4,96.4,3.6
1991_eatdis_hourly,assay-vas_data.csv,fullness_breakfast_post,Numeric,111,106,5,95.5,4.5
1991_eatdis_hourly,assay-vas_data.csv,fullness_breakfast_pre,Numeric,111,105,6,94.59,5.41
1991_eatdis_hourly,assay-vas_data.csv,fullness_dinner_post,Numeric,111,109,2,98.2,1.8
1991_eatdis_hourly,assay-vas_data.csv,fullness_dinner_pre,Numeric,111,110,1,99.1,0.9
1991_eatdis_hourly,assay-vas_data.csv,fullness_lunch_post,Numeric,111,110,1,99.1,0.9
1991_eatdis_hourly,assay-vas_data.csv,fullness_lunch_pre,Numeric,111,109,2,98.2,1.8
1991_eatdis_hourly,assay-vas_data.csv,group,Numeric,111,111,0,100,0
1991_eatdis_hourly,assay-vas_data.csv,hunger_10am,Numeric,111,107,4,96.4,3.6
1991_eatdis_hourly,assay-vas_data.csv,hunger_10pm,Numeric,111,101,10,90.99,9.01
1991_eatdis_hourly,assay-vas_data.csv,hunger_11am,Numeric,111,108,3,97.3,2.7
1991_eatdis_hourly,assay-vas_data.csv,hunger_1pm,Numeric,111,104,7,93.69,6.31
1991_eatdis_hourly,assay-vas_data.csv,hunger_2pm,Numeric,111,108,3,97.3,2.7
1991_eatdis_hourly,assay-vas_data.csv,hunger_3pm,Numeric,111,107,4,96.4,3.6
1991_eatdis_hourly,assay-vas_data.csv,hunger_4pm,Numeric,111,109,2,98.2,1.8
1991_eatdis_hourly,assay-vas_data.csv,hunger_6pm,Numeric,111,103,8,92.79,7.21
1991_eatdis_hourly,assay-vas_data.csv,hunger_7pm,Numeric,111,109,2,98.2,1.8
1991_eatdis_hourly,assay-vas_data.csv,hunger_8pm,Numeric,111,108,3,97.3,2.7
1991_eatdis_hourly,assay-vas_data.csv,hunger_9am,Numeric,111,99,12,89.19,10.81
1991_eatdis_hourly,assay-vas_data.csv,hunger_9pm,Numeric,111,107,4,96.4,3.6
1991_eatdis_hourly,assay-vas_data.csv,hunger_breakfast_post,Numeric,111,108,3,97.3,2.7
1991_eatdis_hourly,assay-vas_data.csv,hunger_breakfast_pre,Numeric,111,107,4,96.4,3.6
1991_eatdis_hourly,assay-vas_data.csv,hunger_dinner_post,Numeric,111,110,1,99.1,0.9
1991_eatdis_hourly,assay-vas_data.csv,hunger_dinner_pre,Numeric,111,110,1,99.1,0.9
1991_eatdis_hourly,assay-vas_data.csv,hunger_lunch_post,Numeric,111,110,1,99.1,0.9
1991_eatdis_hourly,assay-vas_data.csv,hunger_lunch_pre,Numeric,111,110,1,99.1,0.9
1991_eatdis_hourly,assay-vas_data.csv,id,Character,111,111,0,100,0
1991_eatdis_hourly,assay-vas_data.csv,purge_desire_10am,Numeric,111,108,3,97.3,2.7
1991_eatdis_hourly,assay-vas_data.csv,purge_desire_10pm,Numeric,111,103,8,92.79,7.21
1991_eatdis_hourly,assay-vas_data.csv,purge_desire_11am,Numeric,111,109,2,98.2,1.8
1991_eatdis_hourly,assay-vas_data.csv,purge_desire_1pm,Numeric,111,104,7,93.69,6.31
1991_eatdis_hourly,assay-vas_data.csv,purge_desire_2pm,Numeric,111,108,3,97.3,2.7
1991_eatdis_hourly,assay-vas_data.csv,purge_desire_3pm,Numeric,111,109,2,98.2,1.8
1991_eatdis_hourly,assay-vas_data.csv,purge_desire_4pm,Numeric,111,110,1,99.1,0.9
1991_eatdis_hourly,assay-vas_data.csv,purge_desire_6pm,Numeric,111,104,7,93.69,6.31
1991_eatdis_hourly,assay-vas_data.csv,purge_desire_7pm,Numeric,111,110,1,99.1,0.9
1991_eatdis_hourly,assay-vas_data.csv,purge_desire_8pm,Numeric,111,109,2,98.2,1.8
1991_eatdis_hourly,assay-vas_data.csv,purge_desire_9am,Numeric,111,101,10,90.99,9.01
1991_eatdis_hourly,assay-vas_data.csv,purge_desire_9pm,Numeric,111,106,5,95.5,4.5
1991_eatdis_hourly,assay-vas_data.csv,purge_desire_breakfast_post,Numeric,111,107,4,96.4,3.6
1991_eatdis_hourly,assay-vas_data.csv,purge_desire_breakfast_pre,Numeric,111,107,4,96.4,3.6
1991_eatdis_hourly,assay-vas_data.csv,purge_desire_dinner_post,Numeric,111,110,1,99.1,0.9
1991_eatdis_hourly,assay-vas_data.csv,purge_desire_dinner_pre,Numeric,111,109,2,98.2,1.8
1991_eatdis_hourly,assay-vas_data.csv,purge_desire_lunch_post,Numeric,111,110,1,99.1,0.9
1991_eatdis_hourly,assay-vas_data.csv,purge_desire_lunch_pre,Numeric,111,110,1,99.1,0.9
1991_eatdis_hourly,assay-vas_data.csv,thirst_10am,Numeric,111,105,6,94.59,5.41
1991_eatdis_hourly,assay-vas_data.csv,thirst_10pm,Numeric,111,101,10,90.99,9.01
1991_eatdis_hourly,assay-vas_data.csv,thirst_11am,Numeric,111,107,4,96.4,3.6
1991_eatdis_hourly,assay-vas_data.csv,thirst_1pm,Numeric,111,102,9,91.89,8.11
1991_eatdis_hourly,assay-vas_data.csv,thirst_2pm,Numeric,111,109,2,98.2,1.8
1991_eatdis_hourly,assay-vas_data.csv,thirst_3pm,Numeric,111,108,3,97.3,2.7
1991_eatdis_hourly,assay-vas_data.csv,thirst_4pm,Numeric,111,111,0,100,0
1991_eatdis_hourly,assay-vas_data.csv,thirst_6pm,Numeric,111,104,7,93.69,6.31
1991_eatdis_hourly,assay-vas_data.csv,thirst_7pm,Numeric,111,109,2,98.2,1.8
1991_eatdis_hourly,assay-vas_data.csv,thirst_8pm,Numeric,111,108,3,97.3,2.7
1991_eatdis_hourly,assay-vas_data.csv,thirst_9am,Numeric,111,101,10,90.99,9.01
1991_eatdis_hourly,assay-vas_data.csv,thirst_9pm,Numeric,111,106,5,95.5,4.5
1991_eatdis_hourly,assay-vas_data.csv,thirst_breakfast_post,Numeric,111,108,3,97.3,2.7
1991_eatdis_hourly,assay-vas_data.csv,thirst_breakfast_pre,Numeric,111,106,5,95.5,4.5
1991_eatdis_hourly,assay-vas_data.csv,thirst_dinner_post,Numeric,111,108,3,97.3,2.7
1991_eatdis_hourly,assay-vas_data.csv,thirst_dinner_pre,Numeric,111,111,0,100,0
1991_eatdis_hourly,assay-vas_data.csv,thirst_lunch_post,Numeric,111,109,2,98.2,1.8
1991_eatdis_hourly,assay-vas_data.csv,thirst_lunch_pre,Numeric,111,110,1,99.1,0.9
1991_eatdis_hourly,assay-vas_data.csv,week,Numeric,111,111,0,100,0
1991_eatdis_yogurt,assay-intake_data.csv,cho_cal_apple,Numeric,81,81,0,100,0
1991_eatdis_yogurt,assay-intake_data.csv,cho_cal_bread,Numeric,81,81,0,100,0
1991_eatdis_yogurt,assay-intake_data.csv,cho_cal_cheese,Numeric,81,81,0,100,0
1991_eatdis_yogurt,assay-intake_data.csv,cho_cal_chips,Numeric,81,81,0,100,0
1991_eatdis_yogurt,assay-intake_data.csv,cho_cal_cucumber,Numeric,81,81,0,100,0
1991_eatdis_yogurt,assay-intake_data.csv,cho_cal_dressing,Numeric,81,81,0,100,0
1991_eatdis_yogurt,assay-intake_data.csv,cho_cal_icecream,Numeric,81,81,0,100,0
1991_eatdis_yogurt,assay-intake_data.csv,cho_cal_lc_dressing,Numeric,81,81,0,100,0
1991_eatdis_yogurt,assay-intake_data.csv,cho_cal_lettuce,Numeric,81,81,0,100,0
1991_eatdis_yogurt,assay-intake_data.csv,cho_cal_mayo,Numeric,81,81,0,100,0
1991_eatdis_yogurt,assay-intake_data.csv,cho_cal_mms,Numeric,81,81,0,100,0
1991_eatdis_yogurt,assay-intake_data.csv,cho_cal_mustard,Numeric,81,81,0,100,0
1991_eatdis_yogurt,assay-intake_data.csv,cho_cal_pizza,Numeric,81,81,0,100,0
1991_eatdis_yogurt,assay-intake_data.csv,cho_cal_sorbet,Numeric,81,81,0,100,0
1991_eatdis_yogurt,assay-intake_data.csv,cho_cal_tomato,Numeric,81,81,0,100,0
1991_eatdis_yogurt,assay-intake_data.csv,cho_cal_turkey,Numeric,81,81,0,100,0
1991_eatdis_yogurt,assay-intake_data.csv,cho_g_apple,Numeric,81,81,0,100,0
1991_eatdis_yogurt,assay-intake_data.csv,cho_g_bread,Numeric,81,81,0,100,0
1991_eatdis_yogurt,assay-intake_data.csv,cho_g_cheese,Numeric,81,81,0,100,0
1991_eatdis_yogurt,assay-intake_data.csv,cho_g_chips,Numeric,81,81,0,100,0
1991_eatdis_yogurt,assay-intake_data.csv,cho_g_cucumber,Numeric,81,81,0,100,0
1991_eatdis_yogurt,assay-intake_data.csv,cho_g_dressing,Numeric,81,81,0,100,0
1991_eatdis_yogurt,assay-intake_data.csv,cho_g_icecream,Numeric,81,81,0,100,0
1991_eatdis_yogurt,assay-intake_data.csv,cho_g_lc_dressing,Numeric,81,81,0,100,0
1991_eatdis_yogurt,assay-intake_data.csv,cho_g_lettuce,Numeric,81,81,0,100,0
1991_eatdis_yogurt,assay-intake_data.csv,cho_g_mayo,Numeric,81,81,0,100,0
1991_eatdis_yogurt,assay-intake_data.csv,cho_g_mms,Numeric,81,81,0,100,0
1991_eatdis_yogurt,assay-intake_data.csv,cho_g_mustard,Numeric,81,81,0,100,0
1991_eatdis_yogurt,assay-intake_data.csv,cho_g_pizza,Numeric,81,81,0,100,0
1991_eatdis_yogurt,assay-intake_data.csv,cho_g_sorbet,Numeric,81,81,0,100,0
1991_eatdis_yogurt,assay-intake_data.csv,cho_g_tomato,Numeric,81,81,0,100,0
1991_eatdis_yogurt,assay-intake_data.csv,cho_g_turkey,Numeric,81,81,0,100,0
1991_eatdis_yogurt,assay-intake_data.csv,condition,Categorical,81,81,0,100,0
1991_eatdis_yogurt,assay-intake_data.csv,fat_cal_apple,Numeric,81,81,0,100,0
1991_eatdis_yogurt,assay-intake_data.csv,fat_cal_bread,Numeric,81,81,0,100,0
1991_eatdis_yogurt,assay-intake_data.csv,fat_cal_cheese,Numeric,81,81,0,100,0
1991_eatdis_yogurt,assay-intake_data.csv,fat_cal_chips,Numeric,81,81,0,100,0
1991_eatdis_yogurt,assay-intake_data.csv,fat_cal_cucumber,Numeric,81,81,0,100,0
1991_eatdis_yogurt,assay-intake_data.csv,fat_cal_dressing,Numeric,81,81,0,100,0
1991_eatdis_yogurt,assay-intake_data.csv,fat_cal_icecream,Numeric,81,81,0,100,0
1991_eatdis_yogurt,assay-intake_data.csv,fat_cal_lc_dressing,Numeric,81,81,0,100,0
1991_eatdis_yogurt,assay-intake_data.csv,fat_cal_lettuce,Numeric,81,81,0,100,0
1991_eatdis_yogurt,assay-intake_data.csv,fat_cal_mayo,Numeric,81,81,0,100,0
1991_eatdis_yogurt,assay-intake_data.csv,fat_cal_mms,Numeric,81,81,0,100,0
1991_eatdis_yogurt,assay-intake_data.csv,fat_cal_mustard,Numeric,81,81,0,100,0
1991_eatdis_yogurt,assay-intake_data.csv,fat_cal_pizza,Numeric,81,81,0,100,0
1991_eatdis_yogurt,assay-intake_data.csv,fat_cal_sorbet,Numeric,81,81,0,100,0
1991_eatdis_yogurt,assay-intake_data.csv,fat_cal_tomato,Numeric,81,81,0,100,0
1991_eatdis_yogurt,assay-intake_data.csv,fat_cal_turkey,Numeric,81,81,0,100,0
1991_eatdis_yogurt,assay-intake_data.csv,fat_g_apple,Numeric,81,81,0,100,0
1991_eatdis_yogurt,assay-intake_data.csv,fat_g_bread,Numeric,81,81,0,100,0
1991_eatdis_yogurt,assay-intake_data.csv,fat_g_cheese,Numeric,81,81,0,100,0
1991_eatdis_yogurt,assay-intake_data.csv,fat_g_chips,Numeric,81,81,0,100,0
1991_eatdis_yogurt,assay-intake_data.csv,fat_g_cucumber,Numeric,81,81,0,100,0
1991_eatdis_yogurt,assay-intake_data.csv,fat_g_dressing,Numeric,81,81,0,100,0
1991_eatdis_yogurt,assay-intake_data.csv,fat_g_icecream,Numeric,81,81,0,100,0
1991_eatdis_yogurt,assay-intake_data.csv,fat_g_lc_dressing,Numeric,81,81,0,100,0
1991_eatdis_yogurt,assay-intake_data.csv,fat_g_lettuce,Numeric,81,81,0,100,0
1991_eatdis_yogurt,assay-intake_data.csv,fat_g_mayo,Numeric,81,81,0,100,0
1991_eatdis_yogurt,assay-intake_data.csv,fat_g_mms,Numeric,81,81,0,100,0
1991_eatdis_yogurt,assay-intake_data.csv,fat_g_mustard,Numeric,81,81,0,100,0
1991_eatdis_yogurt,assay-intake_data.csv,fat_g_pizza,Numeric,81,81,0,100,0
1991_eatdis_yogurt,assay-intake_data.csv,fat_g_sorbet,Numeric,81,81,0,100,0
1991_eatdis_yogurt,assay-intake_data.csv,fat_g_tomato,Numeric,81,81,0,100,0
1991_eatdis_yogurt,assay-intake_data.csv,fat_g_turkey,Numeric,81,81,0,100,0
1991_eatdis_yogurt,assay-intake_data.csv,group,Numeric,81,81,0,100,0
1991_eatdis_yogurt,assay-intake_data.csv,h2o,Numeric,81,81,0,100,0
1991_eatdis_yogurt,assay-intake_data.csv,high_ed_cal,Numeric,81,81,0,100,0
1991_eatdis_yogurt,assay-intake_data.csv,high_ed_g,Numeric,81,81,0,100,0
1991_eatdis_yogurt,assay-intake_data.csv,id,Character,81,81,0,100,0
1991_eatdis_yogurt,assay-intake_data.csv,kcal_apple,Numeric,81,81,0,100,0
1991_eatdis_yogurt,assay-intake_data.csv,kcal_bread,Numeric,81,81,0,100,0
1991_eatdis_yogurt,assay-intake_data.csv,kcal_cheese,Numeric,81,81,0,100,0
1991_eatdis_yogurt,assay-intake_data.csv,kcal_chips,Numeric,81,81,0,100,0
1991_eatdis_yogurt,assay-intake_data.csv,kcal_cucumber,Numeric,81,81,0,100,0
1991_eatdis_yogurt,assay-intake_data.csv,kcal_dressing,Numeric,81,81,0,100,0
1991_eatdis_yogurt,assay-intake_data.csv,kcal_icecream,Numeric,81,81,0,100,0
1991_eatdis_yogurt,assay-intake_data.csv,kcal_lc_dressing,Numeric,81,81,0,100,0
1991_eatdis_yogurt,assay-intake_data.csv,kcal_lettuce,Numeric,81,81,0,100,0
1991_eatdis_yogurt,assay-intake_data.csv,kcal_mayo,Numeric,81,81,0,100,0
1991_eatdis_yogurt,assay-intake_data.csv,kcal_mms,Numeric,81,81,0,100,0
1991_eatdis_yogurt,assay-intake_data.csv,kcal_mustard,Numeric,81,81,0,100,0
1991_eatdis_yogurt,assay-intake_data.csv,kcal_pizza,Numeric,81,81,0,100,0
1991_eatdis_yogurt,assay-intake_data.csv,kcal_sorbet,Numeric,81,81,0,100,0
1991_eatdis_yogurt,assay-intake_data.csv,kcal_tomato,Numeric,81,81,0,100,0
1991_eatdis_yogurt,assay-intake_data.csv,kcal_turkey,Numeric,81,81,0,100,0
1991_eatdis_yogurt,assay-intake_data.csv,low_ed_cal,Numeric,81,81,0,100,0
1991_eatdis_yogurt,assay-intake_data.csv,low_ed_g,Numeric,81,81,0,100,0
1991_eatdis_yogurt,assay-intake_data.csv,meal_cal,Numeric,81,81,0,100,0
1991_eatdis_yogurt,assay-intake_data.csv,meal_cho_cal,Numeric,81,81,0,100,0
1991_eatdis_yogurt,assay-intake_data.csv,meal_cho_g,Numeric,81,81,0,100,0
1991_eatdis_yogurt,assay-intake_data.csv,meal_fat_cal,Numeric,81,81,0,100,0
1991_eatdis_yogurt,assay-intake_data.csv,meal_fat_g,Numeric,81,81,0,100,0
1991_eatdis_yogurt,assay-intake_data.csv,meal_g,Numeric,81,81,0,100,0
1991_eatdis_yogurt,assay-intake_data.csv,meal_pro_cal,Numeric,81,81,0,100,0
1991_eatdis_yogurt,assay-intake_data.csv,meal_pro_g,Numeric,81,81,0,100,0
1991_eatdis_yogurt,assay-intake_data.csv,perc_cho_cal,Numeric,81,81,0,100,0
1991_eatdis_yogurt,assay-intake_data.csv,perc_fat_cal,Numeric,81,81,0,100,0
1991_eatdis_yogurt,assay-intake_data.csv,perc_pro_cal,Numeric,81,81,0,100,0
1991_eatdis_yogurt,assay-intake_data.csv,pro_cal_apple,Numeric,81,81,0,100,0
1991_eatdis_yogurt,assay-intake_data.csv,pro_cal_bread,Numeric,81,81,0,100,0
1991_eatdis_yogurt,assay-intake_data.csv,pro_cal_cheese,Numeric,81,81,0,100,0
1991_eatdis_yogurt,assay-intake_data.csv,pro_cal_chips,Numeric,81,81,0,100,0
1991_eatdis_yogurt,assay-intake_data.csv,pro_cal_cucumber,Numeric,81,81,0,100,0
1991_eatdis_yogurt,assay-intake_data.csv,pro_cal_dressing,Numeric,81,81,0,100,0
1991_eatdis_yogurt,assay-intake_data.csv,pro_cal_icecream,Numeric,81,81,0,100,0
1991_eatdis_yogurt,assay-intake_data.csv,pro_cal_lc_dressing,Numeric,81,81,0,100,0
1991_eatdis_yogurt,assay-intake_data.csv,pro_cal_lettuce,Numeric,81,81,0,100,0
1991_eatdis_yogurt,assay-intake_data.csv,pro_cal_mayo,Numeric,81,81,0,100,0
1991_eatdis_yogurt,assay-intake_data.csv,pro_cal_mms,Numeric,81,81,0,100,0
1991_eatdis_yogurt,assay-intake_data.csv,pro_cal_mustard,Numeric,81,81,0,100,0
1991_eatdis_yogurt,assay-intake_data.csv,pro_cal_pizza,Numeric,81,81,0,100,0
1991_eatdis_yogurt,assay-intake_data.csv,pro_cal_sorbet,Numeric,81,81,0,100,0
1991_eatdis_yogurt,assay-intake_data.csv,pro_cal_tomato,Numeric,81,81,0,100,0
1991_eatdis_yogurt,assay-intake_data.csv,pro_cal_turkey,Numeric,81,81,0,100,0
1991_eatdis_yogurt,assay-intake_data.csv,pro_g_apple,Numeric,81,81,0,100,0
1991_eatdis_yogurt,assay-intake_data.csv,pro_g_bread,Numeric,81,81,0,100,0
1991_eatdis_yogurt,assay-intake_data.csv,pro_g_cheese,Numeric,81,81,0,100,0
1991_eatdis_yogurt,assay-intake_data.csv,pro_g_chips,Numeric,81,81,0,100,0
1991_eatdis_yogurt,assay-intake_data.csv,pro_g_cucumber,Numeric,81,81,0,100,0
1991_eatdis_yogurt,assay-intake_data.csv,pro_g_dressing,Numeric,81,81,0,100,0
1991_eatdis_yogurt,assay-intake_data.csv,pro_g_icecream,Numeric,81,81,0,100,0
1991_eatdis_yogurt,assay-intake_data.csv,pro_g_lc_dressing,Numeric,81,81,0,100,0
1991_eatdis_yogurt,assay-intake_data.csv,pro_g_lettuce,Numeric,81,81,0,100,0
1991_eatdis_yogurt,assay-intake_data.csv,pro_g_mayo,Numeric,81,81,0,100,0
1991_eatdis_yogurt,assay-intake_data.csv,pro_g_mms,Numeric,81,81,0,100,0
1991_eatdis_yogurt,assay-intake_data.csv,pro_g_mustard,Numeric,81,81,0,100,0
1991_eatdis_yogurt,assay-intake_data.csv,pro_g_pizza,Numeric,81,81,0,100,0
1991_eatdis_yogurt,assay-intake_data.csv,pro_g_sorbet,Numeric,81,81,0,100,0
1991_eatdis_yogurt,assay-intake_data.csv,pro_g_tomato,Numeric,81,81,0,100,0
1991_eatdis_yogurt,assay-intake_data.csv,pro_g_turkey,Numeric,81,81,0,100,0
1991_eatdis_yogurt,assay-intake_data.csv,session,Numeric,81,81,0,100,0
1991_eatdis_yogurt,assay-intake_data.csv,time,Numeric,81,75,6,92.59,7.41
1991_eatdis_yogurt,assay-intake_data.csv,total_cal,Numeric,81,70,11,86.42,13.58
1991_eatdis_yogurt,assay-intake_data.csv,total_cho_cal,Numeric,81,70,11,86.42,13.58
1991_eatdis_yogurt,assay-intake_data.csv,total_cho_g,Numeric,81,70,11,86.42,13.58
1991_eatdis_yogurt,assay-intake_data.csv,total_fat_cal,Numeric,81,70,11,86.42,13.58
1991_eatdis_yogurt,assay-intake_data.csv,total_fat_g,Numeric,81,70,11,86.42,13.58
1991_eatdis_yogurt,assay-intake_data.csv,total_perc_cho_cal,Numeric,81,70,11,86.42,13.58
1991_eatdis_yogurt,assay-intake_data.csv,total_perc_fat_cal,Numeric,81,70,11,86.42,13.58
1991_eatdis_yogurt,assay-intake_data.csv,total_perc_pro_cal,Numeric,81,70,11,86.42,13.58
1991_eatdis_yogurt,assay-intake_data.csv,total_pro_cal,Numeric,81,70,11,86.42,13.58
1991_eatdis_yogurt,assay-intake_data.csv,total_pro_g,Numeric,81,70,11,86.42,13.58
1991_eatdis_yogurt,assay-intake_data.csv,yogurt_cal,Numeric,81,70,11,86.42,13.58
1991_eatdis_yogurt,assay-intake_data.csv,yogurt_cho_cal,Numeric,81,70,11,86.42,13.58
1991_eatdis_yogurt,assay-intake_data.csv,yogurt_cho_g,Numeric,81,70,11,86.42,13.58
1991_eatdis_yogurt,assay-intake_data.csv,yogurt_creaminess,Numeric,81,80,1,98.77,1.23
1991_eatdis_yogurt,assay-intake_data.csv,yogurt_desire_eat,Numeric,81,78,3,96.3,3.7
1991_eatdis_yogurt,assay-intake_data.csv,yogurt_fat_cal,Numeric,81,70,11,86.42,13.58
1991_eatdis_yogurt,assay-intake_data.csv,yogurt_fat_g,Numeric,81,70,11,86.42,13.58
1991_eatdis_yogurt,assay-intake_data.csv,yogurt_fattiness,Numeric,81,79,2,97.53,2.47
1991_eatdis_yogurt,assay-intake_data.csv,yogurt_fruitiness,Numeric,81,80,1,98.77,1.23
1991_eatdis_yogurt,assay-intake_data.csv,yogurt_g,Numeric,81,70,11,86.42,13.58
1991_eatdis_yogurt,assay-intake_data.csv,yogurt_much_eat,Numeric,81,80,1,98.77,1.23
1991_eatdis_yogurt,assay-intake_data.csv,yogurt_pleasant,Numeric,81,77,4,95.06,4.94
1991_eatdis_yogurt,assay-intake_data.csv,yogurt_pro_cal,Numeric,81,70,11,86.42,13.58
1991_eatdis_yogurt,assay-intake_data.csv,yogurt_pro_g,Numeric,81,70,11,86.42,13.58
1991_eatdis_yogurt,assay-intake_data.csv,yogurt_subj_cal,Numeric,81,80,1,98.77,1.23
1991_eatdis_yogurt,assay-intake_data.csv,yogurt_subj_cho,Numeric,81,79,2,97.53,2.47
1991_eatdis_yogurt,assay-intake_data.csv,yogurt_sweetness,Numeric,81,80,1,98.77,1.23
1991_eatdis_yogurt,assay-vas_dat.csv,alert,Numeric,648,628,20,96.91,3.09
1991_eatdis_yogurt,assay-vas_dat.csv,binge_desire,Numeric,648,632,16,97.53,2.47
1991_eatdis_yogurt,assay-vas_dat.csv,bloated,Numeric,648,632,16,97.53,2.47
1991_eatdis_yogurt,assay-vas_dat.csv,condition,Categorical,648,648,0,100,0
1991_eatdis_yogurt,assay-vas_dat.csv,content,Numeric,648,624,24,96.3,3.7
1991_eatdis_yogurt,assay-vas_dat.csv,depressed,Numeric,648,628,20,96.91,3.09
1991_eatdis_yogurt,assay-vas_dat.csv,desire_eat,Numeric,648,633,15,97.69,2.31
1991_eatdis_yogurt,assay-vas_dat.csv,fear_fat,Numeric,648,631,17,97.38,2.62
1991_eatdis_yogurt,assay-vas_dat.csv,fullness,Numeric,648,632,16,97.53,2.47
1991_eatdis_yogurt,assay-vas_dat.csv,group,Numeric,648,648,0,100,0
1991_eatdis_yogurt,assay-vas_dat.csv,guilt,Numeric,648,624,24,96.3,3.7
1991_eatdis_yogurt,assay-vas_dat.csv,hunger,Numeric,648,635,13,97.99,2.01
1991_eatdis_yogurt,assay-vas_dat.csv,id,Character,648,648,0,100,0
1991_eatdis_yogurt,assay-vas_dat.csv,much_eat,Numeric,648,633,15,97.69,2.31
1991_eatdis_yogurt,assay-vas_dat.csv,nausea,Numeric,648,617,31,95.22,4.78
1991_eatdis_yogurt,assay-vas_dat.csv,purge_desire,Numeric,648,627,21,96.76,3.24
1991_eatdis_yogurt,assay-vas_dat.csv,session,Numeric,648,648,0,100,0
1991_eatdis_yogurt,assay-vas_dat.csv,thirst,Numeric,648,631,17,97.38,2.62
1991_eatdis_yogurt,assay-vas_dat.csv,time,Categorical,648,648,0,100,0
1991_ivig_preload,assay-demo_data.csv,age,Numeric,12,12,0,100,0
1991_ivig_preload,assay-demo_data.csv,bmi,Numeric,12,12,0,100,0
1991_ivig_preload,assay-demo_data.csv,eat,Numeric,12,12,0,100,0
1991_ivig_preload,assay-demo_data.csv,ei,Numeric,12,12,0,100,0
1991_ivig_preload,assay-demo_data.csv,height_cm,Numeric,12,12,0,100,0
1991_ivig_preload,assay-demo_data.csv,height_in,Numeric,12,12,0,100,0
1991_ivig_preload,assay-demo_data.csv,id,Categorical,12,12,0,100,0
1991_ivig_preload,assay-demo_data.csv,perc_ideal_bw,Numeric,12,12,0,100,0
1991_ivig_preload,assay-demo_data.csv,weight,Numeric,12,12,0,100,0
1991_ivig_preload,assay-demo_data.csv,zung,Numeric,12,12,0,100,0
1991_ivig_preload,exp-ivig_assay-cck_data.csv,cck,Numeric,252,198,54,78.57,21.43
1991_ivig_preload,exp-ivig_assay-cck_data.csv,cond,Categorical,252,252,0,100,0
1991_ivig_preload,exp-ivig_assay-cck_data.csv,id,Categorical,252,252,0,100,0
1991_ivig_preload,exp-ivig_assay-cck_data.csv,time,Numeric,252,252,0,100,0
1991_ivig_preload,exp-ivig_assay-dinner_data.csv,chicken_cal,Numeric,54,54,0,100,0
1991_ivig_preload,exp-ivig_assay-dinner_data.csv,chicken_cho_g,Numeric,54,54,0,100,0
1991_ivig_preload,exp-ivig_assay-dinner_data.csv,chicken_fat_g,Numeric,54,54,0,100,0
1991_ivig_preload,exp-ivig_assay-dinner_data.csv,chicken_g,Numeric,54,54,0,100,0
1991_ivig_preload,exp-ivig_assay-dinner_data.csv,chicken_pro_g,Numeric,54,54,0,100,0
1991_ivig_preload,exp-ivig_assay-dinner_data.csv,cond,Categorical,54,54,0,100,0
1991_ivig_preload,exp-ivig_assay-dinner_data.csv,cookie_cal,Numeric,54,54,0,100,0
1991_ivig_preload,exp-ivig_assay-dinner_data.csv,cookie_cho_g,Numeric,54,54,0,100,0
1991_ivig_preload,exp-ivig_assay-dinner_data.csv,cookie_fat_g,Numeric,54,54,0,100,0
1991_ivig_preload,exp-ivig_assay-dinner_data.csv,cookie_g,Numeric,54,54,0,100,0
1991_ivig_preload,exp-ivig_assay-dinner_data.csv,cookie_pro_g,Numeric,54,54,0,100,0
1991_ivig_preload,exp-ivig_assay-dinner_data.csv,dinner_cal,Numeric,54,54,0,100,0
1991_ivig_preload,exp-ivig_assay-dinner_data.csv,dinner_cho_cal,Numeric,54,54,0,100,0
1991_ivig_preload,exp-ivig_assay-dinner_data.csv,dinner_cho_g,Numeric,54,54,0,100,0
1991_ivig_preload,exp-ivig_assay-dinner_data.csv,dinner_fat_cal,Numeric,54,54,0,100,0
1991_ivig_preload,exp-ivig_assay-dinner_data.csv,dinner_fat_g,Numeric,54,54,0,100,0
1991_ivig_preload,exp-ivig_assay-dinner_data.csv,dinner_perc_cho_cal,Numeric,54,54,0,100,0
1991_ivig_preload,exp-ivig_assay-dinner_data.csv,dinner_perc_fat_cal,Numeric,54,54,0,100,0
1991_ivig_preload,exp-ivig_assay-dinner_data.csv,dinner_perc_pro_cal,Numeric,54,54,0,100,0
1991_ivig_preload,exp-ivig_assay-dinner_data.csv,dinner_pro_cal,Numeric,54,54,0,100,0
1991_ivig_preload,exp-ivig_assay-dinner_data.csv,dinner_pro_g,Numeric,54,54,0,100,0
1991_ivig_preload,exp-ivig_assay-dinner_data.csv,fatfree_pudding_cal,Numeric,54,54,0,100,0
1991_ivig_preload,exp-ivig_assay-dinner_data.csv,fatfree_pudding_cho_g,Numeric,54,54,0,100,0
1991_ivig_preload,exp-ivig_assay-dinner_data.csv,fatfree_pudding_fat_g,Numeric,54,54,0,100,0
1991_ivig_preload,exp-ivig_assay-dinner_data.csv,fatfree_pudding_g,Numeric,54,54,0,100,0
1991_ivig_preload,exp-ivig_assay-dinner_data.csv,fatfree_pudding_pro_g,Numeric,54,54,0,100,0
1991_ivig_preload,exp-ivig_assay-dinner_data.csv,gravy_cal,Numeric,54,54,0,100,0
1991_ivig_preload,exp-ivig_assay-dinner_data.csv,gravy_cho_g,Numeric,54,54,0,100,0
1991_ivig_preload,exp-ivig_assay-dinner_data.csv,gravy_fat_g,Numeric,54,54,0,100,0
1991_ivig_preload,exp-ivig_assay-dinner_data.csv,gravy_g,Numeric,54,54,0,100,0
1991_ivig_preload,exp-ivig_assay-dinner_data.csv,gravy_pro_g,Numeric,54,54,0,100,0
1991_ivig_preload,exp-ivig_assay-dinner_data.csv,group,Categorical,54,54,0,100,0
1991_ivig_preload,exp-ivig_assay-dinner_data.csv,id,Categorical,54,54,0,100,0
1991_ivig_preload,exp-ivig_assay-dinner_data.csv,light_gravy_cal,Numeric,54,54,0,100,0
1991_ivig_preload,exp-ivig_assay-dinner_data.csv,light_gravy_cho_g,Numeric,54,54,0,100,0
1991_ivig_preload,exp-ivig_assay-dinner_data.csv,light_gravy_fat_g,Numeric,54,54,0,100,0
1991_ivig_preload,exp-ivig_assay-dinner_data.csv,light_gravy_g,Numeric,54,54,0,100,0
1991_ivig_preload,exp-ivig_assay-dinner_data.csv,light_gravy_pro_g,Numeric,54,54,0,100,0
1991_ivig_preload,exp-ivig_assay-dinner_data.csv,margarine_cal,Numeric,54,54,0,100,0
1991_ivig_preload,exp-ivig_assay-dinner_data.csv,margarine_cho_g,Numeric,54,54,0,100,0
1991_ivig_preload,exp-ivig_assay-dinner_data.csv,margarine_fat_g,Numeric,54,54,0,100,0
1991_ivig_preload,exp-ivig_assay-dinner_data.csv,margarine_g,Numeric,54,54,0,100,0
1991_ivig_preload,exp-ivig_assay-dinner_data.csv,margarine_pro_g,Numeric,54,54,0,100,0
1991_ivig_preload,exp-ivig_assay-dinner_data.csv,peas_cal,Numeric,54,54,0,100,0
1991_ivig_preload,exp-ivig_assay-dinner_data.csv,peas_cho_g,Numeric,54,54,0,100,0
1991_ivig_preload,exp-ivig_assay-dinner_data.csv,peas_fat_g,Numeric,54,54,0,100,0
1991_ivig_preload,exp-ivig_assay-dinner_data.csv,peas_g,Numeric,54,54,0,100,0
1991_ivig_preload,exp-ivig_assay-dinner_data.csv,peas_pro_g,Numeric,54,54,0,100,0
1991_ivig_preload,exp-ivig_assay-dinner_data.csv,pudding_cal,Numeric,54,54,0,100,0
1991_ivig_preload,exp-ivig_assay-dinner_data.csv,pudding_cho_g,Numeric,54,54,0,100,0
1991_ivig_preload,exp-ivig_assay-dinner_data.csv,pudding_fat_g,Numeric,54,54,0,100,0
1991_ivig_preload,exp-ivig_assay-dinner_data.csv,pudding_g,Numeric,54,54,0,100,0
1991_ivig_preload,exp-ivig_assay-dinner_data.csv,pudding_pro_g,Numeric,54,54,0,100,0
1991_ivig_preload,exp-ivig_assay-dinner_data.csv,rice_cal,Numeric,54,54,0,100,0
1991_ivig_preload,exp-ivig_assay-dinner_data.csv,rice_cho_g,Numeric,54,54,0,100,0
1991_ivig_preload,exp-ivig_assay-dinner_data.csv,rice_fat_g,Numeric,54,54,0,100,0
1991_ivig_preload,exp-ivig_assay-dinner_data.csv,rice_g,Numeric,54,54,0,100,0
1991_ivig_preload,exp-ivig_assay-dinner_data.csv,rice_pro_g,Numeric,54,54,0,100,0
1991_ivig_preload,exp-ivig_assay-dinner_data.csv,roll_cal,Numeric,54,54,0,100,0
1991_ivig_preload,exp-ivig_assay-dinner_data.csv,roll_cho_g,Numeric,54,54,0,100,0
1991_ivig_preload,exp-ivig_assay-dinner_data.csv,roll_fat_g,Numeric,54,54,0,100,0
1991_ivig_preload,exp-ivig_assay-dinner_data.csv,roll_g,Numeric,54,54,0,100,0
1991_ivig_preload,exp-ivig_assay-dinner_data.csv,roll_pro_g,Numeric,54,54,0,100,0
1991_ivig_preload,exp-ivig_assay-dinner_data.csv,session,Numeric,54,54,0,100,0
1991_ivig_preload,exp-ivig_assay-dinner_data.csv,time,Numeric,54,53,1,98.15,1.85
1991_ivig_preload,exp-ivig_assay-dinner_data.csv,water_g,Numeric,54,54,0,100,0
1991_ivig_preload,exp-ivig_assay-lunch_data.csv,apple_cal,Numeric,54,54,0,100,0
1991_ivig_preload,exp-ivig_assay-lunch_data.csv,apple_cho_g,Numeric,54,54,0,100,0
1991_ivig_preload,exp-ivig_assay-lunch_data.csv,apple_fat_g,Numeric,54,54,0,100,0
1991_ivig_preload,exp-ivig_assay-lunch_data.csv,apple_g,Numeric,54,54,0,100,0
1991_ivig_preload,exp-ivig_assay-lunch_data.csv,apple_pro_g,Numeric,54,54,0,100,0
1991_ivig_preload,exp-ivig_assay-lunch_data.csv,bread_cal,Numeric,54,54,0,100,0
1991_ivig_preload,exp-ivig_assay-lunch_data.csv,bread_cho_g,Numeric,54,54,0,100,0
1991_ivig_preload,exp-ivig_assay-lunch_data.csv,bread_fat_g,Numeric,54,54,0,100,0
1991_ivig_preload,exp-ivig_assay-lunch_data.csv,bread_g,Numeric,54,54,0,100,0
1991_ivig_preload,exp-ivig_assay-lunch_data.csv,bread_pro_g,Numeric,54,54,0,100,0
1991_ivig_preload,exp-ivig_assay-lunch_data.csv,cheese_cal,Numeric,54,54,0,100,0
1991_ivig_preload,exp-ivig_assay-lunch_data.csv,cheese_cho_g,Numeric,54,54,0,100,0
1991_ivig_preload,exp-ivig_assay-lunch_data.csv,cheese_fat_g,Numeric,54,54,0,100,0
1991_ivig_preload,exp-ivig_assay-lunch_data.csv,cheese_g,Numeric,54,54,0,100,0
1991_ivig_preload,exp-ivig_assay-lunch_data.csv,cheese_pro_g,Numeric,54,54,0,100,0
1991_ivig_preload,exp-ivig_assay-lunch_data.csv,chips_cal,Numeric,54,54,0,100,0
1991_ivig_preload,exp-ivig_assay-lunch_data.csv,chips_cho_g,Numeric,54,54,0,100,0
1991_ivig_preload,exp-ivig_assay-lunch_data.csv,chips_fat_g,Numeric,54,54,0,100,0
1991_ivig_preload,exp-ivig_assay-lunch_data.csv,chips_g,Numeric,54,54,0,100,0
1991_ivig_preload,exp-ivig_assay-lunch_data.csv,chips_pro_g,Numeric,54,54,0,100,0
1991_ivig_preload,exp-ivig_assay-lunch_data.csv,cond,Categorical,54,54,0,100,0
1991_ivig_preload,exp-ivig_assay-lunch_data.csv,cucumber_cal,Numeric,54,54,0,100,0
1991_ivig_preload,exp-ivig_assay-lunch_data.csv,cucumber_cho_g,Numeric,54,54,0,100,0
1991_ivig_preload,exp-ivig_assay-lunch_data.csv,cucumber_fat_g,Numeric,54,54,0,100,0
1991_ivig_preload,exp-ivig_assay-lunch_data.csv,cucumber_g,Numeric,54,54,0,100,0
1991_ivig_preload,exp-ivig_assay-lunch_data.csv,cucumber_pro_g,Numeric,54,54,0,100,0
1991_ivig_preload,exp-ivig_assay-lunch_data.csv,dressing_cal,Numeric,54,54,0,100,0
1991_ivig_preload,exp-ivig_assay-lunch_data.csv,dressing_cho_g,Numeric,54,54,0,100,0
1991_ivig_preload,exp-ivig_assay-lunch_data.csv,dressing_fat_g,Numeric,54,54,0,100,0
1991_ivig_preload,exp-ivig_assay-lunch_data.csv,dressing_g,Numeric,54,54,0,100,0
1991_ivig_preload,exp-ivig_assay-lunch_data.csv,dressing_pro_g,Numeric,54,54,0,100,0
1991_ivig_preload,exp-ivig_assay-lunch_data.csv,group,Categorical,54,54,0,100,0
1991_ivig_preload,exp-ivig_assay-lunch_data.csv,icecream_cal,Numeric,54,54,0,100,0
1991_ivig_preload,exp-ivig_assay-lunch_data.csv,icecream_cho_g,Numeric,54,54,0,100,0
1991_ivig_preload,exp-ivig_assay-lunch_data.csv,icecream_fat_g,Numeric,54,54,0,100,0
1991_ivig_preload,exp-ivig_assay-lunch_data.csv,icecream_g,Numeric,54,54,0,100,0
1991_ivig_preload,exp-ivig_assay-lunch_data.csv,icecream_pro_g,Numeric,54,54,0,100,0
1991_ivig_preload,exp-ivig_assay-lunch_data.csv,id,Categorical,54,54,0,100,0
1991_ivig_preload,exp-ivig_assay-lunch_data.csv,lc_dressing_cal,Numeric,54,54,0,100,0
1991_ivig_preload,exp-ivig_assay-lunch_data.csv,lc_dressing_cho_g,Numeric,54,54,0,100,0
1991_ivig_preload,exp-ivig_assay-lunch_data.csv,lc_dressing_fat_g,Numeric,54,54,0,100,0
1991_ivig_preload,exp-ivig_assay-lunch_data.csv,lc_dressing_g,Numeric,54,54,0,100,0
1991_ivig_preload,exp-ivig_assay-lunch_data.csv,lc_dressing_pro_g,Numeric,54,54,0,100,0
1991_ivig_preload,exp-ivig_assay-lunch_data.csv,lettuce_cal,Numeric,54,54,0,100,0
1991_ivig_preload,exp-ivig_assay-lunch_data.csv,lettuce_cho_g,Numeric,54,54,0,100,0
1991_ivig_preload,exp-ivig_assay-lunch_data.csv,lettuce_fat_g,Numeric,54,54,0,100,0
1991_ivig_preload,exp-ivig_assay-lunch_data.csv,lettuce_g,Numeric,54,54,0,100,0
1991_ivig_preload,exp-ivig_assay-lunch_data.csv,lettuce_pro_g,Numeric,54,54,0,100,0
1991_ivig_preload,exp-ivig_assay-lunch_data.csv,lunch_cal,Numeric,54,54,0,100,0
1991_ivig_preload,exp-ivig_assay-lunch_data.csv,lunch_cho_cal,Numeric,54,54,0,100,0
1991_ivig_preload,exp-ivig_assay-lunch_data.csv,lunch_cho_g,Numeric,54,54,0,100,0
1991_ivig_preload,exp-ivig_assay-lunch_data.csv,lunch_fat_cal,Numeric,54,54,0,100,0
1991_ivig_preload,exp-ivig_assay-lunch_data.csv,lunch_fat_g,Numeric,54,54,0,100,0
1991_ivig_preload,exp-ivig_assay-lunch_data.csv,lunch_perc_cho_cal,Numeric,54,54,0,100,0
1991_ivig_preload,exp-ivig_assay-lunch_data.csv,lunch_perc_fat_cal,Numeric,54,54,0,100,0
1991_ivig_preload,exp-ivig_assay-lunch_data.csv,lunch_perc_pro_cal,Numeric,54,54,0,100,0
1991_ivig_preload,exp-ivig_assay-lunch_data.csv,lunch_pro_cal,Numeric,54,54,0,100,0
1991_ivig_preload,exp-ivig_assay-lunch_data.csv,lunch_pro_g,Numeric,54,54,0,100,0
1991_ivig_preload,exp-ivig_assay-lunch_data.csv,mayo_cal,Numeric,54,54,0,100,0
1991_ivig_preload,exp-ivig_assay-lunch_data.csv,mayo_cho_g,Numeric,54,54,0,100,0
1991_ivig_preload,exp-ivig_assay-lunch_data.csv,mayo_fat_g,Numeric,54,54,0,100,0
1991_ivig_preload,exp-ivig_assay-lunch_data.csv,mayo_g,Numeric,54,54,0,100,0
1991_ivig_preload,exp-ivig_assay-lunch_data.csv,mayo_pro_g,Numeric,54,54,0,100,0
1991_ivig_preload,exp-ivig_assay-lunch_data.csv,milk_cal,Numeric,54,54,0,100,0
1991_ivig_preload,exp-ivig_assay-lunch_data.csv,milk_cho_g,Numeric,54,54,0,100,0
1991_ivig_preload,exp-ivig_assay-lunch_data.csv,milk_fat_g,Numeric,54,54,0,100,0
1991_ivig_preload,exp-ivig_assay-lunch_data.csv,milk_g,Numeric,54,54,0,100,0
1991_ivig_preload,exp-ivig_assay-lunch_data.csv,milk_pro_g,Numeric,54,54,0,100,0
1991_ivig_preload,exp-ivig_assay-lunch_data.csv,mustard_cal,Numeric,54,54,0,100,0
1991_ivig_preload,exp-ivig_assay-lunch_data.csv,mustard_cho_g,Numeric,54,54,0,100,0
1991_ivig_preload,exp-ivig_assay-lunch_data.csv,mustard_fat_g,Numeric,54,54,0,100,0
1991_ivig_preload,exp-ivig_assay-lunch_data.csv,mustard_g,Numeric,54,54,0,100,0
1991_ivig_preload,exp-ivig_assay-lunch_data.csv,mustard_pro_g,Numeric,54,54,0,100,0
1991_ivig_preload,exp-ivig_assay-lunch_data.csv,pretzel_cal,Numeric,54,54,0,100,0
1991_ivig_preload,exp-ivig_assay-lunch_data.csv,pretzel_cho_g,Numeric,54,54,0,100,0
1991_ivig_preload,exp-ivig_assay-lunch_data.csv,pretzel_fat_g,Numeric,54,54,0,100,0
1991_ivig_preload,exp-ivig_assay-lunch_data.csv,pretzel_g,Numeric,54,54,0,100,0
1991_ivig_preload,exp-ivig_assay-lunch_data.csv,pretzel_pro_g,Numeric,54,54,0,100,0
1991_ivig_preload,exp-ivig_assay-lunch_data.csv,session,Numeric,54,54,0,100,0
1991_ivig_preload,exp-ivig_assay-lunch_data.csv,sorbet_cal,Numeric,54,54,0,100,0
1991_ivig_preload,exp-ivig_assay-lunch_data.csv,sorbet_cho_g,Numeric,54,54,0,100,0
1991_ivig_preload,exp-ivig_assay-lunch_data.csv,sorbet_fat_g,Numeric,54,54,0,100,0
1991_ivig_preload,exp-ivig_assay-lunch_data.csv,sorbet_g,Numeric,54,54,0,100,0
1991_ivig_preload,exp-ivig_assay-lunch_data.csv,sorbet_pro_g,Numeric,54,54,0,100,0
1991_ivig_preload,exp-ivig_assay-lunch_data.csv,time,Numeric,54,54,0,100,0
1991_ivig_preload,exp-ivig_assay-lunch_data.csv,tomato_cal,Numeric,54,54,0,100,0
1991_ivig_preload,exp-ivig_assay-lunch_data.csv,tomato_cho_g,Numeric,54,54,0,100,0
1991_ivig_preload,exp-ivig_assay-lunch_data.csv,tomato_fat_g,Numeric,54,54,0,100,0
1991_ivig_preload,exp-ivig_assay-lunch_data.csv,tomato_g,Numeric,54,54,0,100,0
1991_ivig_preload,exp-ivig_assay-lunch_data.csv,tomato_pro_g,Numeric,54,54,0,100,0
1991_ivig_preload,exp-ivig_assay-lunch_data.csv,tuna_salad_cal,Numeric,54,54,0,100,0
1991_ivig_preload,exp-ivig_assay-lunch_data.csv,tuna_salad_cho_g,Numeric,54,54,0,100,0
1991_ivig_preload,exp-ivig_assay-lunch_data.csv,tuna_salad_fat_g,Numeric,54,54,0,100,0
1991_ivig_preload,exp-ivig_assay-lunch_data.csv,tuna_salad_g,Numeric,54,54,0,100,0
1991_ivig_preload,exp-ivig_assay-lunch_data.csv,tuna_salad_pro_g,Numeric,54,54,0,100,0
1991_ivig_preload,exp-ivig_assay-lunch_data.csv,turkey_cal,Numeric,54,54,0,100,0
1991_ivig_preload,exp-ivig_assay-lunch_data.csv,turkey_cho_g,Numeric,54,54,0,100,0
1991_ivig_preload,exp-ivig_assay-lunch_data.csv,turkey_fat_g,Numeric,54,54,0,100,0
1991_ivig_preload,exp-ivig_assay-lunch_data.csv,turkey_g,Numeric,54,54,0,100,0
1991_ivig_preload,exp-ivig_assay-lunch_data.csv,turkey_pro_g,Numeric,54,54,0,100,0
1991_ivig_preload,exp-ivig_assay-lunch_data.csv,water_g,Numeric,54,54,0,100,0
1991_ivig_preload,exp-ivig_assay-rating_data.csv,bloated,Numeric,936,404,532,43.16,56.84
1991_ivig_preload,exp-ivig_assay-rating_data.csv,cond,Categorical,936,936,0,100,0
1991_ivig_preload,exp-ivig_assay-rating_data.csv,cramps,Numeric,936,302,634,32.26,67.74
1991_ivig_preload,exp-ivig_assay-rating_data.csv,desire,Numeric,936,914,22,97.65,2.35
1991_ivig_preload,exp-ivig_assay-rating_data.csv,fullness,Numeric,936,626,310,66.88,33.12
1991_ivig_preload,exp-ivig_assay-rating_data.csv,group,Categorical,936,936,0,100,0
1991_ivig_preload,exp-ivig_assay-rating_data.csv,hunger,Numeric,936,632,304,67.52,32.48
1991_ivig_preload,exp-ivig_assay-rating_data.csv,id,Categorical,936,936,0,100,0
1991_ivig_preload,exp-ivig_assay-rating_data.csv,nausea,Numeric,936,626,310,66.88,33.12
1991_ivig_preload,exp-ivig_assay-rating_data.csv,thirst,Numeric,936,914,22,97.65,2.35
1991_ivig_preload,exp-ivig_assay-rating_data.csv,time,Numeric,936,936,0,100,0
1991_ivig_preload,exp-yogurtsss_assay-intake_data.csv,apple_cal,Numeric,30,30,0,100,0
1991_ivig_preload,exp-yogurtsss_assay-intake_data.csv,apple_cho_g,Numeric,30,30,0,100,0
1991_ivig_preload,exp-yogurtsss_assay-intake_data.csv,apple_fat_g,Numeric,30,30,0,100,0
1991_ivig_preload,exp-yogurtsss_assay-intake_data.csv,apple_g,Numeric,30,30,0,100,0
1991_ivig_preload,exp-yogurtsss_assay-intake_data.csv,apple_pro_g,Numeric,30,30,0,100,0
1991_ivig_preload,exp-yogurtsss_assay-intake_data.csv,bread_cal,Numeric,30,30,0,100,0
1991_ivig_preload,exp-yogurtsss_assay-intake_data.csv,bread_cho_g,Numeric,30,30,0,100,0
1991_ivig_preload,exp-yogurtsss_assay-intake_data.csv,bread_fat_g,Numeric,30,30,0,100,0
1991_ivig_preload,exp-yogurtsss_assay-intake_data.csv,bread_g,Numeric,30,30,0,100,0
1991_ivig_preload,exp-yogurtsss_assay-intake_data.csv,bread_pro_g,Numeric,30,30,0,100,0
1991_ivig_preload,exp-yogurtsss_assay-intake_data.csv,cheese_cal,Numeric,30,30,0,100,0
1991_ivig_preload,exp-yogurtsss_assay-intake_data.csv,cheese_cho_g,Numeric,30,30,0,100,0
1991_ivig_preload,exp-yogurtsss_assay-intake_data.csv,cheese_fat_g,Numeric,30,30,0,100,0
1991_ivig_preload,exp-yogurtsss_assay-intake_data.csv,cheese_g,Numeric,30,30,0,100,0
1991_ivig_preload,exp-yogurtsss_assay-intake_data.csv,cheese_pro_g,Numeric,30,30,0,100,0
1991_ivig_preload,exp-yogurtsss_assay-intake_data.csv,chips_cal,Numeric,30,30,0,100,0
1991_ivig_preload,exp-yogurtsss_assay-intake_data.csv,chips_cho_g,Numeric,30,30,0,100,0
1991_ivig_preload,exp-yogurtsss_assay-intake_data.csv,chips_fat_g,Numeric,30,30,0,100,0
1991_ivig_preload,exp-yogurtsss_assay-intake_data.csv,chips_g,Numeric,30,30,0,100,0
1991_ivig_preload,exp-yogurtsss_assay-intake_data.csv,chips_pro_g,Numeric,30,30,0,100,0
1991_ivig_preload,exp-yogurtsss_assay-intake_data.csv,chocolate_g,Numeric,30,30,0,100,0
1991_ivig_preload,exp-yogurtsss_assay-intake_data.csv,cond,Categorical,30,30,0,100,0
1991_ivig_preload,exp-yogurtsss_assay-intake_data.csv,cucumber_cal,Numeric,30,30,0,100,0
1991_ivig_preload,exp-yogurtsss_assay-intake_data.csv,cucumber_cho_g,Numeric,30,30,0,100,0
1991_ivig_preload,exp-yogurtsss_assay-intake_data.csv,cucumber_fat_g,Numeric,30,30,0,100,0
1991_ivig_preload,exp-yogurtsss_assay-intake_data.csv,cucumber_g,Numeric,30,30,0,100,0
1991_ivig_preload,exp-yogurtsss_assay-intake_data.csv,cucumber_pro_g,Numeric,30,30,0,100,0
1991_ivig_preload,exp-yogurtsss_assay-intake_data.csv,dressing_cal,Numeric,30,30,0,100,0
1991_ivig_preload,exp-yogurtsss_assay-intake_data.csv,dressing_cho_g,Numeric,30,30,0,100,0
1991_ivig_preload,exp-yogurtsss_assay-intake_data.csv,dressing_fat_g,Numeric,30,30,0,100,0
1991_ivig_preload,exp-yogurtsss_assay-intake_data.csv,dressing_g,Numeric,30,30,0,100,0
1991_ivig_preload,exp-yogurtsss_assay-intake_data.csv,dressing_pro_g,Numeric,30,30,0,100,0
1991_ivig_preload,exp-yogurtsss_assay-intake_data.csv,group,Categorical,30,30,0,100,0
1991_ivig_preload,exp-yogurtsss_assay-intake_data.csv,icecream_cal,Numeric,30,30,0,100,0
1991_ivig_preload,exp-yogurtsss_assay-intake_data.csv,icecream_cho_g,Numeric,30,30,0,100,0
1991_ivig_preload,exp-yogurtsss_assay-intake_data.csv,icecream_fat_g,Numeric,30,30,0,100,0
1991_ivig_preload,exp-yogurtsss_assay-intake_data.csv,icecream_g,Numeric,30,30,0,100,0
1991_ivig_preload,exp-yogurtsss_assay-intake_data.csv,icecream_pro_g,Numeric,30,30,0,100,0
1991_ivig_preload,exp-yogurtsss_assay-intake_data.csv,id,Categorical,30,30,0,100,0
1991_ivig_preload,exp-yogurtsss_assay-intake_data.csv,lc_dressing_cal,Numeric,30,30,0,100,0
1991_ivig_preload,exp-yogurtsss_assay-intake_data.csv,lc_dressing_cho_g,Numeric,30,30,0,100,0
1991_ivig_preload,exp-yogurtsss_assay-intake_data.csv,lc_dressing_fat_g,Numeric,30,30,0,100,0
1991_ivig_preload,exp-yogurtsss_assay-intake_data.csv,lc_dressing_g,Numeric,30,30,0,100,0
1991_ivig_preload,exp-yogurtsss_assay-intake_data.csv,lc_dressing_pro_g,Numeric,30,30,0,100,0
1991_ivig_preload,exp-yogurtsss_assay-intake_data.csv,lettuce_cal,Numeric,30,30,0,100,0
1991_ivig_preload,exp-yogurtsss_assay-intake_data.csv,lettuce_cho_g,Numeric,30,30,0,100,0
1991_ivig_preload,exp-yogurtsss_assay-intake_data.csv,lettuce_fat_g,Numeric,30,30,0,100,0
1991_ivig_preload,exp-yogurtsss_assay-intake_data.csv,lettuce_g,Numeric,30,30,0,100,0
1991_ivig_preload,exp-yogurtsss_assay-intake_data.csv,lettuce_pro_g,Numeric,30,30,0,100,0
1991_ivig_preload,exp-yogurtsss_assay-intake_data.csv,lunch_cal,Numeric,30,30,0,100,0
1991_ivig_preload,exp-yogurtsss_assay-intake_data.csv,lunch_cho_cal,Numeric,30,30,0,100,0
1991_ivig_preload,exp-yogurtsss_assay-intake_data.csv,lunch_cho_g,Numeric,30,30,0,100,0
1991_ivig_preload,exp-yogurtsss_assay-intake_data.csv,lunch_fat_cal,Numeric,30,30,0,100,0
1991_ivig_preload,exp-yogurtsss_assay-intake_data.csv,lunch_fat_g,Numeric,30,30,0,100,0
1991_ivig_preload,exp-yogurtsss_assay-intake_data.csv,lunch_perc_cho_cal,Numeric,30,30,0,100,0
1991_ivig_preload,exp-yogurtsss_assay-intake_data.csv,lunch_perc_fat_cal,Numeric,30,30,0,100,0
1991_ivig_preload,exp-yogurtsss_assay-intake_data.csv,lunch_perc_pro_cal,Numeric,30,30,0,100,0
1991_ivig_preload,exp-yogurtsss_assay-intake_data.csv,lunch_pro_cal,Numeric,30,30,0,100,0
1991_ivig_preload,exp-yogurtsss_assay-intake_data.csv,lunch_pro_g,Numeric,30,30,0,100,0
1991_ivig_preload,exp-yogurtsss_assay-intake_data.csv,mayo_cal,Numeric,30,30,0,100,0
1991_ivig_preload,exp-yogurtsss_assay-intake_data.csv,mayo_cho_g,Numeric,30,30,0,100,0
1991_ivig_preload,exp-yogurtsss_assay-intake_data.csv,mayo_fat_g,Numeric,30,30,0,100,0
1991_ivig_preload,exp-yogurtsss_assay-intake_data.csv,mayo_g,Numeric,30,30,0,100,0
1991_ivig_preload,exp-yogurtsss_assay-intake_data.csv,mayo_pro_g,Numeric,30,30,0,100,0
1991_ivig_preload,exp-yogurtsss_assay-intake_data.csv,milk_cal,Numeric,30,30,0,100,0
1991_ivig_preload,exp-yogurtsss_assay-intake_data.csv,milk_cho_g,Numeric,30,30,0,100,0
1991_ivig_preload,exp-yogurtsss_assay-intake_data.csv,milk_fat_g,Numeric,30,30,0,100,0
1991_ivig_preload,exp-yogurtsss_assay-intake_data.csv,milk_pro_g,Numeric,30,30,0,100,0
1991_ivig_preload,exp-yogurtsss_assay-intake_data.csv,mustard_cal,Numeric,30,30,0,100,0
1991_ivig_preload,exp-yogurtsss_assay-intake_data.csv,mustard_cho_g,Numeric,30,30,0,100,0
1991_ivig_preload,exp-yogurtsss_assay-intake_data.csv,mustard_fat_g,Numeric,30,30,0,100,0
1991_ivig_preload,exp-yogurtsss_assay-intake_data.csv,mustard_g,Numeric,30,30,0,100,0
1991_ivig_preload,exp-yogurtsss_assay-intake_data.csv,mustard_pro_g,Numeric,30,30,0,100,0
1991_ivig_preload,exp-yogurtsss_assay-intake_data.csv,pretzel_cal,Numeric,30,30,0,100,0
1991_ivig_preload,exp-yogurtsss_assay-intake_data.csv,pretzel_cho_g,Numeric,30,30,0,100,0
1991_ivig_preload,exp-yogurtsss_assay-intake_data.csv,pretzel_fat_g,Numeric,30,30,0,100,0
1991_ivig_preload,exp-yogurtsss_assay-intake_data.csv,pretzel_g,Numeric,30,30,0,100,0
1991_ivig_preload,exp-yogurtsss_assay-intake_data.csv,pretzel_pro_g,Numeric,30,30,0,100,0
1991_ivig_preload,exp-yogurtsss_assay-intake_data.csv,session,Numeric,30,30,0,100,0
1991_ivig_preload,exp-yogurtsss_assay-intake_data.csv,sorbet_cal,Numeric,30,30,0,100,0
1991_ivig_preload,exp-yogurtsss_assay-intake_data.csv,sorbet_cho_g,Numeric,30,30,0,100,0
1991_ivig_preload,exp-yogurtsss_assay-intake_data.csv,sorbet_fat_g,Numeric,30,30,0,100,0
1991_ivig_preload,exp-yogurtsss_assay-intake_data.csv,sorbet_g,Numeric,30,30,0,100,0
1991_ivig_preload,exp-yogurtsss_assay-intake_data.csv,sorbet_pro_g,Numeric,30,30,0,100,0
1991_ivig_preload,exp-yogurtsss_assay-intake_data.csv,time,Numeric,30,30,0,100,0
1991_ivig_preload,exp-yogurtsss_assay-intake_data.csv,time_yogurt,Numeric,30,10,20,33.33,66.67
1991_ivig_preload,exp-yogurtsss_assay-intake_data.csv,tomato_cal,Numeric,30,30,0,100,0
1991_ivig_preload,exp-yogurtsss_assay-intake_data.csv,tomato_cho_g,Numeric,30,30,0,100,0
1991_ivig_preload,exp-yogurtsss_assay-intake_data.csv,tomato_fat_g,Numeric,30,30,0,100,0
1991_ivig_preload,exp-yogurtsss_assay-intake_data.csv,tomato_g,Numeric,30,30,0,100,0
1991_ivig_preload,exp-yogurtsss_assay-intake_data.csv,tomato_pro_g,Numeric,30,30,0,100,0
1991_ivig_preload,exp-yogurtsss_assay-intake_data.csv,tuna_salad_cal,Numeric,30,30,0,100,0
1991_ivig_preload,exp-yogurtsss_assay-intake_data.csv,tuna_salad_cho_g,Numeric,30,30,0,100,0
1991_ivig_preload,exp-yogurtsss_assay-intake_data.csv,tuna_salad_fat_g,Numeric,30,30,0,100,0
1991_ivig_preload,exp-yogurtsss_assay-intake_data.csv,tuna_salad_g,Numeric,30,30,0,100,0
1991_ivig_preload,exp-yogurtsss_assay-intake_data.csv,tuna_salad_pro_g,Numeric,30,30,0,100,0
1991_ivig_preload,exp-yogurtsss_assay-intake_data.csv,turkey_cal,Numeric,30,30,0,100,0
1991_ivig_preload,exp-yogurtsss_assay-intake_data.csv,turkey_cho_g,Numeric,30,30,0,100,0
1991_ivig_preload,exp-yogurtsss_assay-intake_data.csv,turkey_fat_g,Numeric,30,30,0,100,0
1991_ivig_preload,exp-yogurtsss_assay-intake_data.csv,turkey_g,Numeric,30,30,0,100,0
1991_ivig_preload,exp-yogurtsss_assay-intake_data.csv,turkey_pro_g,Numeric,30,30,0,100,0
1991_ivig_preload,exp-yogurtsss_assay-intake_data.csv,water_g,Numeric,30,30,0,100,0
1991_ivig_preload,exp-yogurtsss_assay-intake_data.csv,yogurt_cal,Numeric,30,18,12,60,40
1991_ivig_preload,exp-yogurtsss_assay-intake_data.csv,yogurt_cho_g,Numeric,30,8,22,26.67,73.33
1991_ivig_preload,exp-yogurtsss_assay-intake_data.csv,yogurt_fat_g,Numeric,30,14,16,46.67,53.33
1991_ivig_preload,exp-yogurtsss_assay-intake_data.csv,yogurt_g,Numeric,30,24,6,80,20
1991_ivig_preload,exp-yogurtsss_assay-intake_data.csv,yogurt_pro_g,Numeric,30,8,22,26.67,73.33
1991_ivig_preload,exp-yogurtsss_assay-rating_data.csv,cond,Categorical,36,36,0,100,0
1991_ivig_preload,exp-yogurtsss_assay-rating_data.csv,desire_eat,Numeric,36,36,0,100,0
1991_ivig_preload,exp-yogurtsss_assay-rating_data.csv,fullness,Numeric,36,36,0,100,0
1991_ivig_preload,exp-yogurtsss_assay-rating_data.csv,hunger,Numeric,36,36,0,100,0
1991_ivig_preload,exp-yogurtsss_assay-rating_data.csv,id,Categorical,36,36,0,100,0
1991_ivig_preload,exp-yogurtsss_assay-rating_data.csv,much_eat,Numeric,36,36,0,100,0
1991_ivig_preload,exp-yogurtsss_assay-rating_data.csv,nausea,Numeric,36,36,0,100,0
1991_ivig_preload,exp-yogurtsss_assay-rating_data.csv,session,Numeric,36,36,0,100,0
1991_ivig_preload,exp-yogurtsss_assay-rating_data.csv,thirst,Numeric,36,35,1,97.22,2.78
1991_ivig_preload,exp-yogurtsss_assay-rating_data.csv,time,Numeric,36,36,0,100,0
1991_ivig_preload,exp-yogurtsss_assay-rating_data.csv,yogurt_creaminess,Numeric,36,24,12,66.67,33.33
1991_ivig_preload,exp-yogurtsss_assay-rating_data.csv,yogurt_desire_eat,Numeric,36,24,12,66.67,33.33
1991_ivig_preload,exp-yogurtsss_assay-rating_data.csv,yogurt_fattiness,Numeric,36,24,12,66.67,33.33
1991_ivig_preload,exp-yogurtsss_assay-rating_data.csv,yogurt_fruitiness,Numeric,36,24,12,66.67,33.33
1991_ivig_preload,exp-yogurtsss_assay-rating_data.csv,yogurt_much_eat,Numeric,36,24,12,66.67,33.33
1991_ivig_preload,exp-yogurtsss_assay-rating_data.csv,yogurt_pleasant,Numeric,36,24,12,66.67,33.33
1991_ivig_preload,exp-yogurtsss_assay-rating_data.csv,yogurt_subj_cal,Numeric,36,24,12,66.67,33.33
1991_ivig_preload,exp-yogurtsss_assay-rating_data.csv,yogurt_subj_cho,Numeric,36,24,12,66.67,33.33
1991_ivig_preload,exp-yogurtsss_assay-rating_data.csv,yogurt_sweetness,Numeric,36,24,12,66.67,33.33
1992_eatdis_deprivation,assay-demo_data.csv,age,Numeric,49,47,2,95.92,4.08
1992_eatdis_deprivation,assay-demo_data.csv,bsq,Numeric,49,26,23,53.06,46.94
1992_eatdis_deprivation,assay-demo_data.csv,eat,Numeric,49,40,9,81.63,18.37
1992_eatdis_deprivation,assay-demo_data.csv,edi_body_dissat,Numeric,49,23,26,46.94,53.06
1992_eatdis_deprivation,assay-demo_data.csv,ei_cog_restraint,Numeric,49,34,15,69.39,30.61
1992_eatdis_deprivation,assay-demo_data.csv,ei_disinhibit,Numeric,49,32,17,65.31,34.69
1992_eatdis_deprivation,assay-demo_data.csv,ei_hunger,Numeric,49,32,17,65.31,34.69
1992_eatdis_deprivation,assay-demo_data.csv,group,Numeric,49,49,0,100,0
1992_eatdis_deprivation,assay-demo_data.csv,id,Character,49,49,0,100,0
1992_eatdis_deprivation,assay-demo_data.csv,illness_dur,Numeric,49,16,33,32.65,67.35
1992_eatdis_deprivation,assay-demo_data.csv,perc_ideal_bw,Numeric,49,10,39,20.41,79.59
1992_eatdis_deprivation,assay-demo_data.csv,restrict_cond,Numeric,49,49,0,100,0
1992_eatdis_deprivation,assay-demo_data.csv,zung,Numeric,49,33,16,67.35,32.65
1992_eatdis_deprivation,assay-intake_data.csv,alert_post,Numeric,98,98,0,100,0
1992_eatdis_deprivation,assay-intake_data.csv,alert_pre,Numeric,98,98,0,100,0
1992_eatdis_deprivation,assay-intake_data.csv,alfredo_cal,Numeric,98,98,0,100,0
1992_eatdis_deprivation,assay-intake_data.csv,alfredo_g,Numeric,98,98,0,100,0
1992_eatdis_deprivation,assay-intake_data.csv,apple_cal,Numeric,98,98,0,100,0
1992_eatdis_deprivation,assay-intake_data.csv,apple_g,Numeric,98,98,0,100,0
1992_eatdis_deprivation,assay-intake_data.csv,binge_desire_post,Numeric,98,97,1,98.98,1.02
1992_eatdis_deprivation,assay-intake_data.csv,binge_desire_pre,Numeric,98,98,0,100,0
1992_eatdis_deprivation,assay-intake_data.csv,bloated_post,Numeric,98,98,0,100,0
1992_eatdis_deprivation,assay-intake_data.csv,bloated_pre,Numeric,98,98,0,100,0
1992_eatdis_deprivation,assay-intake_data.csv,bread_cal,Numeric,98,98,0,100,0
1992_eatdis_deprivation,assay-intake_data.csv,bread_g,Numeric,98,98,0,100,0
1992_eatdis_deprivation,assay-intake_data.csv,brownie_cal,Numeric,98,98,0,100,0
1992_eatdis_deprivation,assay-intake_data.csv,brownie_g,Numeric,98,98,0,100,0
1992_eatdis_deprivation,assay-intake_data.csv,cake_cal,Numeric,98,98,0,100,0
1992_eatdis_deprivation,assay-intake_data.csv,cake_g,Numeric,98,98,0,100,0
1992_eatdis_deprivation,assay-intake_data.csv,cheese_cal,Numeric,98,98,0,100,0
1992_eatdis_deprivation,assay-intake_data.csv,cheese_g,Numeric,98,98,0,100,0
1992_eatdis_deprivation,assay-intake_data.csv,chips_cal,Numeric,98,98,0,100,0
1992_eatdis_deprivation,assay-intake_data.csv,chips_g,Numeric,98,98,0,100,0
1992_eatdis_deprivation,assay-intake_data.csv,content_post,Numeric,98,96,2,97.96,2.04
1992_eatdis_deprivation,assay-intake_data.csv,content_pre,Numeric,98,96,2,97.96,2.04
1992_eatdis_deprivation,assay-intake_data.csv,cookies_cal,Numeric,98,98,0,100,0
1992_eatdis_deprivation,assay-intake_data.csv,cookies_g,Numeric,98,98,0,100,0
1992_eatdis_deprivation,assay-intake_data.csv,cucumber_cal,Numeric,98,98,0,100,0
1992_eatdis_deprivation,assay-intake_data.csv,cucumber_g,Numeric,98,98,0,100,0
1992_eatdis_deprivation,assay-intake_data.csv,dep_cond,Numeric,98,98,0,100,0
1992_eatdis_deprivation,assay-intake_data.csv,depressed_post,Numeric,98,98,0,100,0
1992_eatdis_deprivation,assay-intake_data.csv,depressed_pre,Numeric,98,98,0,100,0
1992_eatdis_deprivation,assay-intake_data.csv,desire_post,Numeric,98,96,2,97.96,2.04
1992_eatdis_deprivation,assay-intake_data.csv,desire_pre,Numeric,98,98,0,100,0
1992_eatdis_deprivation,assay-intake_data.csv,fear_fat_post,Numeric,98,98,0,100,0
1992_eatdis_deprivation,assay-intake_data.csv,fear_fat_pre,Numeric,98,97,1,98.98,1.02
1992_eatdis_deprivation,assay-intake_data.csv,fullness_post,Numeric,98,98,0,100,0
1992_eatdis_deprivation,assay-intake_data.csv,fullness_pre,Numeric,98,98,0,100,0
1992_eatdis_deprivation,assay-intake_data.csv,group,Numeric,98,98,0,100,0
1992_eatdis_deprivation,assay-intake_data.csv,guilt_post,Numeric,98,98,0,100,0
1992_eatdis_deprivation,assay-intake_data.csv,guilt_pre,Numeric,98,97,1,98.98,1.02
1992_eatdis_deprivation,assay-intake_data.csv,hershey_kiss_cal,Numeric,98,98,0,100,0
1992_eatdis_deprivation,assay-intake_data.csv,hershey_kiss_g,Numeric,98,98,0,100,0
1992_eatdis_deprivation,assay-intake_data.csv,hunger_post,Numeric,98,98,0,100,0
1992_eatdis_deprivation,assay-intake_data.csv,hunger_pre,Numeric,98,98,0,100,0
1992_eatdis_deprivation,assay-intake_data.csv,icecream_cal,Numeric,98,98,0,100,0
1992_eatdis_deprivation,assay-intake_data.csv,icecream_g,Numeric,98,98,0,100,0
1992_eatdis_deprivation,assay-intake_data.csv,id,Character,98,98,0,100,0
1992_eatdis_deprivation,assay-intake_data.csv,lettuce_cal,Numeric,98,98,0,100,0
1992_eatdis_deprivation,assay-intake_data.csv,lettuce_g,Numeric,98,98,0,100,0
1992_eatdis_deprivation,assay-intake_data.csv,margarine_cal,Numeric,98,98,0,100,0
1992_eatdis_deprivation,assay-intake_data.csv,margarine_g,Numeric,98,98,0,100,0
1992_eatdis_deprivation,assay-intake_data.csv,marinara_cal,Numeric,98,98,0,100,0
1992_eatdis_deprivation,assay-intake_data.csv,marinara_g,Numeric,98,98,0,100,0
1992_eatdis_deprivation,assay-intake_data.csv,mayo_cal,Numeric,98,98,0,100,0
1992_eatdis_deprivation,assay-intake_data.csv,mayo_g,Numeric,98,98,0,100,0
1992_eatdis_deprivation,assay-intake_data.csv,much_eat_post,Numeric,98,98,0,100,0
1992_eatdis_deprivation,assay-intake_data.csv,much_eat_pre,Numeric,98,97,1,98.98,1.02
1992_eatdis_deprivation,assay-intake_data.csv,mustard_cal,Numeric,98,98,0,100,0
1992_eatdis_deprivation,assay-intake_data.csv,mustard_g,Numeric,98,98,0,100,0
1992_eatdis_deprivation,assay-intake_data.csv,nausea_post,Numeric,98,97,1,98.98,1.02
1992_eatdis_deprivation,assay-intake_data.csv,nausea_pre,Numeric,98,95,3,96.94,3.06
1992_eatdis_deprivation,assay-intake_data.csv,parm_cheese_cal,Numeric,98,98,0,100,0
1992_eatdis_deprivation,assay-intake_data.csv,parm_cheese_g,Numeric,98,98,0,100,0
1992_eatdis_deprivation,assay-intake_data.csv,pasta_cal,Numeric,98,98,0,100,0
1992_eatdis_deprivation,assay-intake_data.csv,pasta_g,Numeric,98,98,0,100,0
1992_eatdis_deprivation,assay-intake_data.csv,perc_cho_cal,Numeric,98,98,0,100,0
1992_eatdis_deprivation,assay-intake_data.csv,perc_cho_g,Numeric,98,98,0,100,0
1992_eatdis_deprivation,assay-intake_data.csv,perc_fat_cal,Numeric,98,98,0,100,0
1992_eatdis_deprivation,assay-intake_data.csv,perc_fat_g,Numeric,98,98,0,100,0
1992_eatdis_deprivation,assay-intake_data.csv,perc_pro_cal,Numeric,98,98,0,100,0
1992_eatdis_deprivation,assay-intake_data.csv,perc_pro_g,Numeric,98,98,0,100,0
1992_eatdis_deprivation,assay-intake_data.csv,purge_desire_post,Numeric,98,98,0,100,0
1992_eatdis_deprivation,assay-intake_data.csv,purge_desire_pre,Numeric,98,98,0,100,0
1992_eatdis_deprivation,assay-intake_data.csv,restrict_cond,Numeric,98,98,0,100,0
1992_eatdis_deprivation,assay-intake_data.csv,session,Numeric,98,98,0,100,0
1992_eatdis_deprivation,assay-intake_data.csv,snickers_cal,Numeric,98,98,0,100,0
1992_eatdis_deprivation,assay-intake_data.csv,snickers_g,Numeric,98,98,0,100,0
1992_eatdis_deprivation,assay-intake_data.csv,thirst_post,Numeric,98,98,0,100,0
1992_eatdis_deprivation,assay-intake_data.csv,thirst_pre,Numeric,98,98,0,100,0
1992_eatdis_deprivation,assay-intake_data.csv,time,Numeric,98,97,1,98.98,1.02
1992_eatdis_deprivation,assay-intake_data.csv,tomato_cal,Numeric,98,98,0,100,0
1992_eatdis_deprivation,assay-intake_data.csv,tomato_g,Numeric,98,98,0,100,0
1992_eatdis_deprivation,assay-intake_data.csv,total_cho_cal,Numeric,98,98,0,100,0
1992_eatdis_deprivation,assay-intake_data.csv,total_cho_g,Numeric,98,98,0,100,0
1992_eatdis_deprivation,assay-intake_data.csv,total_fat_cal,Numeric,98,98,0,100,0
1992_eatdis_deprivation,assay-intake_data.csv,total_fat_g,Numeric,98,98,0,100,0
1992_eatdis_deprivation,assay-intake_data.csv,total_g,Numeric,98,98,0,100,0
1992_eatdis_deprivation,assay-intake_data.csv,total_kcal,Numeric,98,98,0,100,0
1992_eatdis_deprivation,assay-intake_data.csv,total_pro_cal,Numeric,98,98,0,100,0
1992_eatdis_deprivation,assay-intake_data.csv,total_pro_g,Numeric,98,98,0,100,0
1992_eatdis_deprivation,assay-intake_data.csv,turkey_cal,Numeric,98,98,0,100,0
1992_eatdis_deprivation,assay-intake_data.csv,turkey_g,Numeric,98,98,0,100,0
1992_eatdis_deprivation,assay-intake_data.csv,water_g,Numeric,98,98,0,100,0
1992_eatdis_deprivation,sub-0343_assay-microstructure_cond-control.csv,activity,Numeric,89,89,0,100,0
1992_eatdis_deprivation,sub-0343_assay-microstructure_cond-control.csv,activity-2,Empty,89,0,89,0,100
1992_eatdis_deprivation,sub-0343_assay-microstructure_cond-control.csv,cond,Categorical,89,89,0,100,0
1992_eatdis_deprivation,sub-0343_assay-microstructure_cond-control.csv,food,Categorical,89,89,0,100,0
1992_eatdis_deprivation,sub-0343_assay-microstructure_cond-control.csv,food-2,Empty,89,0,89,0,100
1992_eatdis_deprivation,sub-0343_assay-microstructure_cond-control.csv,group,Numeric,89,89,0,100,0
1992_eatdis_deprivation,sub-0343_assay-microstructure_cond-control.csv,group-2,Empty,89,0,89,0,100
1992_eatdis_deprivation,sub-0343_assay-microstructure_cond-control.csv,id,Numeric,89,89,0,100,0
1992_eatdis_deprivation,sub-0343_assay-microstructure_cond-control.csv,start,Numeric,89,89,0,100,0
1992_eatdis_deprivation,sub-0343_assay-microstructure_cond-control.csv,start-2,Empty,89,0,89,0,100
1992_eatdis_deprivation,sub-0343_assay-microstructure_cond-control.csv,thirds,Categorical,89,89,0,100,0
1992_eatdis_deprivation,sub-0343_assay-microstructure_cond-control.csv,thirds-2,Empty,89,0,89,0,100
1992_eatdis_deprivation,sub-0343_assay-microstructure_cond-control.csv,time_1,Numeric,89,89,0,100,0
1992_eatdis_deprivation,sub-0343_assay-microstructure_cond-control.csv,time_2,Numeric,89,89,0,100,0
1992_eatdis_deprivation,sub-0343_assay-microstructure_cond-control.csv,time_2-1,Empty,89,0,89,0,100
1992_eatdis_deprivation,sub-0343_assay-microstructure_cond-control.csv,time_2-2,Empty,89,0,89,0,100
1992_eatdis_deprivation,sub-0343_assay-microstructure_cond-control.csv,trace,Numeric,89,89,0,100,0
1992_eatdis_deprivation,sub-0343_assay-microstructure_cond-control.csv,trace-2,Empty,89,0,89,0,100
1992_eatdis_deprivation,sub-0343_assay-microstructure_cond-deprivaiton.csv,activity,Numeric,40,40,0,100,0
1992_eatdis_deprivation,sub-0343_assay-microstructure_cond-deprivaiton.csv,activity-2,Empty,40,0,40,0,100
1992_eatdis_deprivation,sub-0343_assay-microstructure_cond-deprivaiton.csv,cond,Categorical,40,40,0,100,0
1992_eatdis_deprivation,sub-0343_assay-microstructure_cond-deprivaiton.csv,food,Categorical,40,40,0,100,0
1992_eatdis_deprivation,sub-0343_assay-microstructure_cond-deprivaiton.csv,food-2,Empty,40,0,40,0,100
1992_eatdis_deprivation,sub-0343_assay-microstructure_cond-deprivaiton.csv,group,Numeric,40,40,0,100,0
1992_eatdis_deprivation,sub-0343_assay-microstructure_cond-deprivaiton.csv,group-2,Empty,40,0,40,0,100
1992_eatdis_deprivation,sub-0343_assay-microstructure_cond-deprivaiton.csv,id,Numeric,40,40,0,100,0
1992_eatdis_deprivation,sub-0343_assay-microstructure_cond-deprivaiton.csv,start,Numeric,40,40,0,100,0
1992_eatdis_deprivation,sub-0343_assay-microstructure_cond-deprivaiton.csv,start-2,Empty,40,0,40,0,100
1992_eatdis_deprivation,sub-0343_assay-microstructure_cond-deprivaiton.csv,thirds,Categorical,40,40,0,100,0
1992_eatdis_deprivation,sub-0343_assay-microstructure_cond-deprivaiton.csv,thirds-2,Empty,40,0,40,0,100
1992_eatdis_deprivation,sub-0343_assay-microstructure_cond-deprivaiton.csv,time_1,Numeric,40,40,0,100,0
1992_eatdis_deprivation,sub-0343_assay-microstructure_cond-deprivaiton.csv,time_2,Numeric,40,40,0,100,0
1992_eatdis_deprivation,sub-0343_assay-microstructure_cond-deprivaiton.csv,time_2-1,Empty,40,0,40,0,100
1992_eatdis_deprivation,sub-0343_assay-microstructure_cond-deprivaiton.csv,time_2-2,Empty,40,0,40,0,100
1992_eatdis_deprivation,sub-0343_assay-microstructure_cond-deprivaiton.csv,trace,Numeric,40,40,0,100,0
1992_eatdis_deprivation,sub-0343_assay-microstructure_cond-deprivaiton.csv,trace-2,Empty,40,0,40,0,100
1992_eatdis_deprivation,sub-04db_assay-microstructure_cond-control.csv,activity,Numeric,94,94,0,100,0
1992_eatdis_deprivation,sub-04db_assay-microstructure_cond-control.csv,activity-2,Empty,94,0,94,0,100
1992_eatdis_deprivation,sub-04db_assay-microstructure_cond-control.csv,cond,Categorical,94,94,0,100,0
1992_eatdis_deprivation,sub-04db_assay-microstructure_cond-control.csv,food,Categorical,94,94,0,100,0
1992_eatdis_deprivation,sub-04db_assay-microstructure_cond-control.csv,food-2,Empty,94,0,94,0,100
1992_eatdis_deprivation,sub-04db_assay-microstructure_cond-control.csv,group,Numeric,94,94,0,100,0
1992_eatdis_deprivation,sub-04db_assay-microstructure_cond-control.csv,group-2,Empty,94,0,94,0,100
1992_eatdis_deprivation,sub-04db_assay-microstructure_cond-control.csv,id,Categorical,94,94,0,100,0
1992_eatdis_deprivation,sub-04db_assay-microstructure_cond-control.csv,start,Numeric,94,94,0,100,0
1992_eatdis_deprivation,sub-04db_assay-microstructure_cond-control.csv,start-2,Empty,94,0,94,0,100
1992_eatdis_deprivation,sub-04db_assay-microstructure_cond-control.csv,thirds,Categorical,94,94,0,100,0
1992_eatdis_deprivation,sub-04db_assay-microstructure_cond-control.csv,thirds-2,Empty,94,0,94,0,100
1992_eatdis_deprivation,sub-04db_assay-microstructure_cond-control.csv,time_1,Numeric,94,94,0,100,0
1992_eatdis_deprivation,sub-04db_assay-microstructure_cond-control.csv,time_2,Numeric,94,94,0,100,0
1992_eatdis_deprivation,sub-04db_assay-microstructure_cond-control.csv,time_2-1,Empty,94,0,94,0,100
1992_eatdis_deprivation,sub-04db_assay-microstructure_cond-control.csv,time_2-2,Empty,94,0,94,0,100
1992_eatdis_deprivation,sub-04db_assay-microstructure_cond-control.csv,trace,Numeric,94,94,0,100,0
1992_eatdis_deprivation,sub-04db_assay-microstructure_cond-control.csv,trace-2,Empty,94,0,94,0,100
1992_eatdis_deprivation,sub-04db_assay-microstructure_cond-deprivaiton.csv,activity,Numeric,143,143,0,100,0
1992_eatdis_deprivation,sub-04db_assay-microstructure_cond-deprivaiton.csv,activity-2,Empty,143,0,143,0,100
1992_eatdis_deprivation,sub-04db_assay-microstructure_cond-deprivaiton.csv,cond,Categorical,143,143,0,100,0
1992_eatdis_deprivation,sub-04db_assay-microstructure_cond-deprivaiton.csv,food,Categorical,143,143,0,100,0
1992_eatdis_deprivation,sub-04db_assay-microstructure_cond-deprivaiton.csv,food-2,Empty,143,0,143,0,100
1992_eatdis_deprivation,sub-04db_assay-microstructure_cond-deprivaiton.csv,group,Numeric,143,143,0,100,0
1992_eatdis_deprivation,sub-04db_assay-microstructure_cond-deprivaiton.csv,group-2,Empty,143,0,143,0,100
1992_eatdis_deprivation,sub-04db_assay-microstructure_cond-deprivaiton.csv,id,Categorical,143,143,0,100,0
1992_eatdis_deprivation,sub-04db_assay-microstructure_cond-deprivaiton.csv,start,Numeric,143,143,0,100,0
1992_eatdis_deprivation,sub-04db_assay-microstructure_cond-deprivaiton.csv,start-2,Empty,143,0,143,0,100
1992_eatdis_deprivation,sub-04db_assay-microstructure_cond-deprivaiton.csv,thirds,Categorical,143,143,0,100,0
1992_eatdis_deprivation,sub-04db_assay-microstructure_cond-deprivaiton.csv,thirds-2,Empty,143,0,143,0,100
1992_eatdis_deprivation,sub-04db_assay-microstructure_cond-deprivaiton.csv,time_1,Numeric,143,143,0,100,0
1992_eatdis_deprivation,sub-04db_assay-microstructure_cond-deprivaiton.csv,time_2,Numeric,143,143,0,100,0
1992_eatdis_deprivation,sub-04db_assay-microstructure_cond-deprivaiton.csv,time_2-1,Empty,143,0,143,0,100
1992_eatdis_deprivation,sub-04db_assay-microstructure_cond-deprivaiton.csv,time_2-2,Empty,143,0,143,0,100
1992_eatdis_deprivation,sub-04db_assay-microstructure_cond-deprivaiton.csv,trace,Numeric,143,143,0,100,0
1992_eatdis_deprivation,sub-04db_assay-microstructure_cond-deprivaiton.csv,trace-2,Empty,143,0,143,0,100
1992_eatdis_deprivation,sub-0a40_assay-microstructure_cond-control.csv,activity,Numeric,110,110,0,100,0
1992_eatdis_deprivation,sub-0a40_assay-microstructure_cond-control.csv,activity-2,Empty,110,0,110,0,100
1992_eatdis_deprivation,sub-0a40_assay-microstructure_cond-control.csv,cond,Categorical,110,110,0,100,0
1992_eatdis_deprivation,sub-0a40_assay-microstructure_cond-control.csv,food,Categorical,110,110,0,100,0
1992_eatdis_deprivation,sub-0a40_assay-microstructure_cond-control.csv,food-2,Empty,110,0,110,0,100
1992_eatdis_deprivation,sub-0a40_assay-microstructure_cond-control.csv,group,Numeric,110,110,0,100,0
1992_eatdis_deprivation,sub-0a40_assay-microstructure_cond-control.csv,group-2,Empty,110,0,110,0,100
1992_eatdis_deprivation,sub-0a40_assay-microstructure_cond-control.csv,id,Categorical,110,110,0,100,0
1992_eatdis_deprivation,sub-0a40_assay-microstructure_cond-control.csv,start,Numeric,110,110,0,100,0
1992_eatdis_deprivation,sub-0a40_assay-microstructure_cond-control.csv,start-2,Empty,110,0,110,0,100
1992_eatdis_deprivation,sub-0a40_assay-microstructure_cond-control.csv,thirds,Categorical,110,110,0,100,0
1992_eatdis_deprivation,sub-0a40_assay-microstructure_cond-control.csv,thirds-2,Empty,110,0,110,0,100
1992_eatdis_deprivation,sub-0a40_assay-microstructure_cond-control.csv,time_1,Numeric,110,110,0,100,0
1992_eatdis_deprivation,sub-0a40_assay-microstructure_cond-control.csv,time_2,Numeric,110,110,0,100,0
1992_eatdis_deprivation,sub-0a40_assay-microstructure_cond-control.csv,time_2-1,Empty,110,0,110,0,100
1992_eatdis_deprivation,sub-0a40_assay-microstructure_cond-control.csv,time_2-2,Empty,110,0,110,0,100
1992_eatdis_deprivation,sub-0a40_assay-microstructure_cond-control.csv,trace,Numeric,110,110,0,100,0
1992_eatdis_deprivation,sub-0a40_assay-microstructure_cond-control.csv,trace-2,Empty,110,0,110,0,100
1992_eatdis_deprivation,sub-0a40_assay-microstructure_cond-deprivaiton.csv,activity,Numeric,97,97,0,100,0
1992_eatdis_deprivation,sub-0a40_assay-microstructure_cond-deprivaiton.csv,activity-2,Empty,97,0,97,0,100
1992_eatdis_deprivation,sub-0a40_assay-microstructure_cond-deprivaiton.csv,cond,Categorical,97,97,0,100,0
1992_eatdis_deprivation,sub-0a40_assay-microstructure_cond-deprivaiton.csv,food,Categorical,97,97,0,100,0
1992_eatdis_deprivation,sub-0a40_assay-microstructure_cond-deprivaiton.csv,food-2,Empty,97,0,97,0,100
1992_eatdis_deprivation,sub-0a40_assay-microstructure_cond-deprivaiton.csv,group,Numeric,97,97,0,100,0
1992_eatdis_deprivation,sub-0a40_assay-microstructure_cond-deprivaiton.csv,group-2,Empty,97,0,97,0,100
1992_eatdis_deprivation,sub-0a40_assay-microstructure_cond-deprivaiton.csv,id,Categorical,97,97,0,100,0
1992_eatdis_deprivation,sub-0a40_assay-microstructure_cond-deprivaiton.csv,start,Numeric,97,97,0,100,0
1992_eatdis_deprivation,sub-0a40_assay-microstructure_cond-deprivaiton.csv,start-2,Empty,97,0,97,0,100
1992_eatdis_deprivation,sub-0a40_assay-microstructure_cond-deprivaiton.csv,thirds,Categorical,97,97,0,100,0
1992_eatdis_deprivation,sub-0a40_assay-microstructure_cond-deprivaiton.csv,thirds-2,Empty,97,0,97,0,100
1992_eatdis_deprivation,sub-0a40_assay-microstructure_cond-deprivaiton.csv,time_1,Numeric,97,97,0,100,0
1992_eatdis_deprivation,sub-0a40_assay-microstructure_cond-deprivaiton.csv,time_2,Numeric,97,97,0,100,0
1992_eatdis_deprivation,sub-0a40_assay-microstructure_cond-deprivaiton.csv,time_2-1,Empty,97,0,97,0,100
1992_eatdis_deprivation,sub-0a40_assay-microstructure_cond-deprivaiton.csv,time_2-2,Empty,97,0,97,0,100
1992_eatdis_deprivation,sub-0a40_assay-microstructure_cond-deprivaiton.csv,trace,Numeric,97,97,0,100,0
1992_eatdis_deprivation,sub-0a40_assay-microstructure_cond-deprivaiton.csv,trace-2,Empty,97,0,97,0,100
1992_eatdis_deprivation,sub-0a94_assay-microstructure_cond-control.csv,activity,Numeric,123,123,0,100,0
1992_eatdis_deprivation,sub-0a94_assay-microstructure_cond-control.csv,activity-2,Empty,123,0,123,0,100
1992_eatdis_deprivation,sub-0a94_assay-microstructure_cond-control.csv,cond,Categorical,123,123,0,100,0
1992_eatdis_deprivation,sub-0a94_assay-microstructure_cond-control.csv,food,Categorical,123,123,0,100,0
1992_eatdis_deprivation,sub-0a94_assay-microstructure_cond-control.csv,food-2,Empty,123,0,123,0,100
1992_eatdis_deprivation,sub-0a94_assay-microstructure_cond-control.csv,group,Numeric,123,123,0,100,0
1992_eatdis_deprivation,sub-0a94_assay-microstructure_cond-control.csv,group-2,Empty,123,0,123,0,100
1992_eatdis_deprivation,sub-0a94_assay-microstructure_cond-control.csv,id,Categorical,123,123,0,100,0
1992_eatdis_deprivation,sub-0a94_assay-microstructure_cond-control.csv,start,Numeric,123,123,0,100,0
1992_eatdis_deprivation,sub-0a94_assay-microstructure_cond-control.csv,start-2,Empty,123,0,123,0,100
1992_eatdis_deprivation,sub-0a94_assay-microstructure_cond-control.csv,thirds,Numeric,123,123,0,100,0
1992_eatdis_deprivation,sub-0a94_assay-microstructure_cond-control.csv,thirds-2,Empty,123,0,123,0,100
1992_eatdis_deprivation,sub-0a94_assay-microstructure_cond-control.csv,time_1,Numeric,123,123,0,100,0
1992_eatdis_deprivation,sub-0a94_assay-microstructure_cond-control.csv,time_2,Numeric,123,123,0,100,0
1992_eatdis_deprivation,sub-0a94_assay-microstructure_cond-control.csv,time_2-1,Empty,123,0,123,0,100
1992_eatdis_deprivation,sub-0a94_assay-microstructure_cond-control.csv,time_2-2,Empty,123,0,123,0,100
1992_eatdis_deprivation,sub-0a94_assay-microstructure_cond-control.csv,trace,Numeric,123,123,0,100,0
1992_eatdis_deprivation,sub-0a94_assay-microstructure_cond-control.csv,trace-2,Empty,123,0,123,0,100
1992_eatdis_deprivation,sub-0a94_assay-microstructure_cond-deprivaiton.csv,activity,Numeric,133,133,0,100,0
1992_eatdis_deprivation,sub-0a94_assay-microstructure_cond-deprivaiton.csv,activity-2,Empty,133,0,133,0,100
1992_eatdis_deprivation,sub-0a94_assay-microstructure_cond-deprivaiton.csv,cond,Categorical,133,133,0,100,0
1992_eatdis_deprivation,sub-0a94_assay-microstructure_cond-deprivaiton.csv,food,Categorical,133,133,0,100,0
1992_eatdis_deprivation,sub-0a94_assay-microstructure_cond-deprivaiton.csv,food-2,Empty,133,0,133,0,100
1992_eatdis_deprivation,sub-0a94_assay-microstructure_cond-deprivaiton.csv,group,Numeric,133,133,0,100,0
1992_eatdis_deprivation,sub-0a94_assay-microstructure_cond-deprivaiton.csv,group-2,Empty,133,0,133,0,100
1992_eatdis_deprivation,sub-0a94_assay-microstructure_cond-deprivaiton.csv,id,Categorical,133,133,0,100,0
1992_eatdis_deprivation,sub-0a94_assay-microstructure_cond-deprivaiton.csv,start,Numeric,133,133,0,100,0
1992_eatdis_deprivation,sub-0a94_assay-microstructure_cond-deprivaiton.csv,start-2,Empty,133,0,133,0,100
1992_eatdis_deprivation,sub-0a94_assay-microstructure_cond-deprivaiton.csv,thirds,Categorical,133,133,0,100,0
1992_eatdis_deprivation,sub-0a94_assay-microstructure_cond-deprivaiton.csv,thirds-2,Empty,133,0,133,0,100
1992_eatdis_deprivation,sub-0a94_assay-microstructure_cond-deprivaiton.csv,time_1,Numeric,133,133,0,100,0
1992_eatdis_deprivation,sub-0a94_assay-microstructure_cond-deprivaiton.csv,time_2,Numeric,133,133,0,100,0
1992_eatdis_deprivation,sub-0a94_assay-microstructure_cond-deprivaiton.csv,time_2-1,Empty,133,0,133,0,100
1992_eatdis_deprivation,sub-0a94_assay-microstructure_cond-deprivaiton.csv,time_2-2,Empty,133,0,133,0,100
1992_eatdis_deprivation,sub-0a94_assay-microstructure_cond-deprivaiton.csv,trace,Numeric,133,133,0,100,0
1992_eatdis_deprivation,sub-0a94_assay-microstructure_cond-deprivaiton.csv,trace-2,Empty,133,0,133,0,100
1992_eatdis_deprivation,sub-10bb_assay-microstructure_cond-control.csv,activity,Numeric,144,144,0,100,0
1992_eatdis_deprivation,sub-10bb_assay-microstructure_cond-control.csv,activity-2,Empty,144,0,144,0,100
1992_eatdis_deprivation,sub-10bb_assay-microstructure_cond-control.csv,cond,Categorical,144,144,0,100,0
1992_eatdis_deprivation,sub-10bb_assay-microstructure_cond-control.csv,food,Categorical,144,144,0,100,0
1992_eatdis_deprivation,sub-10bb_assay-microstructure_cond-control.csv,food-2,Empty,144,0,144,0,100
1992_eatdis_deprivation,sub-10bb_assay-microstructure_cond-control.csv,group,Numeric,144,144,0,100,0
1992_eatdis_deprivation,sub-10bb_assay-microstructure_cond-control.csv,group-2,Empty,144,0,144,0,100
1992_eatdis_deprivation,sub-10bb_assay-microstructure_cond-control.csv,id,Categorical,144,144,0,100,0
1992_eatdis_deprivation,sub-10bb_assay-microstructure_cond-control.csv,start,Numeric,144,144,0,100,0
1992_eatdis_deprivation,sub-10bb_assay-microstructure_cond-control.csv,start-2,Empty,144,0,144,0,100
1992_eatdis_deprivation,sub-10bb_assay-microstructure_cond-control.csv,thirds,Categorical,144,144,0,100,0
1992_eatdis_deprivation,sub-10bb_assay-microstructure_cond-control.csv,thirds-2,Empty,144,0,144,0,100
1992_eatdis_deprivation,sub-10bb_assay-microstructure_cond-control.csv,time_1,Numeric,144,144,0,100,0
1992_eatdis_deprivation,sub-10bb_assay-microstructure_cond-control.csv,time_2,Numeric,144,144,0,100,0
1992_eatdis_deprivation,sub-10bb_assay-microstructure_cond-control.csv,time_2-1,Empty,144,0,144,0,100
1992_eatdis_deprivation,sub-10bb_assay-microstructure_cond-control.csv,time_2-2,Empty,144,0,144,0,100
1992_eatdis_deprivation,sub-10bb_assay-microstructure_cond-control.csv,trace,Numeric,144,144,0,100,0
1992_eatdis_deprivation,sub-10bb_assay-microstructure_cond-control.csv,trace-2,Empty,144,0,144,0,100
1992_eatdis_deprivation,sub-10bb_assay-microstructure_cond-deprivaiton.csv,activity,Numeric,105,105,0,100,0
1992_eatdis_deprivation,sub-10bb_assay-microstructure_cond-deprivaiton.csv,activity-2,Empty,105,0,105,0,100
1992_eatdis_deprivation,sub-10bb_assay-microstructure_cond-deprivaiton.csv,cond,Categorical,105,105,0,100,0
1992_eatdis_deprivation,sub-10bb_assay-microstructure_cond-deprivaiton.csv,food,Categorical,105,105,0,100,0
1992_eatdis_deprivation,sub-10bb_assay-microstructure_cond-deprivaiton.csv,food-2,Empty,105,0,105,0,100
1992_eatdis_deprivation,sub-10bb_assay-microstructure_cond-deprivaiton.csv,group,Numeric,105,105,0,100,0
1992_eatdis_deprivation,sub-10bb_assay-microstructure_cond-deprivaiton.csv,group-2,Empty,105,0,105,0,100
1992_eatdis_deprivation,sub-10bb_assay-microstructure_cond-deprivaiton.csv,id,Categorical,105,105,0,100,0
1992_eatdis_deprivation,sub-10bb_assay-microstructure_cond-deprivaiton.csv,start,Numeric,105,105,0,100,0
1992_eatdis_deprivation,sub-10bb_assay-microstructure_cond-deprivaiton.csv,start-2,Empty,105,0,105,0,100
1992_eatdis_deprivation,sub-10bb_assay-microstructure_cond-deprivaiton.csv,thirds,Categorical,105,105,0,100,0
1992_eatdis_deprivation,sub-10bb_assay-microstructure_cond-deprivaiton.csv,thirds-2,Empty,105,0,105,0,100
1992_eatdis_deprivation,sub-10bb_assay-microstructure_cond-deprivaiton.csv,time_1,Numeric,105,105,0,100,0
1992_eatdis_deprivation,sub-10bb_assay-microstructure_cond-deprivaiton.csv,time_2,Numeric,105,105,0,100,0
1992_eatdis_deprivation,sub-10bb_assay-microstructure_cond-deprivaiton.csv,time_2-1,Empty,105,0,105,0,100
1992_eatdis_deprivation,sub-10bb_assay-microstructure_cond-deprivaiton.csv,time_2-2,Empty,105,0,105,0,100
1992_eatdis_deprivation,sub-10bb_assay-microstructure_cond-deprivaiton.csv,trace,Numeric,105,105,0,100,0
1992_eatdis_deprivation,sub-10bb_assay-microstructure_cond-deprivaiton.csv,trace-2,Empty,105,0,105,0,100
1992_eatdis_deprivation,sub-13c8_assay-microstructure_cond-control.csv,activity,Numeric,113,113,0,100,0
1992_eatdis_deprivation,sub-13c8_assay-microstructure_cond-control.csv,activity-2,Empty,113,0,113,0,100
1992_eatdis_deprivation,sub-13c8_assay-microstructure_cond-control.csv,cond,Categorical,113,113,0,100,0
1992_eatdis_deprivation,sub-13c8_assay-microstructure_cond-control.csv,food,Categorical,113,113,0,100,0
1992_eatdis_deprivation,sub-13c8_assay-microstructure_cond-control.csv,food-2,Empty,113,0,113,0,100
1992_eatdis_deprivation,sub-13c8_assay-microstructure_cond-control.csv,id,Categorical,113,113,0,100,0
1992_eatdis_deprivation,sub-13c8_assay-microstructure_cond-control.csv,start,Numeric,113,113,0,100,0
1992_eatdis_deprivation,sub-13c8_assay-microstructure_cond-control.csv,start-2,Empty,113,0,113,0,100
1992_eatdis_deprivation,sub-13c8_assay-microstructure_cond-control.csv,time_1,Numeric,113,113,0,100,0
1992_eatdis_deprivation,sub-13c8_assay-microstructure_cond-control.csv,time_2,Numeric,113,113,0,100,0
1992_eatdis_deprivation,sub-13c8_assay-microstructure_cond-control.csv,time_2-1,Empty,113,0,113,0,100
1992_eatdis_deprivation,sub-13c8_assay-microstructure_cond-control.csv,time_2-2,Empty,113,0,113,0,100
1992_eatdis_deprivation,sub-13c8_assay-microstructure_cond-control.csv,trace,Numeric,113,113,0,100,0
1992_eatdis_deprivation,sub-13c8_assay-microstructure_cond-control.csv,trace-2,Empty,113,0,113,0,100
1992_eatdis_deprivation,sub-13c8_assay-microstructure_cond-deprivaiton.csv,activity,Numeric,185,185,0,100,0
1992_eatdis_deprivation,sub-13c8_assay-microstructure_cond-deprivaiton.csv,activity-2,Empty,185,0,185,0,100
1992_eatdis_deprivation,sub-13c8_assay-microstructure_cond-deprivaiton.csv,cond,Categorical,185,185,0,100,0
1992_eatdis_deprivation,sub-13c8_assay-microstructure_cond-deprivaiton.csv,food,Categorical,185,185,0,100,0
1992_eatdis_deprivation,sub-13c8_assay-microstructure_cond-deprivaiton.csv,food-2,Empty,185,0,185,0,100
1992_eatdis_deprivation,sub-13c8_assay-microstructure_cond-deprivaiton.csv,group,Numeric,185,185,0,100,0
1992_eatdis_deprivation,sub-13c8_assay-microstructure_cond-deprivaiton.csv,group-2,Empty,185,0,185,0,100
1992_eatdis_deprivation,sub-13c8_assay-microstructure_cond-deprivaiton.csv,id,Categorical,185,185,0,100,0
1992_eatdis_deprivation,sub-13c8_assay-microstructure_cond-deprivaiton.csv,start,Numeric,185,185,0,100,0
1992_eatdis_deprivation,sub-13c8_assay-microstructure_cond-deprivaiton.csv,start-2,Empty,185,0,185,0,100
1992_eatdis_deprivation,sub-13c8_assay-microstructure_cond-deprivaiton.csv,time_1,Numeric,185,185,0,100,0
1992_eatdis_deprivation,sub-13c8_assay-microstructure_cond-deprivaiton.csv,time_2,Numeric,185,185,0,100,0
1992_eatdis_deprivation,sub-13c8_assay-microstructure_cond-deprivaiton.csv,time_2-1,Empty,185,0,185,0,100
1992_eatdis_deprivation,sub-13c8_assay-microstructure_cond-deprivaiton.csv,time_2-2,Empty,185,0,185,0,100
1992_eatdis_deprivation,sub-13c8_assay-microstructure_cond-deprivaiton.csv,trace,Numeric,185,185,0,100,0
1992_eatdis_deprivation,sub-13c8_assay-microstructure_cond-deprivaiton.csv,trace-2,Empty,185,0,185,0,100
1992_eatdis_deprivation,sub-159b_assay-microstructure_cond-control.csv,activity,Numeric,172,172,0,100,0
1992_eatdis_deprivation,sub-159b_assay-microstructure_cond-control.csv,activity-2,Empty,172,0,172,0,100
1992_eatdis_deprivation,sub-159b_assay-microstructure_cond-control.csv,cond,Categorical,172,172,0,100,0
1992_eatdis_deprivation,sub-159b_assay-microstructure_cond-control.csv,food,Categorical,172,172,0,100,0
1992_eatdis_deprivation,sub-159b_assay-microstructure_cond-control.csv,food-2,Empty,172,0,172,0,100
1992_eatdis_deprivation,sub-159b_assay-microstructure_cond-control.csv,group,Numeric,172,172,0,100,0
1992_eatdis_deprivation,sub-159b_assay-microstructure_cond-control.csv,group-2,Empty,172,0,172,0,100
1992_eatdis_deprivation,sub-159b_assay-microstructure_cond-control.csv,id,Categorical,172,172,0,100,0
1992_eatdis_deprivation,sub-159b_assay-microstructure_cond-control.csv,start,Numeric,172,172,0,100,0
1992_eatdis_deprivation,sub-159b_assay-microstructure_cond-control.csv,start-2,Empty,172,0,172,0,100
1992_eatdis_deprivation,sub-159b_assay-microstructure_cond-control.csv,thirds,Categorical,172,172,0,100,0
1992_eatdis_deprivation,sub-159b_assay-microstructure_cond-control.csv,thirds-2,Empty,172,0,172,0,100
1992_eatdis_deprivation,sub-159b_assay-microstructure_cond-control.csv,time_1,Numeric,172,172,0,100,0
1992_eatdis_deprivation,sub-159b_assay-microstructure_cond-control.csv,time_2,Numeric,172,172,0,100,0
1992_eatdis_deprivation,sub-159b_assay-microstructure_cond-control.csv,time_2-1,Empty,172,0,172,0,100
1992_eatdis_deprivation,sub-159b_assay-microstructure_cond-control.csv,time_2-2,Empty,172,0,172,0,100
1992_eatdis_deprivation,sub-159b_assay-microstructure_cond-control.csv,trace,Numeric,172,172,0,100,0
1992_eatdis_deprivation,sub-159b_assay-microstructure_cond-control.csv,trace-2,Empty,172,0,172,0,100
1992_eatdis_deprivation,sub-159b_assay-microstructure_cond-deprivaiton.csv,activity,Numeric,223,223,0,100,0
1992_eatdis_deprivation,sub-159b_assay-microstructure_cond-deprivaiton.csv,activity-2,Empty,223,0,223,0,100
1992_eatdis_deprivation,sub-159b_assay-microstructure_cond-deprivaiton.csv,cond,Categorical,223,223,0,100,0
1992_eatdis_deprivation,sub-159b_assay-microstructure_cond-deprivaiton.csv,food,Categorical,223,223,0,100,0
1992_eatdis_deprivation,sub-159b_assay-microstructure_cond-deprivaiton.csv,food-2,Empty,223,0,223,0,100
1992_eatdis_deprivation,sub-159b_assay-microstructure_cond-deprivaiton.csv,group,Numeric,223,223,0,100,0
1992_eatdis_deprivation,sub-159b_assay-microstructure_cond-deprivaiton.csv,group-2,Empty,223,0,223,0,100
1992_eatdis_deprivation,sub-159b_assay-microstructure_cond-deprivaiton.csv,id,Categorical,223,223,0,100,0
1992_eatdis_deprivation,sub-159b_assay-microstructure_cond-deprivaiton.csv,start,Numeric,223,223,0,100,0
1992_eatdis_deprivation,sub-159b_assay-microstructure_cond-deprivaiton.csv,start-2,Empty,223,0,223,0,100
1992_eatdis_deprivation,sub-159b_assay-microstructure_cond-deprivaiton.csv,thirds,Categorical,223,223,0,100,0
1992_eatdis_deprivation,sub-159b_assay-microstructure_cond-deprivaiton.csv,thirds-2,Empty,223,0,223,0,100
1992_eatdis_deprivation,sub-159b_assay-microstructure_cond-deprivaiton.csv,time_1,Numeric,223,223,0,100,0
1992_eatdis_deprivation,sub-159b_assay-microstructure_cond-deprivaiton.csv,time_2,Numeric,223,223,0,100,0
1992_eatdis_deprivation,sub-159b_assay-microstructure_cond-deprivaiton.csv,time_2-1,Empty,223,0,223,0,100
1992_eatdis_deprivation,sub-159b_assay-microstructure_cond-deprivaiton.csv,time_2-2,Empty,223,0,223,0,100
1992_eatdis_deprivation,sub-159b_assay-microstructure_cond-deprivaiton.csv,trace,Numeric,223,223,0,100,0
1992_eatdis_deprivation,sub-159b_assay-microstructure_cond-deprivaiton.csv,trace-2,Empty,223,0,223,0,100
1992_eatdis_deprivation,sub-1cac_assay-microstructure_cond-control.csv,activity,Numeric,97,97,0,100,0
1992_eatdis_deprivation,sub-1cac_assay-microstructure_cond-control.csv,activity-2,Empty,97,0,97,0,100
1992_eatdis_deprivation,sub-1cac_assay-microstructure_cond-control.csv,cond,Categorical,97,97,0,100,0
1992_eatdis_deprivation,sub-1cac_assay-microstructure_cond-control.csv,food,Categorical,97,97,0,100,0
1992_eatdis_deprivation,sub-1cac_assay-microstructure_cond-control.csv,food-2,Empty,97,0,97,0,100
1992_eatdis_deprivation,sub-1cac_assay-microstructure_cond-control.csv,group,Numeric,97,97,0,100,0
1992_eatdis_deprivation,sub-1cac_assay-microstructure_cond-control.csv,group-2,Empty,97,0,97,0,100
1992_eatdis_deprivation,sub-1cac_assay-microstructure_cond-control.csv,id,Categorical,97,97,0,100,0
1992_eatdis_deprivation,sub-1cac_assay-microstructure_cond-control.csv,start,Numeric,97,97,0,100,0
1992_eatdis_deprivation,sub-1cac_assay-microstructure_cond-control.csv,start-2,Empty,97,0,97,0,100
1992_eatdis_deprivation,sub-1cac_assay-microstructure_cond-control.csv,thirds,Categorical,97,97,0,100,0
1992_eatdis_deprivation,sub-1cac_assay-microstructure_cond-control.csv,thirds-2,Empty,97,0,97,0,100
1992_eatdis_deprivation,sub-1cac_assay-microstructure_cond-control.csv,time_1,Numeric,97,97,0,100,0
1992_eatdis_deprivation,sub-1cac_assay-microstructure_cond-control.csv,time_2,Numeric,97,97,0,100,0
1992_eatdis_deprivation,sub-1cac_assay-microstructure_cond-control.csv,time_2-1,Empty,97,0,97,0,100
1992_eatdis_deprivation,sub-1cac_assay-microstructure_cond-control.csv,time_2-2,Empty,97,0,97,0,100
1992_eatdis_deprivation,sub-1cac_assay-microstructure_cond-control.csv,trace,Numeric,97,97,0,100,0
1992_eatdis_deprivation,sub-1cac_assay-microstructure_cond-control.csv,trace-2,Empty,97,0,97,0,100
1992_eatdis_deprivation,sub-1cac_assay-microstructure_cond-deprivaiton.csv,activity,Numeric,117,117,0,100,0
1992_eatdis_deprivation,sub-1cac_assay-microstructure_cond-deprivaiton.csv,activity-2,Empty,117,0,117,0,100
1992_eatdis_deprivation,sub-1cac_assay-microstructure_cond-deprivaiton.csv,cond,Categorical,117,117,0,100,0
1992_eatdis_deprivation,sub-1cac_assay-microstructure_cond-deprivaiton.csv,food,Categorical,117,117,0,100,0
1992_eatdis_deprivation,sub-1cac_assay-microstructure_cond-deprivaiton.csv,food-2,Empty,117,0,117,0,100
1992_eatdis_deprivation,sub-1cac_assay-microstructure_cond-deprivaiton.csv,group,Numeric,117,117,0,100,0
1992_eatdis_deprivation,sub-1cac_assay-microstructure_cond-deprivaiton.csv,group-2,Empty,117,0,117,0,100
1992_eatdis_deprivation,sub-1cac_assay-microstructure_cond-deprivaiton.csv,id,Categorical,117,117,0,100,0
1992_eatdis_deprivation,sub-1cac_assay-microstructure_cond-deprivaiton.csv,start,Numeric,117,117,0,100,0
1992_eatdis_deprivation,sub-1cac_assay-microstructure_cond-deprivaiton.csv,start-2,Empty,117,0,117,0,100
1992_eatdis_deprivation,sub-1cac_assay-microstructure_cond-deprivaiton.csv,thirds,Categorical,117,117,0,100,0
1992_eatdis_deprivation,sub-1cac_assay-microstructure_cond-deprivaiton.csv,thirds-2,Empty,117,0,117,0,100
1992_eatdis_deprivation,sub-1cac_assay-microstructure_cond-deprivaiton.csv,time_1,Numeric,117,117,0,100,0
1992_eatdis_deprivation,sub-1cac_assay-microstructure_cond-deprivaiton.csv,time_2,Numeric,117,117,0,100,0
1992_eatdis_deprivation,sub-1cac_assay-microstructure_cond-deprivaiton.csv,time_2-1,Empty,117,0,117,0,100
1992_eatdis_deprivation,sub-1cac_assay-microstructure_cond-deprivaiton.csv,time_2-2,Empty,117,0,117,0,100
1992_eatdis_deprivation,sub-1cac_assay-microstructure_cond-deprivaiton.csv,trace,Numeric,117,117,0,100,0
1992_eatdis_deprivation,sub-1cac_assay-microstructure_cond-deprivaiton.csv,trace-2,Empty,117,0,117,0,100
1992_eatdis_deprivation,sub-1f20_assay-microstructure_cond-control.csv,activity,Numeric,80,80,0,100,0
1992_eatdis_deprivation,sub-1f20_assay-microstructure_cond-control.csv,activity-2,Empty,80,0,80,0,100
1992_eatdis_deprivation,sub-1f20_assay-microstructure_cond-control.csv,cond,Categorical,80,80,0,100,0
1992_eatdis_deprivation,sub-1f20_assay-microstructure_cond-control.csv,food,Categorical,80,80,0,100,0
1992_eatdis_deprivation,sub-1f20_assay-microstructure_cond-control.csv,food-2,Empty,80,0,80,0,100
1992_eatdis_deprivation,sub-1f20_assay-microstructure_cond-control.csv,group,Numeric,80,80,0,100,0
1992_eatdis_deprivation,sub-1f20_assay-microstructure_cond-control.csv,group-2,Empty,80,0,80,0,100
1992_eatdis_deprivation,sub-1f20_assay-microstructure_cond-control.csv,id,Categorical,80,80,0,100,0
1992_eatdis_deprivation,sub-1f20_assay-microstructure_cond-control.csv,start,Numeric,80,80,0,100,0
1992_eatdis_deprivation,sub-1f20_assay-microstructure_cond-control.csv,start-2,Empty,80,0,80,0,100
1992_eatdis_deprivation,sub-1f20_assay-microstructure_cond-control.csv,thirds,Categorical,80,80,0,100,0
1992_eatdis_deprivation,sub-1f20_assay-microstructure_cond-control.csv,thirds-2,Empty,80,0,80,0,100
1992_eatdis_deprivation,sub-1f20_assay-microstructure_cond-control.csv,time_1,Numeric,80,80,0,100,0
1992_eatdis_deprivation,sub-1f20_assay-microstructure_cond-control.csv,time_2,Numeric,80,80,0,100,0
1992_eatdis_deprivation,sub-1f20_assay-microstructure_cond-control.csv,time_2-1,Empty,80,0,80,0,100
1992_eatdis_deprivation,sub-1f20_assay-microstructure_cond-control.csv,time_2-2,Empty,80,0,80,0,100
1992_eatdis_deprivation,sub-1f20_assay-microstructure_cond-control.csv,trace,Numeric,80,80,0,100,0
1992_eatdis_deprivation,sub-1f20_assay-microstructure_cond-control.csv,trace-2,Empty,80,0,80,0,100
1992_eatdis_deprivation,sub-1f20_assay-microstructure_cond-deprivaiton.csv,activity,Numeric,149,149,0,100,0
1992_eatdis_deprivation,sub-1f20_assay-microstructure_cond-deprivaiton.csv,activity-2,Empty,149,0,149,0,100
1992_eatdis_deprivation,sub-1f20_assay-microstructure_cond-deprivaiton.csv,cond,Categorical,149,149,0,100,0
1992_eatdis_deprivation,sub-1f20_assay-microstructure_cond-deprivaiton.csv,food,Categorical,149,149,0,100,0
1992_eatdis_deprivation,sub-1f20_assay-microstructure_cond-deprivaiton.csv,food-2,Empty,149,0,149,0,100
1992_eatdis_deprivation,sub-1f20_assay-microstructure_cond-deprivaiton.csv,group,Numeric,149,149,0,100,0
1992_eatdis_deprivation,sub-1f20_assay-microstructure_cond-deprivaiton.csv,group-2,Empty,149,0,149,0,100
1992_eatdis_deprivation,sub-1f20_assay-microstructure_cond-deprivaiton.csv,id,Categorical,149,149,0,100,0
1992_eatdis_deprivation,sub-1f20_assay-microstructure_cond-deprivaiton.csv,start,Numeric,149,149,0,100,0
1992_eatdis_deprivation,sub-1f20_assay-microstructure_cond-deprivaiton.csv,start-2,Empty,149,0,149,0,100
1992_eatdis_deprivation,sub-1f20_assay-microstructure_cond-deprivaiton.csv,thirds,Categorical,149,149,0,100,0
1992_eatdis_deprivation,sub-1f20_assay-microstructure_cond-deprivaiton.csv,thirds-2,Empty,149,0,149,0,100
1992_eatdis_deprivation,sub-1f20_assay-microstructure_cond-deprivaiton.csv,time_1,Numeric,149,149,0,100,0
1992_eatdis_deprivation,sub-1f20_assay-microstructure_cond-deprivaiton.csv,time_2,Numeric,149,149,0,100,0
1992_eatdis_deprivation,sub-1f20_assay-microstructure_cond-deprivaiton.csv,time_2-1,Empty,149,0,149,0,100
1992_eatdis_deprivation,sub-1f20_assay-microstructure_cond-deprivaiton.csv,time_2-2,Empty,149,0,149,0,100
1992_eatdis_deprivation,sub-1f20_assay-microstructure_cond-deprivaiton.csv,trace,Numeric,149,149,0,100,0
1992_eatdis_deprivation,sub-1f20_assay-microstructure_cond-deprivaiton.csv,trace-2,Empty,149,0,149,0,100
1992_eatdis_deprivation,sub-20e1_assay-microstructure_cond-control.csv,activity,Numeric,81,81,0,100,0
1992_eatdis_deprivation,sub-20e1_assay-microstructure_cond-control.csv,activity-2,Empty,81,0,81,0,100
1992_eatdis_deprivation,sub-20e1_assay-microstructure_cond-control.csv,cond,Categorical,81,81,0,100,0
1992_eatdis_deprivation,sub-20e1_assay-microstructure_cond-control.csv,food,Categorical,81,81,0,100,0
1992_eatdis_deprivation,sub-20e1_assay-microstructure_cond-control.csv,food-2,Empty,81,0,81,0,100
1992_eatdis_deprivation,sub-20e1_assay-microstructure_cond-control.csv,group,Numeric,81,81,0,100,0
1992_eatdis_deprivation,sub-20e1_assay-microstructure_cond-control.csv,group-2,Empty,81,0,81,0,100
1992_eatdis_deprivation,sub-20e1_assay-microstructure_cond-control.csv,id,Numeric,81,81,0,100,0
1992_eatdis_deprivation,sub-20e1_assay-microstructure_cond-control.csv,start,Numeric,81,81,0,100,0
1992_eatdis_deprivation,sub-20e1_assay-microstructure_cond-control.csv,start-2,Empty,81,0,81,0,100
1992_eatdis_deprivation,sub-20e1_assay-microstructure_cond-control.csv,thirds,Categorical,81,81,0,100,0
1992_eatdis_deprivation,sub-20e1_assay-microstructure_cond-control.csv,thirds-2,Empty,81,0,81,0,100
1992_eatdis_deprivation,sub-20e1_assay-microstructure_cond-control.csv,time_1,Numeric,81,81,0,100,0
1992_eatdis_deprivation,sub-20e1_assay-microstructure_cond-control.csv,time_2,Numeric,81,81,0,100,0
1992_eatdis_deprivation,sub-20e1_assay-microstructure_cond-control.csv,time_2-1,Empty,81,0,81,0,100
1992_eatdis_deprivation,sub-20e1_assay-microstructure_cond-control.csv,time_2-2,Empty,81,0,81,0,100
1992_eatdis_deprivation,sub-20e1_assay-microstructure_cond-control.csv,trace,Numeric,81,81,0,100,0
1992_eatdis_deprivation,sub-20e1_assay-microstructure_cond-control.csv,trace-2,Empty,81,0,81,0,100
1992_eatdis_deprivation,sub-20e1_assay-microstructure_cond-deprivaiton.csv,activity,Numeric,104,104,0,100,0
1992_eatdis_deprivation,sub-20e1_assay-microstructure_cond-deprivaiton.csv,activity-2,Empty,104,0,104,0,100
1992_eatdis_deprivation,sub-20e1_assay-microstructure_cond-deprivaiton.csv,cond,Categorical,104,104,0,100,0
1992_eatdis_deprivation,sub-20e1_assay-microstructure_cond-deprivaiton.csv,food,Categorical,104,104,0,100,0
1992_eatdis_deprivation,sub-20e1_assay-microstructure_cond-deprivaiton.csv,food-2,Empty,104,0,104,0,100
1992_eatdis_deprivation,sub-20e1_assay-microstructure_cond-deprivaiton.csv,group,Numeric,104,104,0,100,0
1992_eatdis_deprivation,sub-20e1_assay-microstructure_cond-deprivaiton.csv,group-2,Empty,104,0,104,0,100
1992_eatdis_deprivation,sub-20e1_assay-microstructure_cond-deprivaiton.csv,id,Numeric,104,104,0,100,0
1992_eatdis_deprivation,sub-20e1_assay-microstructure_cond-deprivaiton.csv,start,Numeric,104,104,0,100,0
1992_eatdis_deprivation,sub-20e1_assay-microstructure_cond-deprivaiton.csv,start-2,Empty,104,0,104,0,100
1992_eatdis_deprivation,sub-20e1_assay-microstructure_cond-deprivaiton.csv,thirds,Categorical,104,104,0,100,0
1992_eatdis_deprivation,sub-20e1_assay-microstructure_cond-deprivaiton.csv,thirds-2,Empty,104,0,104,0,100
1992_eatdis_deprivation,sub-20e1_assay-microstructure_cond-deprivaiton.csv,time_1,Numeric,104,104,0,100,0
1992_eatdis_deprivation,sub-20e1_assay-microstructure_cond-deprivaiton.csv,time_2,Numeric,104,104,0,100,0
1992_eatdis_deprivation,sub-20e1_assay-microstructure_cond-deprivaiton.csv,time_2-1,Empty,104,0,104,0,100
1992_eatdis_deprivation,sub-20e1_assay-microstructure_cond-deprivaiton.csv,time_2-2,Empty,104,0,104,0,100
1992_eatdis_deprivation,sub-20e1_assay-microstructure_cond-deprivaiton.csv,trace,Numeric,104,104,0,100,0
1992_eatdis_deprivation,sub-20e1_assay-microstructure_cond-deprivaiton.csv,trace-2,Empty,104,0,104,0,100
1992_eatdis_deprivation,sub-291b_assay-microstructure_cond-control.csv,activity,Numeric,144,144,0,100,0
1992_eatdis_deprivation,sub-291b_assay-microstructure_cond-control.csv,activity-2,Empty,144,0,144,0,100
1992_eatdis_deprivation,sub-291b_assay-microstructure_cond-control.csv,cond,Categorical,144,144,0,100,0
1992_eatdis_deprivation,sub-291b_assay-microstructure_cond-control.csv,food,Categorical,144,144,0,100,0
1992_eatdis_deprivation,sub-291b_assay-microstructure_cond-control.csv,food-2,Empty,144,0,144,0,100
1992_eatdis_deprivation,sub-291b_assay-microstructure_cond-control.csv,group,Numeric,144,144,0,100,0
1992_eatdis_deprivation,sub-291b_assay-microstructure_cond-control.csv,group-2,Empty,144,0,144,0,100
1992_eatdis_deprivation,sub-291b_assay-microstructure_cond-control.csv,id,Categorical,144,144,0,100,0
1992_eatdis_deprivation,sub-291b_assay-microstructure_cond-control.csv,start,Numeric,144,144,0,100,0
1992_eatdis_deprivation,sub-291b_assay-microstructure_cond-control.csv,start-2,Empty,144,0,144,0,100
1992_eatdis_deprivation,sub-291b_assay-microstructure_cond-control.csv,thirds,Categorical,144,144,0,100,0
1992_eatdis_deprivation,sub-291b_assay-microstructure_cond-control.csv,thirds-2,Empty,144,0,144,0,100
1992_eatdis_deprivation,sub-291b_assay-microstructure_cond-control.csv,time_1,Numeric,144,144,0,100,0
1992_eatdis_deprivation,sub-291b_assay-microstructure_cond-control.csv,time_2,Numeric,144,144,0,100,0
1992_eatdis_deprivation,sub-291b_assay-microstructure_cond-control.csv,time_2-1,Empty,144,0,144,0,100
1992_eatdis_deprivation,sub-291b_assay-microstructure_cond-control.csv,time_2-2,Empty,144,0,144,0,100
1992_eatdis_deprivation,sub-291b_assay-microstructure_cond-control.csv,trace,Numeric,144,144,0,100,0
1992_eatdis_deprivation,sub-291b_assay-microstructure_cond-control.csv,trace-2,Empty,144,0,144,0,100
1992_eatdis_deprivation,sub-291b_assay-microstructure_cond-deprivaiton.csv,activity,Numeric,105,105,0,100,0
1992_eatdis_deprivation,sub-291b_assay-microstructure_cond-deprivaiton.csv,activity-2,Empty,105,0,105,0,100
1992_eatdis_deprivation,sub-291b_assay-microstructure_cond-deprivaiton.csv,cond,Categorical,105,105,0,100,0
1992_eatdis_deprivation,sub-291b_assay-microstructure_cond-deprivaiton.csv,food,Categorical,105,105,0,100,0
1992_eatdis_deprivation,sub-291b_assay-microstructure_cond-deprivaiton.csv,food-2,Empty,105,0,105,0,100
1992_eatdis_deprivation,sub-291b_assay-microstructure_cond-deprivaiton.csv,group,Numeric,105,105,0,100,0
1992_eatdis_deprivation,sub-291b_assay-microstructure_cond-deprivaiton.csv,group-2,Empty,105,0,105,0,100
1992_eatdis_deprivation,sub-291b_assay-microstructure_cond-deprivaiton.csv,id,Categorical,105,105,0,100,0
1992_eatdis_deprivation,sub-291b_assay-microstructure_cond-deprivaiton.csv,start,Numeric,105,105,0,100,0
1992_eatdis_deprivation,sub-291b_assay-microstructure_cond-deprivaiton.csv,start-2,Empty,105,0,105,0,100
1992_eatdis_deprivation,sub-291b_assay-microstructure_cond-deprivaiton.csv,thirds,Categorical,105,105,0,100,0
1992_eatdis_deprivation,sub-291b_assay-microstructure_cond-deprivaiton.csv,thirds-2,Empty,105,0,105,0,100
1992_eatdis_deprivation,sub-291b_assay-microstructure_cond-deprivaiton.csv,time_1,Numeric,105,105,0,100,0
1992_eatdis_deprivation,sub-291b_assay-microstructure_cond-deprivaiton.csv,time_2,Numeric,105,105,0,100,0
1992_eatdis_deprivation,sub-291b_assay-microstructure_cond-deprivaiton.csv,time_2-1,Empty,105,0,105,0,100
1992_eatdis_deprivation,sub-291b_assay-microstructure_cond-deprivaiton.csv,time_2-2,Empty,105,0,105,0,100
1992_eatdis_deprivation,sub-291b_assay-microstructure_cond-deprivaiton.csv,trace,Numeric,105,105,0,100,0
1992_eatdis_deprivation,sub-291b_assay-microstructure_cond-deprivaiton.csv,trace-2,Empty,105,0,105,0,100
1992_eatdis_deprivation,sub-2ed4_assay-microstructure_cond-control.csv,activity,Numeric,91,91,0,100,0
1992_eatdis_deprivation,sub-2ed4_assay-microstructure_cond-control.csv,activity-2,Empty,91,0,91,0,100
1992_eatdis_deprivation,sub-2ed4_assay-microstructure_cond-control.csv,cond,Categorical,91,91,0,100,0
1992_eatdis_deprivation,sub-2ed4_assay-microstructure_cond-control.csv,food,Categorical,91,91,0,100,0
1992_eatdis_deprivation,sub-2ed4_assay-microstructure_cond-control.csv,food-2,Empty,91,0,91,0,100
1992_eatdis_deprivation,sub-2ed4_assay-microstructure_cond-control.csv,group,Numeric,91,91,0,100,0
1992_eatdis_deprivation,sub-2ed4_assay-microstructure_cond-control.csv,group-2,Empty,91,0,91,0,100
1992_eatdis_deprivation,sub-2ed4_assay-microstructure_cond-control.csv,id,Categorical,91,91,0,100,0
1992_eatdis_deprivation,sub-2ed4_assay-microstructure_cond-control.csv,start,Numeric,91,91,0,100,0
1992_eatdis_deprivation,sub-2ed4_assay-microstructure_cond-control.csv,start-2,Empty,91,0,91,0,100
1992_eatdis_deprivation,sub-2ed4_assay-microstructure_cond-control.csv,thirds,Categorical,91,91,0,100,0
1992_eatdis_deprivation,sub-2ed4_assay-microstructure_cond-control.csv,thirds-2,Empty,91,0,91,0,100
1992_eatdis_deprivation,sub-2ed4_assay-microstructure_cond-control.csv,time_1,Numeric,91,91,0,100,0
1992_eatdis_deprivation,sub-2ed4_assay-microstructure_cond-control.csv,time_2,Numeric,91,91,0,100,0
1992_eatdis_deprivation,sub-2ed4_assay-microstructure_cond-control.csv,time_2-1,Empty,91,0,91,0,100
1992_eatdis_deprivation,sub-2ed4_assay-microstructure_cond-control.csv,time_2-2,Empty,91,0,91,0,100
1992_eatdis_deprivation,sub-2ed4_assay-microstructure_cond-control.csv,trace,Numeric,91,91,0,100,0
1992_eatdis_deprivation,sub-2ed4_assay-microstructure_cond-control.csv,trace-2,Empty,91,0,91,0,100
1992_eatdis_deprivation,sub-2ed4_assay-microstructure_cond-deprivaiton.csv,activity,Numeric,90,90,0,100,0
1992_eatdis_deprivation,sub-2ed4_assay-microstructure_cond-deprivaiton.csv,activity-2,Empty,90,0,90,0,100
1992_eatdis_deprivation,sub-2ed4_assay-microstructure_cond-deprivaiton.csv,cond,Categorical,90,90,0,100,0
1992_eatdis_deprivation,sub-2ed4_assay-microstructure_cond-deprivaiton.csv,food,Categorical,90,90,0,100,0
1992_eatdis_deprivation,sub-2ed4_assay-microstructure_cond-deprivaiton.csv,food-2,Empty,90,0,90,0,100
1992_eatdis_deprivation,sub-2ed4_assay-microstructure_cond-deprivaiton.csv,group,Numeric,90,90,0,100,0
1992_eatdis_deprivation,sub-2ed4_assay-microstructure_cond-deprivaiton.csv,group-2,Empty,90,0,90,0,100
1992_eatdis_deprivation,sub-2ed4_assay-microstructure_cond-deprivaiton.csv,id,Categorical,90,90,0,100,0
1992_eatdis_deprivation,sub-2ed4_assay-microstructure_cond-deprivaiton.csv,start,Numeric,90,90,0,100,0
1992_eatdis_deprivation,sub-2ed4_assay-microstructure_cond-deprivaiton.csv,start-2,Empty,90,0,90,0,100
1992_eatdis_deprivation,sub-2ed4_assay-microstructure_cond-deprivaiton.csv,thirds,Categorical,90,90,0,100,0
1992_eatdis_deprivation,sub-2ed4_assay-microstructure_cond-deprivaiton.csv,thirds-2,Empty,90,0,90,0,100
1992_eatdis_deprivation,sub-2ed4_assay-microstructure_cond-deprivaiton.csv,time_1,Numeric,90,90,0,100,0
1992_eatdis_deprivation,sub-2ed4_assay-microstructure_cond-deprivaiton.csv,time_2,Numeric,90,90,0,100,0
1992_eatdis_deprivation,sub-2ed4_assay-microstructure_cond-deprivaiton.csv,time_2-1,Empty,90,0,90,0,100
1992_eatdis_deprivation,sub-2ed4_assay-microstructure_cond-deprivaiton.csv,time_2-2,Empty,90,0,90,0,100
1992_eatdis_deprivation,sub-2ed4_assay-microstructure_cond-deprivaiton.csv,trace,Numeric,90,90,0,100,0
1992_eatdis_deprivation,sub-2ed4_assay-microstructure_cond-deprivaiton.csv,trace-2,Empty,90,0,90,0,100
1992_eatdis_deprivation,sub-408d_assay-microstructure_cond-control.csv,activity,Numeric,123,123,0,100,0
1992_eatdis_deprivation,sub-408d_assay-microstructure_cond-control.csv,activity-2,Empty,123,0,123,0,100
1992_eatdis_deprivation,sub-408d_assay-microstructure_cond-control.csv,cond,Categorical,123,123,0,100,0
1992_eatdis_deprivation,sub-408d_assay-microstructure_cond-control.csv,food,Categorical,123,123,0,100,0
1992_eatdis_deprivation,sub-408d_assay-microstructure_cond-control.csv,food-2,Empty,123,0,123,0,100
1992_eatdis_deprivation,sub-408d_assay-microstructure_cond-control.csv,group,Numeric,123,123,0,100,0
1992_eatdis_deprivation,sub-408d_assay-microstructure_cond-control.csv,group-2,Empty,123,0,123,0,100
1992_eatdis_deprivation,sub-408d_assay-microstructure_cond-control.csv,id,Categorical,123,123,0,100,0
1992_eatdis_deprivation,sub-408d_assay-microstructure_cond-control.csv,start,Numeric,123,123,0,100,0
1992_eatdis_deprivation,sub-408d_assay-microstructure_cond-control.csv,start-2,Empty,123,0,123,0,100
1992_eatdis_deprivation,sub-408d_assay-microstructure_cond-control.csv,thirds,Numeric,123,123,0,100,0
1992_eatdis_deprivation,sub-408d_assay-microstructure_cond-control.csv,thirds-2,Empty,123,0,123,0,100
1992_eatdis_deprivation,sub-408d_assay-microstructure_cond-control.csv,time_1,Numeric,123,123,0,100,0
1992_eatdis_deprivation,sub-408d_assay-microstructure_cond-control.csv,time_2,Numeric,123,123,0,100,0
1992_eatdis_deprivation,sub-408d_assay-microstructure_cond-control.csv,time_2-1,Empty,123,0,123,0,100
1992_eatdis_deprivation,sub-408d_assay-microstructure_cond-control.csv,time_2-2,Empty,123,0,123,0,100
1992_eatdis_deprivation,sub-408d_assay-microstructure_cond-control.csv,trace,Numeric,123,123,0,100,0
1992_eatdis_deprivation,sub-408d_assay-microstructure_cond-control.csv,trace-2,Empty,123,0,123,0,100
1992_eatdis_deprivation,sub-408d_assay-microstructure_cond-deprivaiton.csv,activity,Numeric,133,133,0,100,0
1992_eatdis_deprivation,sub-408d_assay-microstructure_cond-deprivaiton.csv,activity-2,Empty,133,0,133,0,100
1992_eatdis_deprivation,sub-408d_assay-microstructure_cond-deprivaiton.csv,cond,Categorical,133,133,0,100,0
1992_eatdis_deprivation,sub-408d_assay-microstructure_cond-deprivaiton.csv,food,Categorical,133,133,0,100,0
1992_eatdis_deprivation,sub-408d_assay-microstructure_cond-deprivaiton.csv,food-2,Empty,133,0,133,0,100
1992_eatdis_deprivation,sub-408d_assay-microstructure_cond-deprivaiton.csv,group,Numeric,133,133,0,100,0
1992_eatdis_deprivation,sub-408d_assay-microstructure_cond-deprivaiton.csv,group-2,Empty,133,0,133,0,100
1992_eatdis_deprivation,sub-408d_assay-microstructure_cond-deprivaiton.csv,id,Categorical,133,133,0,100,0
1992_eatdis_deprivation,sub-408d_assay-microstructure_cond-deprivaiton.csv,start,Numeric,133,133,0,100,0
1992_eatdis_deprivation,sub-408d_assay-microstructure_cond-deprivaiton.csv,start-2,Empty,133,0,133,0,100
1992_eatdis_deprivation,sub-408d_assay-microstructure_cond-deprivaiton.csv,thirds,Categorical,133,133,0,100,0
1992_eatdis_deprivation,sub-408d_assay-microstructure_cond-deprivaiton.csv,thirds-2,Empty,133,0,133,0,100
1992_eatdis_deprivation,sub-408d_assay-microstructure_cond-deprivaiton.csv,time_1,Numeric,133,133,0,100,0
1992_eatdis_deprivation,sub-408d_assay-microstructure_cond-deprivaiton.csv,time_2,Numeric,133,133,0,100,0
1992_eatdis_deprivation,sub-408d_assay-microstructure_cond-deprivaiton.csv,time_2-1,Empty,133,0,133,0,100
1992_eatdis_deprivation,sub-408d_assay-microstructure_cond-deprivaiton.csv,time_2-2,Empty,133,0,133,0,100
1992_eatdis_deprivation,sub-408d_assay-microstructure_cond-deprivaiton.csv,trace,Numeric,133,133,0,100,0
1992_eatdis_deprivation,sub-408d_assay-microstructure_cond-deprivaiton.csv,trace-2,Empty,133,0,133,0,100
1992_eatdis_deprivation,sub-42c5_assay-microstructure_cond-control.csv,activity,Numeric,81,81,0,100,0
1992_eatdis_deprivation,sub-42c5_assay-microstructure_cond-control.csv,activity-2,Empty,81,0,81,0,100
1992_eatdis_deprivation,sub-42c5_assay-microstructure_cond-control.csv,cond,Categorical,81,81,0,100,0
1992_eatdis_deprivation,sub-42c5_assay-microstructure_cond-control.csv,food,Categorical,81,81,0,100,0
1992_eatdis_deprivation,sub-42c5_assay-microstructure_cond-control.csv,food-2,Empty,81,0,81,0,100
1992_eatdis_deprivation,sub-42c5_assay-microstructure_cond-control.csv,group,Numeric,81,81,0,100,0
1992_eatdis_deprivation,sub-42c5_assay-microstructure_cond-control.csv,group-2,Empty,81,0,81,0,100
1992_eatdis_deprivation,sub-42c5_assay-microstructure_cond-control.csv,id,Categorical,81,81,0,100,0
1992_eatdis_deprivation,sub-42c5_assay-microstructure_cond-control.csv,start,Numeric,81,81,0,100,0
1992_eatdis_deprivation,sub-42c5_assay-microstructure_cond-control.csv,start-2,Empty,81,0,81,0,100
1992_eatdis_deprivation,sub-42c5_assay-microstructure_cond-control.csv,thirds,Categorical,81,81,0,100,0
1992_eatdis_deprivation,sub-42c5_assay-microstructure_cond-control.csv,thirds-2,Empty,81,0,81,0,100
1992_eatdis_deprivation,sub-42c5_assay-microstructure_cond-control.csv,time_1,Numeric,81,81,0,100,0
1992_eatdis_deprivation,sub-42c5_assay-microstructure_cond-control.csv,time_2,Numeric,81,81,0,100,0
1992_eatdis_deprivation,sub-42c5_assay-microstructure_cond-control.csv,time_2-1,Empty,81,0,81,0,100
1992_eatdis_deprivation,sub-42c5_assay-microstructure_cond-control.csv,time_2-2,Empty,81,0,81,0,100
1992_eatdis_deprivation,sub-42c5_assay-microstructure_cond-control.csv,trace,Numeric,81,81,0,100,0
1992_eatdis_deprivation,sub-42c5_assay-microstructure_cond-control.csv,trace-2,Empty,81,0,81,0,100
1992_eatdis_deprivation,sub-42c5_assay-microstructure_cond-deprivaiton.csv,activity,Numeric,104,104,0,100,0
1992_eatdis_deprivation,sub-42c5_assay-microstructure_cond-deprivaiton.csv,activity-2,Empty,104,0,104,0,100
1992_eatdis_deprivation,sub-42c5_assay-microstructure_cond-deprivaiton.csv,cond,Categorical,104,104,0,100,0
1992_eatdis_deprivation,sub-42c5_assay-microstructure_cond-deprivaiton.csv,food,Categorical,104,104,0,100,0
1992_eatdis_deprivation,sub-42c5_assay-microstructure_cond-deprivaiton.csv,food-2,Empty,104,0,104,0,100
1992_eatdis_deprivation,sub-42c5_assay-microstructure_cond-deprivaiton.csv,group,Numeric,104,104,0,100,0
1992_eatdis_deprivation,sub-42c5_assay-microstructure_cond-deprivaiton.csv,group-2,Empty,104,0,104,0,100
1992_eatdis_deprivation,sub-42c5_assay-microstructure_cond-deprivaiton.csv,id,Categorical,104,104,0,100,0
1992_eatdis_deprivation,sub-42c5_assay-microstructure_cond-deprivaiton.csv,start,Numeric,104,104,0,100,0
1992_eatdis_deprivation,sub-42c5_assay-microstructure_cond-deprivaiton.csv,start-2,Empty,104,0,104,0,100
1992_eatdis_deprivation,sub-42c5_assay-microstructure_cond-deprivaiton.csv,thirds,Categorical,104,104,0,100,0
1992_eatdis_deprivation,sub-42c5_assay-microstructure_cond-deprivaiton.csv,thirds-2,Empty,104,0,104,0,100
1992_eatdis_deprivation,sub-42c5_assay-microstructure_cond-deprivaiton.csv,time_1,Numeric,104,104,0,100,0
1992_eatdis_deprivation,sub-42c5_assay-microstructure_cond-deprivaiton.csv,time_2,Numeric,104,104,0,100,0
1992_eatdis_deprivation,sub-42c5_assay-microstructure_cond-deprivaiton.csv,time_2-1,Empty,104,0,104,0,100
1992_eatdis_deprivation,sub-42c5_assay-microstructure_cond-deprivaiton.csv,time_2-2,Empty,104,0,104,0,100
1992_eatdis_deprivation,sub-42c5_assay-microstructure_cond-deprivaiton.csv,trace,Numeric,104,104,0,100,0
1992_eatdis_deprivation,sub-42c5_assay-microstructure_cond-deprivaiton.csv,trace-2,Empty,104,0,104,0,100
1992_eatdis_deprivation,sub-44e6_assay-microstructure_cond-control.csv,activity,Numeric,144,144,0,100,0
1992_eatdis_deprivation,sub-44e6_assay-microstructure_cond-control.csv,activity-2,Empty,144,0,144,0,100
1992_eatdis_deprivation,sub-44e6_assay-microstructure_cond-control.csv,cond,Categorical,144,144,0,100,0
1992_eatdis_deprivation,sub-44e6_assay-microstructure_cond-control.csv,food,Categorical,144,80,64,55.56,44.44
1992_eatdis_deprivation,sub-44e6_assay-microstructure_cond-control.csv,food-2,Empty,144,0,144,0,100
1992_eatdis_deprivation,sub-44e6_assay-microstructure_cond-control.csv,id,Numeric,144,144,0,100,0
1992_eatdis_deprivation,sub-44e6_assay-microstructure_cond-control.csv,start,Numeric,144,144,0,100,0
1992_eatdis_deprivation,sub-44e6_assay-microstructure_cond-control.csv,start-2,Empty,144,0,144,0,100
1992_eatdis_deprivation,sub-44e6_assay-microstructure_cond-control.csv,time_1,Numeric,144,144,0,100,0
1992_eatdis_deprivation,sub-44e6_assay-microstructure_cond-control.csv,time_2,Numeric,144,144,0,100,0
1992_eatdis_deprivation,sub-44e6_assay-microstructure_cond-control.csv,time_2-1,Empty,144,0,144,0,100
1992_eatdis_deprivation,sub-44e6_assay-microstructure_cond-control.csv,time_2-2,Empty,144,0,144,0,100
1992_eatdis_deprivation,sub-44e6_assay-microstructure_cond-control.csv,trace,Numeric,144,144,0,100,0
1992_eatdis_deprivation,sub-44e6_assay-microstructure_cond-control.csv,trace-2,Empty,144,0,144,0,100
1992_eatdis_deprivation,sub-44e6_assay-microstructure_cond-deprivaiton.csv,activity,Numeric,95,95,0,100,0
1992_eatdis_deprivation,sub-44e6_assay-microstructure_cond-deprivaiton.csv,activity-2,Empty,95,0,95,0,100
1992_eatdis_deprivation,sub-44e6_assay-microstructure_cond-deprivaiton.csv,cond,Categorical,95,95,0,100,0
1992_eatdis_deprivation,sub-44e6_assay-microstructure_cond-deprivaiton.csv,food,Categorical,95,42,53,44.21,55.79
1992_eatdis_deprivation,sub-44e6_assay-microstructure_cond-deprivaiton.csv,food-2,Empty,95,0,95,0,100
1992_eatdis_deprivation,sub-44e6_assay-microstructure_cond-deprivaiton.csv,id,Numeric,95,95,0,100,0
1992_eatdis_deprivation,sub-44e6_assay-microstructure_cond-deprivaiton.csv,start,Numeric,95,95,0,100,0
1992_eatdis_deprivation,sub-44e6_assay-microstructure_cond-deprivaiton.csv,start-2,Empty,95,0,95,0,100
1992_eatdis_deprivation,sub-44e6_assay-microstructure_cond-deprivaiton.csv,time_1,Numeric,95,95,0,100,0
1992_eatdis_deprivation,sub-44e6_assay-microstructure_cond-deprivaiton.csv,time_2,Numeric,95,95,0,100,0
1992_eatdis_deprivation,sub-44e6_assay-microstructure_cond-deprivaiton.csv,time_2-1,Empty,95,0,95,0,100
1992_eatdis_deprivation,sub-44e6_assay-microstructure_cond-deprivaiton.csv,time_2-2,Empty,95,0,95,0,100
1992_eatdis_deprivation,sub-44e6_assay-microstructure_cond-deprivaiton.csv,trace,Numeric,95,95,0,100,0
1992_eatdis_deprivation,sub-44e6_assay-microstructure_cond-deprivaiton.csv,trace-2,Empty,95,0,95,0,100
1992_eatdis_deprivation,sub-44fa_assay-microstructure_cond-control.csv,activity,Numeric,80,80,0,100,0
1992_eatdis_deprivation,sub-44fa_assay-microstructure_cond-control.csv,activity-2,Empty,80,0,80,0,100
1992_eatdis_deprivation,sub-44fa_assay-microstructure_cond-control.csv,cond,Categorical,80,80,0,100,0
1992_eatdis_deprivation,sub-44fa_assay-microstructure_cond-control.csv,food,Categorical,80,80,0,100,0
1992_eatdis_deprivation,sub-44fa_assay-microstructure_cond-control.csv,food-2,Empty,80,0,80,0,100
1992_eatdis_deprivation,sub-44fa_assay-microstructure_cond-control.csv,group,Numeric,80,80,0,100,0
1992_eatdis_deprivation,sub-44fa_assay-microstructure_cond-control.csv,group-2,Empty,80,0,80,0,100
1992_eatdis_deprivation,sub-44fa_assay-microstructure_cond-control.csv,id,Categorical,80,80,0,100,0
1992_eatdis_deprivation,sub-44fa_assay-microstructure_cond-control.csv,start,Numeric,80,80,0,100,0
1992_eatdis_deprivation,sub-44fa_assay-microstructure_cond-control.csv,start-2,Empty,80,0,80,0,100
1992_eatdis_deprivation,sub-44fa_assay-microstructure_cond-control.csv,thirds,Categorical,80,80,0,100,0
1992_eatdis_deprivation,sub-44fa_assay-microstructure_cond-control.csv,thirds-2,Empty,80,0,80,0,100
1992_eatdis_deprivation,sub-44fa_assay-microstructure_cond-control.csv,time_1,Numeric,80,80,0,100,0
1992_eatdis_deprivation,sub-44fa_assay-microstructure_cond-control.csv,time_2,Numeric,80,80,0,100,0
1992_eatdis_deprivation,sub-44fa_assay-microstructure_cond-control.csv,time_2-1,Empty,80,0,80,0,100
1992_eatdis_deprivation,sub-44fa_assay-microstructure_cond-control.csv,time_2-2,Empty,80,0,80,0,100
1992_eatdis_deprivation,sub-44fa_assay-microstructure_cond-control.csv,trace,Numeric,80,80,0,100,0
1992_eatdis_deprivation,sub-44fa_assay-microstructure_cond-control.csv,trace-2,Empty,80,0,80,0,100
1992_eatdis_deprivation,sub-44fa_assay-microstructure_cond-deprivaiton.csv,activity,Numeric,149,149,0,100,0
1992_eatdis_deprivation,sub-44fa_assay-microstructure_cond-deprivaiton.csv,activity-2,Empty,149,0,149,0,100
1992_eatdis_deprivation,sub-44fa_assay-microstructure_cond-deprivaiton.csv,cond,Categorical,149,149,0,100,0
1992_eatdis_deprivation,sub-44fa_assay-microstructure_cond-deprivaiton.csv,food,Categorical,149,149,0,100,0
1992_eatdis_deprivation,sub-44fa_assay-microstructure_cond-deprivaiton.csv,food-2,Empty,149,0,149,0,100
1992_eatdis_deprivation,sub-44fa_assay-microstructure_cond-deprivaiton.csv,group,Numeric,149,149,0,100,0
1992_eatdis_deprivation,sub-44fa_assay-microstructure_cond-deprivaiton.csv,group-2,Empty,149,0,149,0,100
1992_eatdis_deprivation,sub-44fa_assay-microstructure_cond-deprivaiton.csv,id,Categorical,149,149,0,100,0
1992_eatdis_deprivation,sub-44fa_assay-microstructure_cond-deprivaiton.csv,start,Numeric,149,149,0,100,0
1992_eatdis_deprivation,sub-44fa_assay-microstructure_cond-deprivaiton.csv,start-2,Empty,149,0,149,0,100
1992_eatdis_deprivation,sub-44fa_assay-microstructure_cond-deprivaiton.csv,thirds,Categorical,149,149,0,100,0
1992_eatdis_deprivation,sub-44fa_assay-microstructure_cond-deprivaiton.csv,thirds-2,Empty,149,0,149,0,100
1992_eatdis_deprivation,sub-44fa_assay-microstructure_cond-deprivaiton.csv,time_1,Numeric,149,149,0,100,0
1992_eatdis_deprivation,sub-44fa_assay-microstructure_cond-deprivaiton.csv,time_2,Numeric,149,149,0,100,0
1992_eatdis_deprivation,sub-44fa_assay-microstructure_cond-deprivaiton.csv,time_2-1,Empty,149,0,149,0,100
1992_eatdis_deprivation,sub-44fa_assay-microstructure_cond-deprivaiton.csv,time_2-2,Empty,149,0,149,0,100
1992_eatdis_deprivation,sub-44fa_assay-microstructure_cond-deprivaiton.csv,trace,Numeric,149,149,0,100,0
1992_eatdis_deprivation,sub-44fa_assay-microstructure_cond-deprivaiton.csv,trace-2,Empty,149,0,149,0,100
1992_eatdis_deprivation,sub-46db_assay-microstructure_cond-control.csv,activity,Numeric,88,88,0,100,0
1992_eatdis_deprivation,sub-46db_assay-microstructure_cond-control.csv,activity-2,Empty,88,0,88,0,100
1992_eatdis_deprivation,sub-46db_assay-microstructure_cond-control.csv,cond,Categorical,88,88,0,100,0
1992_eatdis_deprivation,sub-46db_assay-microstructure_cond-control.csv,food,Categorical,88,88,0,100,0
1992_eatdis_deprivation,sub-46db_assay-microstructure_cond-control.csv,food-2,Empty,88,0,88,0,100
1992_eatdis_deprivation,sub-46db_assay-microstructure_cond-control.csv,group,Numeric,88,88,0,100,0
1992_eatdis_deprivation,sub-46db_assay-microstructure_cond-control.csv,group-2,Empty,88,0,88,0,100
1992_eatdis_deprivation,sub-46db_assay-microstructure_cond-control.csv,id,Categorical,88,88,0,100,0
1992_eatdis_deprivation,sub-46db_assay-microstructure_cond-control.csv,start,Numeric,88,88,0,100,0
1992_eatdis_deprivation,sub-46db_assay-microstructure_cond-control.csv,start-2,Empty,88,0,88,0,100
1992_eatdis_deprivation,sub-46db_assay-microstructure_cond-control.csv,time_1,Numeric,88,88,0,100,0
1992_eatdis_deprivation,sub-46db_assay-microstructure_cond-control.csv,time_2,Numeric,88,88,0,100,0
1992_eatdis_deprivation,sub-46db_assay-microstructure_cond-control.csv,time_2-1,Empty,88,0,88,0,100
1992_eatdis_deprivation,sub-46db_assay-microstructure_cond-control.csv,time_2-2,Empty,88,0,88,0,100
1992_eatdis_deprivation,sub-46db_assay-microstructure_cond-control.csv,trace,Numeric,88,88,0,100,0
1992_eatdis_deprivation,sub-46db_assay-microstructure_cond-control.csv,trace-2,Empty,88,0,88,0,100
1992_eatdis_deprivation,sub-46db_assay-microstructure_cond-deprivaiton.csv,activity,Numeric,140,140,0,100,0
1992_eatdis_deprivation,sub-46db_assay-microstructure_cond-deprivaiton.csv,activity-2,Empty,140,0,140,0,100
1992_eatdis_deprivation,sub-46db_assay-microstructure_cond-deprivaiton.csv,cond,Categorical,140,140,0,100,0
1992_eatdis_deprivation,sub-46db_assay-microstructure_cond-deprivaiton.csv,food,Categorical,140,140,0,100,0
1992_eatdis_deprivation,sub-46db_assay-microstructure_cond-deprivaiton.csv,food-2,Empty,140,0,140,0,100
1992_eatdis_deprivation,sub-46db_assay-microstructure_cond-deprivaiton.csv,group,Numeric,140,140,0,100,0
1992_eatdis_deprivation,sub-46db_assay-microstructure_cond-deprivaiton.csv,group-2,Empty,140,0,140,0,100
1992_eatdis_deprivation,sub-46db_assay-microstructure_cond-deprivaiton.csv,id,Categorical,140,140,0,100,0
1992_eatdis_deprivation,sub-46db_assay-microstructure_cond-deprivaiton.csv,start,Numeric,140,140,0,100,0
1992_eatdis_deprivation,sub-46db_assay-microstructure_cond-deprivaiton.csv,start-2,Empty,140,0,140,0,100
1992_eatdis_deprivation,sub-46db_assay-microstructure_cond-deprivaiton.csv,time_1,Numeric,140,140,0,100,0
1992_eatdis_deprivation,sub-46db_assay-microstructure_cond-deprivaiton.csv,time_2,Numeric,140,140,0,100,0
1992_eatdis_deprivation,sub-46db_assay-microstructure_cond-deprivaiton.csv,time_2-1,Empty,140,0,140,0,100
1992_eatdis_deprivation,sub-46db_assay-microstructure_cond-deprivaiton.csv,time_2-2,Empty,140,0,140,0,100
1992_eatdis_deprivation,sub-46db_assay-microstructure_cond-deprivaiton.csv,trace,Numeric,140,140,0,100,0
1992_eatdis_deprivation,sub-46db_assay-microstructure_cond-deprivaiton.csv,trace-2,Empty,140,0,140,0,100
1992_eatdis_deprivation,sub-4750_assay-microstructure_cond-control.csv,activity,Numeric,88,88,0,100,0
1992_eatdis_deprivation,sub-4750_assay-microstructure_cond-control.csv,activity-2,Empty,88,0,88,0,100
1992_eatdis_deprivation,sub-4750_assay-microstructure_cond-control.csv,cond,Categorical,88,88,0,100,0
1992_eatdis_deprivation,sub-4750_assay-microstructure_cond-control.csv,food,Categorical,88,88,0,100,0
1992_eatdis_deprivation,sub-4750_assay-microstructure_cond-control.csv,food-2,Empty,88,0,88,0,100
1992_eatdis_deprivation,sub-4750_assay-microstructure_cond-control.csv,group,Numeric,88,88,0,100,0
1992_eatdis_deprivation,sub-4750_assay-microstructure_cond-control.csv,group-2,Empty,88,0,88,0,100
1992_eatdis_deprivation,sub-4750_assay-microstructure_cond-control.csv,id,Numeric,88,88,0,100,0
1992_eatdis_deprivation,sub-4750_assay-microstructure_cond-control.csv,start,Numeric,88,88,0,100,0
1992_eatdis_deprivation,sub-4750_assay-microstructure_cond-control.csv,start-2,Empty,88,0,88,0,100
1992_eatdis_deprivation,sub-4750_assay-microstructure_cond-control.csv,thirds,Categorical,88,88,0,100,0
1992_eatdis_deprivation,sub-4750_assay-microstructure_cond-control.csv,thirds-2,Empty,88,0,88,0,100
1992_eatdis_deprivation,sub-4750_assay-microstructure_cond-control.csv,time_1,Numeric,88,88,0,100,0
1992_eatdis_deprivation,sub-4750_assay-microstructure_cond-control.csv,time_2,Numeric,88,88,0,100,0
1992_eatdis_deprivation,sub-4750_assay-microstructure_cond-control.csv,time_2-1,Empty,88,0,88,0,100
1992_eatdis_deprivation,sub-4750_assay-microstructure_cond-control.csv,time_2-2,Empty,88,0,88,0,100
1992_eatdis_deprivation,sub-4750_assay-microstructure_cond-control.csv,trace,Numeric,88,88,0,100,0
1992_eatdis_deprivation,sub-4750_assay-microstructure_cond-control.csv,trace-2,Empty,88,0,88,0,100
1992_eatdis_deprivation,sub-4750_assay-microstructure_cond-deprivaiton.csv,activity,Numeric,195,195,0,100,0
1992_eatdis_deprivation,sub-4750_assay-microstructure_cond-deprivaiton.csv,activity-2,Empty,195,0,195,0,100
1992_eatdis_deprivation,sub-4750_assay-microstructure_cond-deprivaiton.csv,cond,Categorical,195,195,0,100,0
1992_eatdis_deprivation,sub-4750_assay-microstructure_cond-deprivaiton.csv,food,Categorical,195,195,0,100,0
1992_eatdis_deprivation,sub-4750_assay-microstructure_cond-deprivaiton.csv,food-2,Empty,195,0,195,0,100
1992_eatdis_deprivation,sub-4750_assay-microstructure_cond-deprivaiton.csv,group,Numeric,195,195,0,100,0
1992_eatdis_deprivation,sub-4750_assay-microstructure_cond-deprivaiton.csv,group-2,Empty,195,0,195,0,100
1992_eatdis_deprivation,sub-4750_assay-microstructure_cond-deprivaiton.csv,id,Numeric,195,195,0,100,0
1992_eatdis_deprivation,sub-4750_assay-microstructure_cond-deprivaiton.csv,start,Numeric,195,195,0,100,0
1992_eatdis_deprivation,sub-4750_assay-microstructure_cond-deprivaiton.csv,start-2,Empty,195,0,195,0,100
1992_eatdis_deprivation,sub-4750_assay-microstructure_cond-deprivaiton.csv,thirds,Categorical,195,195,0,100,0
1992_eatdis_deprivation,sub-4750_assay-microstructure_cond-deprivaiton.csv,thirds-2,Empty,195,0,195,0,100
1992_eatdis_deprivation,sub-4750_assay-microstructure_cond-deprivaiton.csv,time_1,Numeric,195,195,0,100,0
1992_eatdis_deprivation,sub-4750_assay-microstructure_cond-deprivaiton.csv,time_2,Numeric,195,195,0,100,0
1992_eatdis_deprivation,sub-4750_assay-microstructure_cond-deprivaiton.csv,time_2-1,Empty,195,0,195,0,100
1992_eatdis_deprivation,sub-4750_assay-microstructure_cond-deprivaiton.csv,time_2-2,Empty,195,0,195,0,100
1992_eatdis_deprivation,sub-4750_assay-microstructure_cond-deprivaiton.csv,trace,Numeric,195,195,0,100,0
1992_eatdis_deprivation,sub-4750_assay-microstructure_cond-deprivaiton.csv,trace-2,Empty,195,0,195,0,100
1992_eatdis_deprivation,sub-4769_assay-microstructure_cond-control.csv,activity,Numeric,127,127,0,100,0
1992_eatdis_deprivation,sub-4769_assay-microstructure_cond-control.csv,activity-2,Empty,127,0,127,0,100
1992_eatdis_deprivation,sub-4769_assay-microstructure_cond-control.csv,cond,Categorical,127,127,0,100,0
1992_eatdis_deprivation,sub-4769_assay-microstructure_cond-control.csv,food,Categorical,127,127,0,100,0
1992_eatdis_deprivation,sub-4769_assay-microstructure_cond-control.csv,food-2,Empty,127,0,127,0,100
1992_eatdis_deprivation,sub-4769_assay-microstructure_cond-control.csv,group,Numeric,127,127,0,100,0
1992_eatdis_deprivation,sub-4769_assay-microstructure_cond-control.csv,group-2,Empty,127,0,127,0,100
1992_eatdis_deprivation,sub-4769_assay-microstructure_cond-control.csv,id,Numeric,127,127,0,100,0
1992_eatdis_deprivation,sub-4769_assay-microstructure_cond-control.csv,start,Numeric,127,127,0,100,0
1992_eatdis_deprivation,sub-4769_assay-microstructure_cond-control.csv,start-2,Empty,127,0,127,0,100
1992_eatdis_deprivation,sub-4769_assay-microstructure_cond-control.csv,thirds,Categorical,127,127,0,100,0
1992_eatdis_deprivation,sub-4769_assay-microstructure_cond-control.csv,thirds-2,Empty,127,0,127,0,100
1992_eatdis_deprivation,sub-4769_assay-microstructure_cond-control.csv,time_1,Numeric,127,127,0,100,0
1992_eatdis_deprivation,sub-4769_assay-microstructure_cond-control.csv,time_2,Numeric,127,127,0,100,0
1992_eatdis_deprivation,sub-4769_assay-microstructure_cond-control.csv,time_2-1,Empty,127,0,127,0,100
1992_eatdis_deprivation,sub-4769_assay-microstructure_cond-control.csv,time_2-2,Empty,127,0,127,0,100
1992_eatdis_deprivation,sub-4769_assay-microstructure_cond-control.csv,trace,Numeric,127,127,0,100,0
1992_eatdis_deprivation,sub-4769_assay-microstructure_cond-control.csv,trace-2,Empty,127,0,127,0,100
1992_eatdis_deprivation,sub-4769_assay-microstructure_cond-deprivaiton.csv,activity,Numeric,224,224,0,100,0
1992_eatdis_deprivation,sub-4769_assay-microstructure_cond-deprivaiton.csv,activity-2,Empty,224,0,224,0,100
1992_eatdis_deprivation,sub-4769_assay-microstructure_cond-deprivaiton.csv,cond,Categorical,224,224,0,100,0
1992_eatdis_deprivation,sub-4769_assay-microstructure_cond-deprivaiton.csv,food,Categorical,224,224,0,100,0
1992_eatdis_deprivation,sub-4769_assay-microstructure_cond-deprivaiton.csv,food-2,Empty,224,0,224,0,100
1992_eatdis_deprivation,sub-4769_assay-microstructure_cond-deprivaiton.csv,group,Numeric,224,224,0,100,0
1992_eatdis_deprivation,sub-4769_assay-microstructure_cond-deprivaiton.csv,group-2,Empty,224,0,224,0,100
1992_eatdis_deprivation,sub-4769_assay-microstructure_cond-deprivaiton.csv,id,Numeric,224,224,0,100,0
1992_eatdis_deprivation,sub-4769_assay-microstructure_cond-deprivaiton.csv,start,Numeric,224,224,0,100,0
1992_eatdis_deprivation,sub-4769_assay-microstructure_cond-deprivaiton.csv,start-2,Empty,224,0,224,0,100
1992_eatdis_deprivation,sub-4769_assay-microstructure_cond-deprivaiton.csv,thirds,Categorical,224,224,0,100,0
1992_eatdis_deprivation,sub-4769_assay-microstructure_cond-deprivaiton.csv,thirds-2,Empty,224,0,224,0,100
1992_eatdis_deprivation,sub-4769_assay-microstructure_cond-deprivaiton.csv,time_1,Numeric,224,224,0,100,0
1992_eatdis_deprivation,sub-4769_assay-microstructure_cond-deprivaiton.csv,time_2,Numeric,224,224,0,100,0
1992_eatdis_deprivation,sub-4769_assay-microstructure_cond-deprivaiton.csv,time_2-1,Empty,224,0,224,0,100
1992_eatdis_deprivation,sub-4769_assay-microstructure_cond-deprivaiton.csv,time_2-2,Empty,224,0,224,0,100
1992_eatdis_deprivation,sub-4769_assay-microstructure_cond-deprivaiton.csv,trace,Numeric,224,224,0,100,0
1992_eatdis_deprivation,sub-4769_assay-microstructure_cond-deprivaiton.csv,trace-2,Empty,224,0,224,0,100
1992_eatdis_deprivation,sub-4ca4_assay-microstructure_cond-control.csv,activity,Numeric,112,112,0,100,0
1992_eatdis_deprivation,sub-4ca4_assay-microstructure_cond-control.csv,activity-2,Empty,112,0,112,0,100
1992_eatdis_deprivation,sub-4ca4_assay-microstructure_cond-control.csv,cond,Categorical,112,112,0,100,0
1992_eatdis_deprivation,sub-4ca4_assay-microstructure_cond-control.csv,food,Categorical,112,112,0,100,0
1992_eatdis_deprivation,sub-4ca4_assay-microstructure_cond-control.csv,food-2,Empty,112,0,112,0,100
1992_eatdis_deprivation,sub-4ca4_assay-microstructure_cond-control.csv,group,Numeric,112,112,0,100,0
1992_eatdis_deprivation,sub-4ca4_assay-microstructure_cond-control.csv,group-2,Empty,112,0,112,0,100
1992_eatdis_deprivation,sub-4ca4_assay-microstructure_cond-control.csv,id,Categorical,112,112,0,100,0
1992_eatdis_deprivation,sub-4ca4_assay-microstructure_cond-control.csv,start,Numeric,112,112,0,100,0
1992_eatdis_deprivation,sub-4ca4_assay-microstructure_cond-control.csv,start-2,Empty,112,0,112,0,100
1992_eatdis_deprivation,sub-4ca4_assay-microstructure_cond-control.csv,thirds,Categorical,112,112,0,100,0
1992_eatdis_deprivation,sub-4ca4_assay-microstructure_cond-control.csv,thirds-2,Empty,112,0,112,0,100
1992_eatdis_deprivation,sub-4ca4_assay-microstructure_cond-control.csv,time_1,Numeric,112,112,0,100,0
1992_eatdis_deprivation,sub-4ca4_assay-microstructure_cond-control.csv,time_2,Numeric,112,112,0,100,0
1992_eatdis_deprivation,sub-4ca4_assay-microstructure_cond-control.csv,time_2-1,Empty,112,0,112,0,100
1992_eatdis_deprivation,sub-4ca4_assay-microstructure_cond-control.csv,time_2-2,Empty,112,0,112,0,100
1992_eatdis_deprivation,sub-4ca4_assay-microstructure_cond-control.csv,trace,Numeric,112,112,0,100,0
1992_eatdis_deprivation,sub-4ca4_assay-microstructure_cond-control.csv,trace-2,Empty,112,0,112,0,100
1992_eatdis_deprivation,sub-4ca4_assay-microstructure_cond-deprivaiton.csv,activity,Numeric,126,125,1,99.21,0.79
1992_eatdis_deprivation,sub-4ca4_assay-microstructure_cond-deprivaiton.csv,activity-2,Empty,126,0,126,0,100
1992_eatdis_deprivation,sub-4ca4_assay-microstructure_cond-deprivaiton.csv,cond,Categorical,126,126,0,100,0
1992_eatdis_deprivation,sub-4ca4_assay-microstructure_cond-deprivaiton.csv,food,Categorical,126,125,1,99.21,0.79
1992_eatdis_deprivation,sub-4ca4_assay-microstructure_cond-deprivaiton.csv,food-2,Empty,126,0,126,0,100
1992_eatdis_deprivation,sub-4ca4_assay-microstructure_cond-deprivaiton.csv,group,Numeric,126,125,1,99.21,0.79
1992_eatdis_deprivation,sub-4ca4_assay-microstructure_cond-deprivaiton.csv,group-2,Empty,126,0,126,0,100
1992_eatdis_deprivation,sub-4ca4_assay-microstructure_cond-deprivaiton.csv,id,Categorical,126,126,0,100,0
1992_eatdis_deprivation,sub-4ca4_assay-microstructure_cond-deprivaiton.csv,start,Numeric,126,125,1,99.21,0.79
1992_eatdis_deprivation,sub-4ca4_assay-microstructure_cond-deprivaiton.csv,start-2,Empty,126,0,126,0,100
1992_eatdis_deprivation,sub-4ca4_assay-microstructure_cond-deprivaiton.csv,thirds,Categorical,126,125,1,99.21,0.79
1992_eatdis_deprivation,sub-4ca4_assay-microstructure_cond-deprivaiton.csv,thirds-2,Empty,126,0,126,0,100
1992_eatdis_deprivation,sub-4ca4_assay-microstructure_cond-deprivaiton.csv,time_1,Numeric,126,125,1,99.21,0.79
1992_eatdis_deprivation,sub-4ca4_assay-microstructure_cond-deprivaiton.csv,time_2,Numeric,126,125,1,99.21,0.79
1992_eatdis_deprivation,sub-4ca4_assay-microstructure_cond-deprivaiton.csv,time_2-1,Empty,126,0,126,0,100
1992_eatdis_deprivation,sub-4ca4_assay-microstructure_cond-deprivaiton.csv,time_2-2,Empty,126,0,126,0,100
1992_eatdis_deprivation,sub-4ca4_assay-microstructure_cond-deprivaiton.csv,trace,Numeric,126,125,1,99.21,0.79
1992_eatdis_deprivation,sub-4ca4_assay-microstructure_cond-deprivaiton.csv,trace-2,Empty,126,0,126,0,100
1992_eatdis_deprivation,sub-5181_assay-microstructure_cond-control.csv,activity,Numeric,148,148,0,100,0
1992_eatdis_deprivation,sub-5181_assay-microstructure_cond-control.csv,activity-2,Empty,148,0,148,0,100
1992_eatdis_deprivation,sub-5181_assay-microstructure_cond-control.csv,cond,Categorical,148,148,0,100,0
1992_eatdis_deprivation,sub-5181_assay-microstructure_cond-control.csv,food,Categorical,148,148,0,100,0
1992_eatdis_deprivation,sub-5181_assay-microstructure_cond-control.csv,food-2,Empty,148,0,148,0,100
1992_eatdis_deprivation,sub-5181_assay-microstructure_cond-control.csv,group,Numeric,148,148,0,100,0
1992_eatdis_deprivation,sub-5181_assay-microstructure_cond-control.csv,group-2,Empty,148,0,148,0,100
1992_eatdis_deprivation,sub-5181_assay-microstructure_cond-control.csv,id,Numeric,148,148,0,100,0
1992_eatdis_deprivation,sub-5181_assay-microstructure_cond-control.csv,start,Numeric,148,148,0,100,0
1992_eatdis_deprivation,sub-5181_assay-microstructure_cond-control.csv,start-2,Empty,148,0,148,0,100
1992_eatdis_deprivation,sub-5181_assay-microstructure_cond-control.csv,thirds,Categorical,148,148,0,100,0
1992_eatdis_deprivation,sub-5181_assay-microstructure_cond-control.csv,thirds-2,Empty,148,0,148,0,100
1992_eatdis_deprivation,sub-5181_assay-microstructure_cond-control.csv,time_1,Numeric,148,148,0,100,0
1992_eatdis_deprivation,sub-5181_assay-microstructure_cond-control.csv,time_2,Numeric,148,148,0,100,0
1992_eatdis_deprivation,sub-5181_assay-microstructure_cond-control.csv,time_2-1,Empty,148,0,148,0,100
1992_eatdis_deprivation,sub-5181_assay-microstructure_cond-control.csv,time_2-2,Empty,148,0,148,0,100
1992_eatdis_deprivation,sub-5181_assay-microstructure_cond-control.csv,trace,Numeric,148,148,0,100,0
1992_eatdis_deprivation,sub-5181_assay-microstructure_cond-control.csv,trace-2,Empty,148,0,148,0,100
1992_eatdis_deprivation,sub-5181_assay-microstructure_cond-deprivaiton.csv,activity,Numeric,123,123,0,100,0
1992_eatdis_deprivation,sub-5181_assay-microstructure_cond-deprivaiton.csv,activity-2,Empty,123,0,123,0,100
1992_eatdis_deprivation,sub-5181_assay-microstructure_cond-deprivaiton.csv,cond,Categorical,123,123,0,100,0
1992_eatdis_deprivation,sub-5181_assay-microstructure_cond-deprivaiton.csv,food,Categorical,123,123,0,100,0
1992_eatdis_deprivation,sub-5181_assay-microstructure_cond-deprivaiton.csv,food-2,Empty,123,0,123,0,100
1992_eatdis_deprivation,sub-5181_assay-microstructure_cond-deprivaiton.csv,group,Numeric,123,123,0,100,0
1992_eatdis_deprivation,sub-5181_assay-microstructure_cond-deprivaiton.csv,group-2,Empty,123,0,123,0,100
1992_eatdis_deprivation,sub-5181_assay-microstructure_cond-deprivaiton.csv,id,Numeric,123,123,0,100,0
1992_eatdis_deprivation,sub-5181_assay-microstructure_cond-deprivaiton.csv,start,Numeric,123,123,0,100,0
1992_eatdis_deprivation,sub-5181_assay-microstructure_cond-deprivaiton.csv,start-2,Empty,123,0,123,0,100
1992_eatdis_deprivation,sub-5181_assay-microstructure_cond-deprivaiton.csv,thirds,Categorical,123,123,0,100,0
1992_eatdis_deprivation,sub-5181_assay-microstructure_cond-deprivaiton.csv,thirds-2,Empty,123,0,123,0,100
1992_eatdis_deprivation,sub-5181_assay-microstructure_cond-deprivaiton.csv,time_1,Numeric,123,123,0,100,0
1992_eatdis_deprivation,sub-5181_assay-microstructure_cond-deprivaiton.csv,time_2,Numeric,123,123,0,100,0
1992_eatdis_deprivation,sub-5181_assay-microstructure_cond-deprivaiton.csv,time_2-1,Empty,123,0,123,0,100
1992_eatdis_deprivation,sub-5181_assay-microstructure_cond-deprivaiton.csv,time_2-2,Empty,123,0,123,0,100
1992_eatdis_deprivation,sub-5181_assay-microstructure_cond-deprivaiton.csv,trace,Numeric,123,123,0,100,0
1992_eatdis_deprivation,sub-5181_assay-microstructure_cond-deprivaiton.csv,trace-2,Empty,123,0,123,0,100
1992_eatdis_deprivation,sub-5253_assay-microstructure_cond-control.csv,activity,Numeric,94,94,0,100,0
1992_eatdis_deprivation,sub-5253_assay-microstructure_cond-control.csv,activity-2,Empty,94,0,94,0,100
1992_eatdis_deprivation,sub-5253_assay-microstructure_cond-control.csv,cond,Categorical,94,94,0,100,0
1992_eatdis_deprivation,sub-5253_assay-microstructure_cond-control.csv,food,Categorical,94,94,0,100,0
1992_eatdis_deprivation,sub-5253_assay-microstructure_cond-control.csv,food-2,Empty,94,0,94,0,100
1992_eatdis_deprivation,sub-5253_assay-microstructure_cond-control.csv,group,Numeric,94,94,0,100,0
1992_eatdis_deprivation,sub-5253_assay-microstructure_cond-control.csv,group-2,Empty,94,0,94,0,100
1992_eatdis_deprivation,sub-5253_assay-microstructure_cond-control.csv,id,Numeric,94,94,0,100,0
1992_eatdis_deprivation,sub-5253_assay-microstructure_cond-control.csv,start,Numeric,94,94,0,100,0
1992_eatdis_deprivation,sub-5253_assay-microstructure_cond-control.csv,start-2,Empty,94,0,94,0,100
1992_eatdis_deprivation,sub-5253_assay-microstructure_cond-control.csv,thirds,Categorical,94,94,0,100,0
1992_eatdis_deprivation,sub-5253_assay-microstructure_cond-control.csv,thirds-2,Empty,94,0,94,0,100
1992_eatdis_deprivation,sub-5253_assay-microstructure_cond-control.csv,time_1,Numeric,94,94,0,100,0
1992_eatdis_deprivation,sub-5253_assay-microstructure_cond-control.csv,time_2,Numeric,94,94,0,100,0
1992_eatdis_deprivation,sub-5253_assay-microstructure_cond-control.csv,time_2-1,Empty,94,0,94,0,100
1992_eatdis_deprivation,sub-5253_assay-microstructure_cond-control.csv,time_2-2,Empty,94,0,94,0,100
1992_eatdis_deprivation,sub-5253_assay-microstructure_cond-control.csv,trace,Numeric,94,94,0,100,0
1992_eatdis_deprivation,sub-5253_assay-microstructure_cond-control.csv,trace-2,Empty,94,0,94,0,100
1992_eatdis_deprivation,sub-5253_assay-microstructure_cond-deprivaiton.csv,activity,Numeric,143,143,0,100,0
1992_eatdis_deprivation,sub-5253_assay-microstructure_cond-deprivaiton.csv,activity-2,Empty,143,0,143,0,100
1992_eatdis_deprivation,sub-5253_assay-microstructure_cond-deprivaiton.csv,cond,Categorical,143,143,0,100,0
1992_eatdis_deprivation,sub-5253_assay-microstructure_cond-deprivaiton.csv,food,Categorical,143,143,0,100,0
1992_eatdis_deprivation,sub-5253_assay-microstructure_cond-deprivaiton.csv,food-2,Empty,143,0,143,0,100
1992_eatdis_deprivation,sub-5253_assay-microstructure_cond-deprivaiton.csv,gr oup-2,Empty,143,0,143,0,100
1992_eatdis_deprivation,sub-5253_assay-microstructure_cond-deprivaiton.csv,group,Numeric,143,143,0,100,0
1992_eatdis_deprivation,sub-5253_assay-microstructure_cond-deprivaiton.csv,id,Numeric,143,143,0,100,0
1992_eatdis_deprivation,sub-5253_assay-microstructure_cond-deprivaiton.csv,start,Numeric,143,143,0,100,0
1992_eatdis_deprivation,sub-5253_assay-microstructure_cond-deprivaiton.csv,start-2,Empty,143,0,143,0,100
1992_eatdis_deprivation,sub-5253_assay-microstructure_cond-deprivaiton.csv,thirds,Categorical,143,143,0,100,0
1992_eatdis_deprivation,sub-5253_assay-microstructure_cond-deprivaiton.csv,thirds-2,Empty,143,0,143,0,100
1992_eatdis_deprivation,sub-5253_assay-microstructure_cond-deprivaiton.csv,time_1,Numeric,143,143,0,100,0
1992_eatdis_deprivation,sub-5253_assay-microstructure_cond-deprivaiton.csv,time_2,Numeric,143,143,0,100,0
1992_eatdis_deprivation,sub-5253_assay-microstructure_cond-deprivaiton.csv,time_2-1,Empty,143,0,143,0,100
1992_eatdis_deprivation,sub-5253_assay-microstructure_cond-deprivaiton.csv,time_2-2,Empty,143,0,143,0,100
1992_eatdis_deprivation,sub-5253_assay-microstructure_cond-deprivaiton.csv,trace,Numeric,143,143,0,100,0
1992_eatdis_deprivation,sub-5253_assay-microstructure_cond-deprivaiton.csv,trace-2,Empty,143,0,143,0,100
1992_eatdis_deprivation,sub-5326_assay-microstructure_cond-control.csv,activity,Numeric,90,90,0,100,0
1992_eatdis_deprivation,sub-5326_assay-microstructure_cond-control.csv,activity-2,Empty,90,0,90,0,100
1992_eatdis_deprivation,sub-5326_assay-microstructure_cond-control.csv,cond,Categorical,90,90,0,100,0
1992_eatdis_deprivation,sub-5326_assay-microstructure_cond-control.csv,food,Categorical,90,90,0,100,0
1992_eatdis_deprivation,sub-5326_assay-microstructure_cond-control.csv,food-2,Empty,90,0,90,0,100
1992_eatdis_deprivation,sub-5326_assay-microstructure_cond-control.csv,group,Numeric,90,90,0,100,0
1992_eatdis_deprivation,sub-5326_assay-microstructure_cond-control.csv,group-2,Empty,90,0,90,0,100
1992_eatdis_deprivation,sub-5326_assay-microstructure_cond-control.csv,id,Numeric,90,90,0,100,0
1992_eatdis_deprivation,sub-5326_assay-microstructure_cond-control.csv,start,Numeric,90,90,0,100,0
1992_eatdis_deprivation,sub-5326_assay-microstructure_cond-control.csv,start-2,Empty,90,0,90,0,100
1992_eatdis_deprivation,sub-5326_assay-microstructure_cond-control.csv,thirds,Categorical,90,90,0,100,0
1992_eatdis_deprivation,sub-5326_assay-microstructure_cond-control.csv,thirds-2,Empty,90,0,90,0,100
1992_eatdis_deprivation,sub-5326_assay-microstructure_cond-control.csv,time_1,Numeric,90,90,0,100,0
1992_eatdis_deprivation,sub-5326_assay-microstructure_cond-control.csv,time_2,Numeric,90,90,0,100,0
1992_eatdis_deprivation,sub-5326_assay-microstructure_cond-control.csv,time_2-1,Empty,90,0,90,0,100
1992_eatdis_deprivation,sub-5326_assay-microstructure_cond-control.csv,time_2-2,Empty,90,0,90,0,100
1992_eatdis_deprivation,sub-5326_assay-microstructure_cond-control.csv,trace,Numeric,90,90,0,100,0
1992_eatdis_deprivation,sub-5326_assay-microstructure_cond-control.csv,trace-2,Empty,90,0,90,0,100
1992_eatdis_deprivation,sub-5326_assay-microstructure_cond-deprivaiton.csv,activity,Numeric,92,92,0,100,0
1992_eatdis_deprivation,sub-5326_assay-microstructure_cond-deprivaiton.csv,activity-2,Empty,92,0,92,0,100
1992_eatdis_deprivation,sub-5326_assay-microstructure_cond-deprivaiton.csv,cond,Categorical,92,92,0,100,0
1992_eatdis_deprivation,sub-5326_assay-microstructure_cond-deprivaiton.csv,food,Categorical,92,92,0,100,0
1992_eatdis_deprivation,sub-5326_assay-microstructure_cond-deprivaiton.csv,food-2,Empty,92,0,92,0,100
1992_eatdis_deprivation,sub-5326_assay-microstructure_cond-deprivaiton.csv,group,Numeric,92,92,0,100,0
1992_eatdis_deprivation,sub-5326_assay-microstructure_cond-deprivaiton.csv,group-2,Empty,92,0,92,0,100
1992_eatdis_deprivation,sub-5326_assay-microstructure_cond-deprivaiton.csv,id,Numeric,92,92,0,100,0
1992_eatdis_deprivation,sub-5326_assay-microstructure_cond-deprivaiton.csv,start,Numeric,92,92,0,100,0
1992_eatdis_deprivation,sub-5326_assay-microstructure_cond-deprivaiton.csv,start-2,Empty,92,0,92,0,100
1992_eatdis_deprivation,sub-5326_assay-microstructure_cond-deprivaiton.csv,thirds,Categorical,92,92,0,100,0
1992_eatdis_deprivation,sub-5326_assay-microstructure_cond-deprivaiton.csv,thirds-2,Empty,92,0,92,0,100
1992_eatdis_deprivation,sub-5326_assay-microstructure_cond-deprivaiton.csv,time_1,Numeric,92,92,0,100,0
1992_eatdis_deprivation,sub-5326_assay-microstructure_cond-deprivaiton.csv,time_2,Numeric,92,92,0,100,0
1992_eatdis_deprivation,sub-5326_assay-microstructure_cond-deprivaiton.csv,time_2-1,Empty,92,0,92,0,100
1992_eatdis_deprivation,sub-5326_assay-microstructure_cond-deprivaiton.csv,time_2-2,Empty,92,0,92,0,100
1992_eatdis_deprivation,sub-5326_assay-microstructure_cond-deprivaiton.csv,trace,Numeric,92,92,0,100,0
1992_eatdis_deprivation,sub-5326_assay-microstructure_cond-deprivaiton.csv,trace-2,Empty,92,0,92,0,100
1992_eatdis_deprivation,sub-54b1_assay-microstructure_cond-control.csv,activity,Numeric,301,301,0,100,0
1992_eatdis_deprivation,sub-54b1_assay-microstructure_cond-control.csv,activity-2,Numeric,301,12,289,3.99,96.01
1992_eatdis_deprivation,sub-54b1_assay-microstructure_cond-control.csv,cond,Categorical,301,301,0,100,0
1992_eatdis_deprivation,sub-54b1_assay-microstructure_cond-control.csv,food,Categorical,301,301,0,100,0
1992_eatdis_deprivation,sub-54b1_assay-microstructure_cond-control.csv,food-2,Empty,301,0,301,0,100
1992_eatdis_deprivation,sub-54b1_assay-microstructure_cond-control.csv,group,Numeric,301,301,0,100,0
1992_eatdis_deprivation,sub-54b1_assay-microstructure_cond-control.csv,group-2,Numeric,301,12,289,3.99,96.01
1992_eatdis_deprivation,sub-54b1_assay-microstructure_cond-control.csv,id,Categorical,301,301,0,100,0
1992_eatdis_deprivation,sub-54b1_assay-microstructure_cond-control.csv,start,Numeric,301,301,0,100,0
1992_eatdis_deprivation,sub-54b1_assay-microstructure_cond-control.csv,start-2,Numeric,301,12,289,3.99,96.01
1992_eatdis_deprivation,sub-54b1_assay-microstructure_cond-control.csv,thirds,Categorical,301,301,0,100,0
1992_eatdis_deprivation,sub-54b1_assay-microstructure_cond-control.csv,thirds-2,Numeric,301,12,289,3.99,96.01
1992_eatdis_deprivation,sub-54b1_assay-microstructure_cond-control.csv,time_1,Numeric,301,301,0,100,0
1992_eatdis_deprivation,sub-54b1_assay-microstructure_cond-control.csv,time_2,Numeric,301,301,0,100,0
1992_eatdis_deprivation,sub-54b1_assay-microstructure_cond-control.csv,time_2-1,Numeric,301,12,289,3.99,96.01
1992_eatdis_deprivation,sub-54b1_assay-microstructure_cond-control.csv,time_2-2,Empty,301,0,301,0,100
1992_eatdis_deprivation,sub-54b1_assay-microstructure_cond-control.csv,trace,Numeric,301,301,0,100,0
1992_eatdis_deprivation,sub-54b1_assay-microstructure_cond-control.csv,trace-2,Numeric,301,12,289,3.99,96.01
1992_eatdis_deprivation,sub-54b1_assay-microstructure_cond-deprivaiton.csv,activity,Numeric,242,238,4,98.35,1.65
1992_eatdis_deprivation,sub-54b1_assay-microstructure_cond-deprivaiton.csv,activity-2,Numeric,242,6,236,2.48,97.52
1992_eatdis_deprivation,sub-54b1_assay-microstructure_cond-deprivaiton.csv,cond,Categorical,242,242,0,100,0
1992_eatdis_deprivation,sub-54b1_assay-microstructure_cond-deprivaiton.csv,food,Categorical,242,238,4,98.35,1.65
1992_eatdis_deprivation,sub-54b1_assay-microstructure_cond-deprivaiton.csv,food-2,Categorical,242,6,236,2.48,97.52
1992_eatdis_deprivation,sub-54b1_assay-microstructure_cond-deprivaiton.csv,group,Numeric,242,238,4,98.35,1.65
1992_eatdis_deprivation,sub-54b1_assay-microstructure_cond-deprivaiton.csv,group-2,Numeric,242,6,236,2.48,97.52
1992_eatdis_deprivation,sub-54b1_assay-microstructure_cond-deprivaiton.csv,id,Categorical,242,242,0,100,0
1992_eatdis_deprivation,sub-54b1_assay-microstructure_cond-deprivaiton.csv,start,Numeric,242,238,4,98.35,1.65
1992_eatdis_deprivation,sub-54b1_assay-microstructure_cond-deprivaiton.csv,start-2,Numeric,242,6,236,2.48,97.52
1992_eatdis_deprivation,sub-54b1_assay-microstructure_cond-deprivaiton.csv,thirds,Numeric,242,238,4,98.35,1.65
1992_eatdis_deprivation,sub-54b1_assay-microstructure_cond-deprivaiton.csv,time_1,Numeric,242,238,4,98.35,1.65
1992_eatdis_deprivation,sub-54b1_assay-microstructure_cond-deprivaiton.csv,time_2,Numeric,242,238,4,98.35,1.65
1992_eatdis_deprivation,sub-54b1_assay-microstructure_cond-deprivaiton.csv,time_2-1,Numeric,242,6,236,2.48,97.52
1992_eatdis_deprivation,sub-54b1_assay-microstructure_cond-deprivaiton.csv,time_2-2,Numeric,242,6,236,2.48,97.52
1992_eatdis_deprivation,sub-54b1_assay-microstructure_cond-deprivaiton.csv,trace,Numeric,242,238,4,98.35,1.65
1992_eatdis_deprivation,sub-54b1_assay-microstructure_cond-deprivaiton.csv,trace-2,Numeric,242,6,236,2.48,97.52
1992_eatdis_deprivation,sub-5e48_assay-microstructure_cond-control.csv,activity,Numeric,68,68,0,100,0
1992_eatdis_deprivation,sub-5e48_assay-microstructure_cond-control.csv,activity-2,Empty,68,0,68,0,100
1992_eatdis_deprivation,sub-5e48_assay-microstructure_cond-control.csv,cond,Categorical,68,68,0,100,0
1992_eatdis_deprivation,sub-5e48_assay-microstructure_cond-control.csv,food,Categorical,68,68,0,100,0
1992_eatdis_deprivation,sub-5e48_assay-microstructure_cond-control.csv,food-2,Empty,68,0,68,0,100
1992_eatdis_deprivation,sub-5e48_assay-microstructure_cond-control.csv,group,Numeric,68,68,0,100,0
1992_eatdis_deprivation,sub-5e48_assay-microstructure_cond-control.csv,group-2,Empty,68,0,68,0,100
1992_eatdis_deprivation,sub-5e48_assay-microstructure_cond-control.csv,id,Numeric,68,68,0,100,0
1992_eatdis_deprivation,sub-5e48_assay-microstructure_cond-control.csv,start,Numeric,68,68,0,100,0
1992_eatdis_deprivation,sub-5e48_assay-microstructure_cond-control.csv,start-2,Empty,68,0,68,0,100
1992_eatdis_deprivation,sub-5e48_assay-microstructure_cond-control.csv,thirds,Categorical,68,68,0,100,0
1992_eatdis_deprivation,sub-5e48_assay-microstructure_cond-control.csv,thirds-2,Empty,68,0,68,0,100
1992_eatdis_deprivation,sub-5e48_assay-microstructure_cond-control.csv,time_1,Numeric,68,68,0,100,0
1992_eatdis_deprivation,sub-5e48_assay-microstructure_cond-control.csv,time_2,Numeric,68,68,0,100,0
1992_eatdis_deprivation,sub-5e48_assay-microstructure_cond-control.csv,time_2-1,Empty,68,0,68,0,100
1992_eatdis_deprivation,sub-5e48_assay-microstructure_cond-control.csv,time_2-2,Empty,68,0,68,0,100
1992_eatdis_deprivation,sub-5e48_assay-microstructure_cond-control.csv,trace,Numeric,68,68,0,100,0
1992_eatdis_deprivation,sub-5e48_assay-microstructure_cond-control.csv,trace-2,Empty,68,0,68,0,100
1992_eatdis_deprivation,sub-5e48_assay-microstructure_cond-deprivaiton.csv,activity,Numeric,166,166,0,100,0
1992_eatdis_deprivation,sub-5e48_assay-microstructure_cond-deprivaiton.csv,activity-2,Numeric,166,1,165,0.6,99.4
1992_eatdis_deprivation,sub-5e48_assay-microstructure_cond-deprivaiton.csv,cond,Categorical,166,166,0,100,0
1992_eatdis_deprivation,sub-5e48_assay-microstructure_cond-deprivaiton.csv,food,Categorical,166,166,0,100,0
1992_eatdis_deprivation,sub-5e48_assay-microstructure_cond-deprivaiton.csv,food-2,Empty,166,0,166,0,100
1992_eatdis_deprivation,sub-5e48_assay-microstructure_cond-deprivaiton.csv,group,Numeric,166,166,0,100,0
1992_eatdis_deprivation,sub-5e48_assay-microstructure_cond-deprivaiton.csv,group-2,Numeric,166,1,165,0.6,99.4
1992_eatdis_deprivation,sub-5e48_assay-microstructure_cond-deprivaiton.csv,id,Numeric,166,166,0,100,0
1992_eatdis_deprivation,sub-5e48_assay-microstructure_cond-deprivaiton.csv,start,Numeric,166,166,0,100,0
1992_eatdis_deprivation,sub-5e48_assay-microstructure_cond-deprivaiton.csv,start-2,Numeric,166,1,165,0.6,99.4
1992_eatdis_deprivation,sub-5e48_assay-microstructure_cond-deprivaiton.csv,thirds,Categorical,166,166,0,100,0
1992_eatdis_deprivation,sub-5e48_assay-microstructure_cond-deprivaiton.csv,thirds-2,Numeric,166,1,165,0.6,99.4
1992_eatdis_deprivation,sub-5e48_assay-microstructure_cond-deprivaiton.csv,time_1,Numeric,166,166,0,100,0
1992_eatdis_deprivation,sub-5e48_assay-microstructure_cond-deprivaiton.csv,time_2,Numeric,166,166,0,100,0
1992_eatdis_deprivation,sub-5e48_assay-microstructure_cond-deprivaiton.csv,time_2-1,Numeric,166,1,165,0.6,99.4
1992_eatdis_deprivation,sub-5e48_assay-microstructure_cond-deprivaiton.csv,time_2-2,Empty,166,0,166,0,100
1992_eatdis_deprivation,sub-5e48_assay-microstructure_cond-deprivaiton.csv,trace,Numeric,166,166,0,100,0
1992_eatdis_deprivation,sub-5e48_assay-microstructure_cond-deprivaiton.csv,trace-2,Numeric,166,1,165,0.6,99.4
1992_eatdis_deprivation,sub-60fa_assay-microstructure_cond-control.csv,activity,Numeric,60,60,0,100,0
1992_eatdis_deprivation,sub-60fa_assay-microstructure_cond-control.csv,activity-2,Empty,60,0,60,0,100
1992_eatdis_deprivation,sub-60fa_assay-microstructure_cond-control.csv,cond,Categorical,60,60,0,100,0
1992_eatdis_deprivation,sub-60fa_assay-microstructure_cond-control.csv,food,Categorical,60,60,0,100,0
1992_eatdis_deprivation,sub-60fa_assay-microstructure_cond-control.csv,food-2,Empty,60,0,60,0,100
1992_eatdis_deprivation,sub-60fa_assay-microstructure_cond-control.csv,group,Numeric,60,60,0,100,0
1992_eatdis_deprivation,sub-60fa_assay-microstructure_cond-control.csv,group-2,Empty,60,0,60,0,100
1992_eatdis_deprivation,sub-60fa_assay-microstructure_cond-control.csv,id,Categorical,60,60,0,100,0
1992_eatdis_deprivation,sub-60fa_assay-microstructure_cond-control.csv,start,Numeric,60,60,0,100,0
1992_eatdis_deprivation,sub-60fa_assay-microstructure_cond-control.csv,start-2,Empty,60,0,60,0,100
1992_eatdis_deprivation,sub-60fa_assay-microstructure_cond-control.csv,thirds,Categorical,60,60,0,100,0
1992_eatdis_deprivation,sub-60fa_assay-microstructure_cond-control.csv,thirds-2,Empty,60,0,60,0,100
1992_eatdis_deprivation,sub-60fa_assay-microstructure_cond-control.csv,time_1,Numeric,60,60,0,100,0
1992_eatdis_deprivation,sub-60fa_assay-microstructure_cond-control.csv,time_2,Numeric,60,60,0,100,0
1992_eatdis_deprivation,sub-60fa_assay-microstructure_cond-control.csv,time_2-1,Empty,60,0,60,0,100
1992_eatdis_deprivation,sub-60fa_assay-microstructure_cond-control.csv,time_2-2,Empty,60,0,60,0,100
1992_eatdis_deprivation,sub-60fa_assay-microstructure_cond-control.csv,trace,Numeric,60,60,0,100,0
1992_eatdis_deprivation,sub-60fa_assay-microstructure_cond-control.csv,trace-2,Empty,60,0,60,0,100
1992_eatdis_deprivation,sub-60fa_assay-microstructure_cond-deprivaiton.csv,activity,Numeric,79,79,0,100,0
1992_eatdis_deprivation,sub-60fa_assay-microstructure_cond-deprivaiton.csv,activity-2,Empty,79,0,79,0,100
1992_eatdis_deprivation,sub-60fa_assay-microstructure_cond-deprivaiton.csv,cond,Categorical,79,79,0,100,0
1992_eatdis_deprivation,sub-60fa_assay-microstructure_cond-deprivaiton.csv,food,Categorical,79,79,0,100,0
1992_eatdis_deprivation,sub-60fa_assay-microstructure_cond-deprivaiton.csv,food-2,Empty,79,0,79,0,100
1992_eatdis_deprivation,sub-60fa_assay-microstructure_cond-deprivaiton.csv,group,Numeric,79,79,0,100,0
1992_eatdis_deprivation,sub-60fa_assay-microstructure_cond-deprivaiton.csv,group-2,Empty,79,0,79,0,100
1992_eatdis_deprivation,sub-60fa_assay-microstructure_cond-deprivaiton.csv,id,Categorical,79,79,0,100,0
1992_eatdis_deprivation,sub-60fa_assay-microstructure_cond-deprivaiton.csv,start,Numeric,79,79,0,100,0
1992_eatdis_deprivation,sub-60fa_assay-microstructure_cond-deprivaiton.csv,start-2,Empty,79,0,79,0,100
1992_eatdis_deprivation,sub-60fa_assay-microstructure_cond-deprivaiton.csv,thirds,Categorical,79,79,0,100,0
1992_eatdis_deprivation,sub-60fa_assay-microstructure_cond-deprivaiton.csv,thirds-2,Empty,79,0,79,0,100
1992_eatdis_deprivation,sub-60fa_assay-microstructure_cond-deprivaiton.csv,time_1,Numeric,79,79,0,100,0
1992_eatdis_deprivation,sub-60fa_assay-microstructure_cond-deprivaiton.csv,time_2,Numeric,79,79,0,100,0
1992_eatdis_deprivation,sub-60fa_assay-microstructure_cond-deprivaiton.csv,time_2-1,Empty,79,0,79,0,100
1992_eatdis_deprivation,sub-60fa_assay-microstructure_cond-deprivaiton.csv,time_2-2,Empty,79,0,79,0,100
1992_eatdis_deprivation,sub-60fa_assay-microstructure_cond-deprivaiton.csv,trace,Numeric,79,79,0,100,0
1992_eatdis_deprivation,sub-60fa_assay-microstructure_cond-deprivaiton.csv,trace-2,Empty,79,0,79,0,100
1992_eatdis_deprivation,sub-615a_assay-microstructure_cond-control.csv,activity,Numeric,162,162,0,100,0
1992_eatdis_deprivation,sub-615a_assay-microstructure_cond-control.csv,activity-2,Empty,162,0,162,0,100
1992_eatdis_deprivation,sub-615a_assay-microstructure_cond-control.csv,cond,Categorical,162,162,0,100,0
1992_eatdis_deprivation,sub-615a_assay-microstructure_cond-control.csv,food,Categorical,162,162,0,100,0
1992_eatdis_deprivation,sub-615a_assay-microstructure_cond-control.csv,food-2,Empty,162,0,162,0,100
1992_eatdis_deprivation,sub-615a_assay-microstructure_cond-control.csv,group,Numeric,162,162,0,100,0
1992_eatdis_deprivation,sub-615a_assay-microstructure_cond-control.csv,group-2,Empty,162,0,162,0,100
1992_eatdis_deprivation,sub-615a_assay-microstructure_cond-control.csv,id,Categorical,162,162,0,100,0
1992_eatdis_deprivation,sub-615a_assay-microstructure_cond-control.csv,start,Numeric,162,162,0,100,0
1992_eatdis_deprivation,sub-615a_assay-microstructure_cond-control.csv,start-2,Empty,162,0,162,0,100
1992_eatdis_deprivation,sub-615a_assay-microstructure_cond-control.csv,thirds,Categorical,162,162,0,100,0
1992_eatdis_deprivation,sub-615a_assay-microstructure_cond-control.csv,thirds-2,Empty,162,0,162,0,100
1992_eatdis_deprivation,sub-615a_assay-microstructure_cond-control.csv,time_1,Numeric,162,162,0,100,0
1992_eatdis_deprivation,sub-615a_assay-microstructure_cond-control.csv,time_2,Numeric,162,162,0,100,0
1992_eatdis_deprivation,sub-615a_assay-microstructure_cond-control.csv,time_2-1,Empty,162,0,162,0,100
1992_eatdis_deprivation,sub-615a_assay-microstructure_cond-control.csv,time_2-2,Empty,162,0,162,0,100
1992_eatdis_deprivation,sub-615a_assay-microstructure_cond-control.csv,trace,Numeric,162,162,0,100,0
1992_eatdis_deprivation,sub-615a_assay-microstructure_cond-control.csv,trace-2,Empty,162,0,162,0,100
1992_eatdis_deprivation,sub-615a_assay-microstructure_cond-deprivaiton.csv,activity,Numeric,100,100,0,100,0
1992_eatdis_deprivation,sub-615a_assay-microstructure_cond-deprivaiton.csv,activity-2,Empty,100,0,100,0,100
1992_eatdis_deprivation,sub-615a_assay-microstructure_cond-deprivaiton.csv,cond,Categorical,100,100,0,100,0
1992_eatdis_deprivation,sub-615a_assay-microstructure_cond-deprivaiton.csv,food,Categorical,100,100,0,100,0
1992_eatdis_deprivation,sub-615a_assay-microstructure_cond-deprivaiton.csv,food-2,Empty,100,0,100,0,100
1992_eatdis_deprivation,sub-615a_assay-microstructure_cond-deprivaiton.csv,group,Numeric,100,100,0,100,0
1992_eatdis_deprivation,sub-615a_assay-microstructure_cond-deprivaiton.csv,group-2,Empty,100,0,100,0,100
1992_eatdis_deprivation,sub-615a_assay-microstructure_cond-deprivaiton.csv,id,Categorical,100,100,0,100,0
1992_eatdis_deprivation,sub-615a_assay-microstructure_cond-deprivaiton.csv,start,Numeric,100,100,0,100,0
1992_eatdis_deprivation,sub-615a_assay-microstructure_cond-deprivaiton.csv,start-2,Empty,100,0,100,0,100
1992_eatdis_deprivation,sub-615a_assay-microstructure_cond-deprivaiton.csv,thirds,Categorical,100,100,0,100,0
1992_eatdis_deprivation,sub-615a_assay-microstructure_cond-deprivaiton.csv,thirds-2,Empty,100,0,100,0,100
1992_eatdis_deprivation,sub-615a_assay-microstructure_cond-deprivaiton.csv,time_1,Numeric,100,100,0,100,0
1992_eatdis_deprivation,sub-615a_assay-microstructure_cond-deprivaiton.csv,time_2,Numeric,100,100,0,100,0
1992_eatdis_deprivation,sub-615a_assay-microstructure_cond-deprivaiton.csv,time_2-1,Empty,100,0,100,0,100
1992_eatdis_deprivation,sub-615a_assay-microstructure_cond-deprivaiton.csv,time_2-2,Empty,100,0,100,0,100
1992_eatdis_deprivation,sub-615a_assay-microstructure_cond-deprivaiton.csv,trace,Numeric,100,100,0,100,0
1992_eatdis_deprivation,sub-615a_assay-microstructure_cond-deprivaiton.csv,trace-2,Empty,100,0,100,0,100
1992_eatdis_deprivation,sub-618a_assay-microstructure_cond-control.csv,activity,Numeric,59,59,0,100,0
1992_eatdis_deprivation,sub-618a_assay-microstructure_cond-control.csv,activity-2,Empty,59,0,59,0,100
1992_eatdis_deprivation,sub-618a_assay-microstructure_cond-control.csv,cond,Categorical,59,59,0,100,0
1992_eatdis_deprivation,sub-618a_assay-microstructure_cond-control.csv,food,Categorical,59,59,0,100,0
1992_eatdis_deprivation,sub-618a_assay-microstructure_cond-control.csv,food-2,Empty,59,0,59,0,100
1992_eatdis_deprivation,sub-618a_assay-microstructure_cond-control.csv,group,Numeric,59,59,0,100,0
1992_eatdis_deprivation,sub-618a_assay-microstructure_cond-control.csv,group-2,Empty,59,0,59,0,100
1992_eatdis_deprivation,sub-618a_assay-microstructure_cond-control.csv,id,Categorical,59,59,0,100,0
1992_eatdis_deprivation,sub-618a_assay-microstructure_cond-control.csv,start,Numeric,59,59,0,100,0
1992_eatdis_deprivation,sub-618a_assay-microstructure_cond-control.csv,start-2,Empty,59,0,59,0,100
1992_eatdis_deprivation,sub-618a_assay-microstructure_cond-control.csv,thirds,Categorical,59,59,0,100,0
1992_eatdis_deprivation,sub-618a_assay-microstructure_cond-control.csv,thirds-2,Empty,59,0,59,0,100
1992_eatdis_deprivation,sub-618a_assay-microstructure_cond-control.csv,time_1,Numeric,59,59,0,100,0
1992_eatdis_deprivation,sub-618a_assay-microstructure_cond-control.csv,time_2,Numeric,59,59,0,100,0
1992_eatdis_deprivation,sub-618a_assay-microstructure_cond-control.csv,time_2-1,Empty,59,0,59,0,100
1992_eatdis_deprivation,sub-618a_assay-microstructure_cond-control.csv,time_2-2,Empty,59,0,59,0,100
1992_eatdis_deprivation,sub-618a_assay-microstructure_cond-control.csv,trace,Numeric,59,59,0,100,0
1992_eatdis_deprivation,sub-618a_assay-microstructure_cond-control.csv,trace-2,Empty,59,0,59,0,100
1992_eatdis_deprivation,sub-618a_assay-microstructure_cond-deprivaiton.csv,activity,Numeric,77,77,0,100,0
1992_eatdis_deprivation,sub-618a_assay-microstructure_cond-deprivaiton.csv,activity-2,Empty,77,0,77,0,100
1992_eatdis_deprivation,sub-618a_assay-microstructure_cond-deprivaiton.csv,cond,Categorical,77,77,0,100,0
1992_eatdis_deprivation,sub-618a_assay-microstructure_cond-deprivaiton.csv,food,Categorical,77,77,0,100,0
1992_eatdis_deprivation,sub-618a_assay-microstructure_cond-deprivaiton.csv,food-2,Empty,77,0,77,0,100
1992_eatdis_deprivation,sub-618a_assay-microstructure_cond-deprivaiton.csv,group,Numeric,77,77,0,100,0
1992_eatdis_deprivation,sub-618a_assay-microstructure_cond-deprivaiton.csv,group-2,Empty,77,0,77,0,100
1992_eatdis_deprivation,sub-618a_assay-microstructure_cond-deprivaiton.csv,id,Categorical,77,77,0,100,0
1992_eatdis_deprivation,sub-618a_assay-microstructure_cond-deprivaiton.csv,start,Numeric,77,77,0,100,0
1992_eatdis_deprivation,sub-618a_assay-microstructure_cond-deprivaiton.csv,start-2,Empty,77,0,77,0,100
1992_eatdis_deprivation,sub-618a_assay-microstructure_cond-deprivaiton.csv,thirds,Categorical,77,77,0,100,0
1992_eatdis_deprivation,sub-618a_assay-microstructure_cond-deprivaiton.csv,thirds-2,Empty,77,0,77,0,100
1992_eatdis_deprivation,sub-618a_assay-microstructure_cond-deprivaiton.csv,time_1,Numeric,77,77,0,100,0
1992_eatdis_deprivation,sub-618a_assay-microstructure_cond-deprivaiton.csv,time_2,Numeric,77,77,0,100,0
1992_eatdis_deprivation,sub-618a_assay-microstructure_cond-deprivaiton.csv,time_2-1,Empty,77,0,77,0,100
1992_eatdis_deprivation,sub-618a_assay-microstructure_cond-deprivaiton.csv,time_2-2,Empty,77,0,77,0,100
1992_eatdis_deprivation,sub-618a_assay-microstructure_cond-deprivaiton.csv,trace,Numeric,77,77,0,100,0
1992_eatdis_deprivation,sub-618a_assay-microstructure_cond-deprivaiton.csv,trace-2,Empty,77,0,77,0,100
1992_eatdis_deprivation,sub-61bd_assay-microstructure_cond-control.csv,activity,Numeric,90,90,0,100,0
1992_eatdis_deprivation,sub-61bd_assay-microstructure_cond-control.csv,activity-2,Empty,90,0,90,0,100
1992_eatdis_deprivation,sub-61bd_assay-microstructure_cond-control.csv,cond,Categorical,90,90,0,100,0
1992_eatdis_deprivation,sub-61bd_assay-microstructure_cond-control.csv,food,Categorical,90,90,0,100,0
1992_eatdis_deprivation,sub-61bd_assay-microstructure_cond-control.csv,food-2,Empty,90,0,90,0,100
1992_eatdis_deprivation,sub-61bd_assay-microstructure_cond-control.csv,group,Numeric,90,90,0,100,0
1992_eatdis_deprivation,sub-61bd_assay-microstructure_cond-control.csv,group-2,Empty,90,0,90,0,100
1992_eatdis_deprivation,sub-61bd_assay-microstructure_cond-control.csv,id,Categorical,90,90,0,100,0
1992_eatdis_deprivation,sub-61bd_assay-microstructure_cond-control.csv,start,Numeric,90,90,0,100,0
1992_eatdis_deprivation,sub-61bd_assay-microstructure_cond-control.csv,start-2,Empty,90,0,90,0,100
1992_eatdis_deprivation,sub-61bd_assay-microstructure_cond-control.csv,thirds,Categorical,90,90,0,100,0
1992_eatdis_deprivation,sub-61bd_assay-microstructure_cond-control.csv,thirds-2,Empty,90,0,90,0,100
1992_eatdis_deprivation,sub-61bd_assay-microstructure_cond-control.csv,time_1,Numeric,90,90,0,100,0
1992_eatdis_deprivation,sub-61bd_assay-microstructure_cond-control.csv,time_2,Numeric,90,90,0,100,0
1992_eatdis_deprivation,sub-61bd_assay-microstructure_cond-control.csv,time_2-1,Empty,90,0,90,0,100
1992_eatdis_deprivation,sub-61bd_assay-microstructure_cond-control.csv,time_2-2,Empty,90,0,90,0,100
1992_eatdis_deprivation,sub-61bd_assay-microstructure_cond-control.csv,trace,Numeric,90,90,0,100,0
1992_eatdis_deprivation,sub-61bd_assay-microstructure_cond-control.csv,trace-2,Empty,90,0,90,0,100
1992_eatdis_deprivation,sub-61bd_assay-microstructure_cond-deprivaiton.csv,activity,Numeric,92,92,0,100,0
1992_eatdis_deprivation,sub-61bd_assay-microstructure_cond-deprivaiton.csv,activity-2,Empty,92,0,92,0,100
1992_eatdis_deprivation,sub-61bd_assay-microstructure_cond-deprivaiton.csv,cond,Categorical,92,92,0,100,0
1992_eatdis_deprivation,sub-61bd_assay-microstructure_cond-deprivaiton.csv,food,Categorical,92,92,0,100,0
1992_eatdis_deprivation,sub-61bd_assay-microstructure_cond-deprivaiton.csv,food-2,Empty,92,0,92,0,100
1992_eatdis_deprivation,sub-61bd_assay-microstructure_cond-deprivaiton.csv,group,Numeric,92,92,0,100,0
1992_eatdis_deprivation,sub-61bd_assay-microstructure_cond-deprivaiton.csv,group-2,Empty,92,0,92,0,100
1992_eatdis_deprivation,sub-61bd_assay-microstructure_cond-deprivaiton.csv,id,Categorical,92,92,0,100,0
1992_eatdis_deprivation,sub-61bd_assay-microstructure_cond-deprivaiton.csv,start,Numeric,92,92,0,100,0
1992_eatdis_deprivation,sub-61bd_assay-microstructure_cond-deprivaiton.csv,start-2,Empty,92,0,92,0,100
1992_eatdis_deprivation,sub-61bd_assay-microstructure_cond-deprivaiton.csv,thirds,Categorical,92,92,0,100,0
1992_eatdis_deprivation,sub-61bd_assay-microstructure_cond-deprivaiton.csv,thirds-2,Empty,92,0,92,0,100
1992_eatdis_deprivation,sub-61bd_assay-microstructure_cond-deprivaiton.csv,time_1,Numeric,92,92,0,100,0
1992_eatdis_deprivation,sub-61bd_assay-microstructure_cond-deprivaiton.csv,time_2,Numeric,92,92,0,100,0
1992_eatdis_deprivation,sub-61bd_assay-microstructure_cond-deprivaiton.csv,time_2-1,Empty,92,0,92,0,100
1992_eatdis_deprivation,sub-61bd_assay-microstructure_cond-deprivaiton.csv,time_2-2,Empty,92,0,92,0,100
1992_eatdis_deprivation,sub-61bd_assay-microstructure_cond-deprivaiton.csv,trace,Numeric,92,92,0,100,0
1992_eatdis_deprivation,sub-61bd_assay-microstructure_cond-deprivaiton.csv,trace-2,Empty,92,0,92,0,100
1992_eatdis_deprivation,sub-6517_assay-microstructure_cond-control.csv,activity,Numeric,60,60,0,100,0
1992_eatdis_deprivation,sub-6517_assay-microstructure_cond-control.csv,activity-2,Empty,60,0,60,0,100
1992_eatdis_deprivation,sub-6517_assay-microstructure_cond-control.csv,cond,Categorical,60,60,0,100,0
1992_eatdis_deprivation,sub-6517_assay-microstructure_cond-control.csv,food,Categorical,60,60,0,100,0
1992_eatdis_deprivation,sub-6517_assay-microstructure_cond-control.csv,food-2,Empty,60,0,60,0,100
1992_eatdis_deprivation,sub-6517_assay-microstructure_cond-control.csv,group,Numeric,60,60,0,100,0
1992_eatdis_deprivation,sub-6517_assay-microstructure_cond-control.csv,group-2,Empty,60,0,60,0,100
1992_eatdis_deprivation,sub-6517_assay-microstructure_cond-control.csv,id,Numeric,60,60,0,100,0
1992_eatdis_deprivation,sub-6517_assay-microstructure_cond-control.csv,start,Numeric,60,60,0,100,0
1992_eatdis_deprivation,sub-6517_assay-microstructure_cond-control.csv,start-2,Empty,60,0,60,0,100
1992_eatdis_deprivation,sub-6517_assay-microstructure_cond-control.csv,thirds,Categorical,60,60,0,100,0
1992_eatdis_deprivation,sub-6517_assay-microstructure_cond-control.csv,thirds-2,Empty,60,0,60,0,100
1992_eatdis_deprivation,sub-6517_assay-microstructure_cond-control.csv,time_1,Numeric,60,60,0,100,0
1992_eatdis_deprivation,sub-6517_assay-microstructure_cond-control.csv,time_2,Numeric,60,60,0,100,0
1992_eatdis_deprivation,sub-6517_assay-microstructure_cond-control.csv,time_2-1,Empty,60,0,60,0,100
1992_eatdis_deprivation,sub-6517_assay-microstructure_cond-control.csv,time_2-2,Empty,60,0,60,0,100
1992_eatdis_deprivation,sub-6517_assay-microstructure_cond-control.csv,trace,Numeric,60,60,0,100,0
1992_eatdis_deprivation,sub-6517_assay-microstructure_cond-control.csv,trace-2,Empty,60,0,60,0,100
1992_eatdis_deprivation,sub-6517_assay-microstructure_cond-deprivaiton.csv,activity,Numeric,79,79,0,100,0
1992_eatdis_deprivation,sub-6517_assay-microstructure_cond-deprivaiton.csv,activity-2,Empty,79,0,79,0,100
1992_eatdis_deprivation,sub-6517_assay-microstructure_cond-deprivaiton.csv,cond,Categorical,79,79,0,100,0
1992_eatdis_deprivation,sub-6517_assay-microstructure_cond-deprivaiton.csv,food,Categorical,79,79,0,100,0
1992_eatdis_deprivation,sub-6517_assay-microstructure_cond-deprivaiton.csv,food-2,Empty,79,0,79,0,100
1992_eatdis_deprivation,sub-6517_assay-microstructure_cond-deprivaiton.csv,group,Numeric,79,79,0,100,0
1992_eatdis_deprivation,sub-6517_assay-microstructure_cond-deprivaiton.csv,group-2,Empty,79,0,79,0,100
1992_eatdis_deprivation,sub-6517_assay-microstructure_cond-deprivaiton.csv,id,Numeric,79,79,0,100,0
1992_eatdis_deprivation,sub-6517_assay-microstructure_cond-deprivaiton.csv,start,Numeric,79,79,0,100,0
1992_eatdis_deprivation,sub-6517_assay-microstructure_cond-deprivaiton.csv,start-2,Empty,79,0,79,0,100
1992_eatdis_deprivation,sub-6517_assay-microstructure_cond-deprivaiton.csv,thirds,Categorical,79,79,0,100,0
1992_eatdis_deprivation,sub-6517_assay-microstructure_cond-deprivaiton.csv,thirds-2,Empty,79,0,79,0,100
1992_eatdis_deprivation,sub-6517_assay-microstructure_cond-deprivaiton.csv,time_1,Numeric,79,79,0,100,0
1992_eatdis_deprivation,sub-6517_assay-microstructure_cond-deprivaiton.csv,time_2,Numeric,79,79,0,100,0
1992_eatdis_deprivation,sub-6517_assay-microstructure_cond-deprivaiton.csv,time_2-1,Empty,79,0,79,0,100
1992_eatdis_deprivation,sub-6517_assay-microstructure_cond-deprivaiton.csv,time_2-2,Empty,79,0,79,0,100
1992_eatdis_deprivation,sub-6517_assay-microstructure_cond-deprivaiton.csv,trace,Numeric,79,79,0,100,0
1992_eatdis_deprivation,sub-6517_assay-microstructure_cond-deprivaiton.csv,trace-2,Empty,79,0,79,0,100
1992_eatdis_deprivation,sub-6881_assay-microstructure_cond-control.csv,activity,Numeric,162,162,0,100,0
1992_eatdis_deprivation,sub-6881_assay-microstructure_cond-control.csv,activity-2,Empty,162,0,162,0,100
1992_eatdis_deprivation,sub-6881_assay-microstructure_cond-control.csv,cond,Categorical,162,162,0,100,0
1992_eatdis_deprivation,sub-6881_assay-microstructure_cond-control.csv,food,Categorical,162,162,0,100,0
1992_eatdis_deprivation,sub-6881_assay-microstructure_cond-control.csv,food-2,Empty,162,0,162,0,100
1992_eatdis_deprivation,sub-6881_assay-microstructure_cond-control.csv,group,Numeric,162,162,0,100,0
1992_eatdis_deprivation,sub-6881_assay-microstructure_cond-control.csv,group-2,Empty,162,0,162,0,100
1992_eatdis_deprivation,sub-6881_assay-microstructure_cond-control.csv,id,Numeric,162,162,0,100,0
1992_eatdis_deprivation,sub-6881_assay-microstructure_cond-control.csv,start,Numeric,162,162,0,100,0
1992_eatdis_deprivation,sub-6881_assay-microstructure_cond-control.csv,start-2,Empty,162,0,162,0,100
1992_eatdis_deprivation,sub-6881_assay-microstructure_cond-control.csv,thirds,Categorical,162,162,0,100,0
1992_eatdis_deprivation,sub-6881_assay-microstructure_cond-control.csv,thirds-2,Empty,162,0,162,0,100
1992_eatdis_deprivation,sub-6881_assay-microstructure_cond-control.csv,time_1,Numeric,162,162,0,100,0
1992_eatdis_deprivation,sub-6881_assay-microstructure_cond-control.csv,time_2,Numeric,162,162,0,100,0
1992_eatdis_deprivation,sub-6881_assay-microstructure_cond-control.csv,time_2-1,Empty,162,0,162,0,100
1992_eatdis_deprivation,sub-6881_assay-microstructure_cond-control.csv,time_2-2,Empty,162,0,162,0,100
1992_eatdis_deprivation,sub-6881_assay-microstructure_cond-control.csv,trace,Numeric,162,162,0,100,0
1992_eatdis_deprivation,sub-6881_assay-microstructure_cond-control.csv,trace-2,Empty,162,0,162,0,100
1992_eatdis_deprivation,sub-6881_assay-microstructure_cond-deprivaiton.csv,activity,Numeric,100,100,0,100,0
1992_eatdis_deprivation,sub-6881_assay-microstructure_cond-deprivaiton.csv,activity-2,Empty,100,0,100,0,100
1992_eatdis_deprivation,sub-6881_assay-microstructure_cond-deprivaiton.csv,cond,Categorical,100,100,0,100,0
1992_eatdis_deprivation,sub-6881_assay-microstructure_cond-deprivaiton.csv,food,Categorical,100,100,0,100,0
1992_eatdis_deprivation,sub-6881_assay-microstructure_cond-deprivaiton.csv,food-2,Empty,100,0,100,0,100
1992_eatdis_deprivation,sub-6881_assay-microstructure_cond-deprivaiton.csv,group,Numeric,100,100,0,100,0
1992_eatdis_deprivation,sub-6881_assay-microstructure_cond-deprivaiton.csv,group-2,Empty,100,0,100,0,100
1992_eatdis_deprivation,sub-6881_assay-microstructure_cond-deprivaiton.csv,id,Numeric,100,100,0,100,0
1992_eatdis_deprivation,sub-6881_assay-microstructure_cond-deprivaiton.csv,start,Numeric,100,100,0,100,0
1992_eatdis_deprivation,sub-6881_assay-microstructure_cond-deprivaiton.csv,start-2,Empty,100,0,100,0,100
1992_eatdis_deprivation,sub-6881_assay-microstructure_cond-deprivaiton.csv,thirds,Categorical,100,100,0,100,0
1992_eatdis_deprivation,sub-6881_assay-microstructure_cond-deprivaiton.csv,thirds-2,Empty,100,0,100,0,100
1992_eatdis_deprivation,sub-6881_assay-microstructure_cond-deprivaiton.csv,time_1,Numeric,100,100,0,100,0
1992_eatdis_deprivation,sub-6881_assay-microstructure_cond-deprivaiton.csv,time_2,Numeric,100,100,0,100,0
1992_eatdis_deprivation,sub-6881_assay-microstructure_cond-deprivaiton.csv,time_2-1,Empty,100,0,100,0,100
1992_eatdis_deprivation,sub-6881_assay-microstructure_cond-deprivaiton.csv,time_2-2,Empty,100,0,100,0,100
1992_eatdis_deprivation,sub-6881_assay-microstructure_cond-deprivaiton.csv,trace,Numeric,100,100,0,100,0
1992_eatdis_deprivation,sub-6881_assay-microstructure_cond-deprivaiton.csv,trace-2,Empty,100,0,100,0,100
1992_eatdis_deprivation,sub-6da2_assay-microstructure_cond-control.csv,activity,Numeric,137,137,0,100,0
1992_eatdis_deprivation,sub-6da2_assay-microstructure_cond-control.csv,activity-2,Empty,137,0,137,0,100
1992_eatdis_deprivation,sub-6da2_assay-microstructure_cond-control.csv,cond,Categorical,137,137,0,100,0
1992_eatdis_deprivation,sub-6da2_assay-microstructure_cond-control.csv,food,Categorical,137,137,0,100,0
1992_eatdis_deprivation,sub-6da2_assay-microstructure_cond-control.csv,food-2,Empty,137,0,137,0,100
1992_eatdis_deprivation,sub-6da2_assay-microstructure_cond-control.csv,group,Numeric,137,137,0,100,0
1992_eatdis_deprivation,sub-6da2_assay-microstructure_cond-control.csv,group-2,Empty,137,0,137,0,100
1992_eatdis_deprivation,sub-6da2_assay-microstructure_cond-control.csv,id,Categorical,137,137,0,100,0
1992_eatdis_deprivation,sub-6da2_assay-microstructure_cond-control.csv,start,Numeric,137,137,0,100,0
1992_eatdis_deprivation,sub-6da2_assay-microstructure_cond-control.csv,start-2,Empty,137,0,137,0,100
1992_eatdis_deprivation,sub-6da2_assay-microstructure_cond-control.csv,thirds,Categorical,137,137,0,100,0
1992_eatdis_deprivation,sub-6da2_assay-microstructure_cond-control.csv,thirds-2,Empty,137,0,137,0,100
1992_eatdis_deprivation,sub-6da2_assay-microstructure_cond-control.csv,time_1,Numeric,137,137,0,100,0
1992_eatdis_deprivation,sub-6da2_assay-microstructure_cond-control.csv,time_2,Numeric,137,137,0,100,0
1992_eatdis_deprivation,sub-6da2_assay-microstructure_cond-control.csv,time_2-1,Empty,137,0,137,0,100
1992_eatdis_deprivation,sub-6da2_assay-microstructure_cond-control.csv,time_2-2,Empty,137,0,137,0,100
1992_eatdis_deprivation,sub-6da2_assay-microstructure_cond-control.csv,trace,Numeric,137,137,0,100,0
1992_eatdis_deprivation,sub-6da2_assay-microstructure_cond-control.csv,trace-2,Empty,137,0,137,0,100
1992_eatdis_deprivation,sub-6da2_assay-microstructure_cond-deprivaiton.csv,activity,Numeric,157,157,0,100,0
1992_eatdis_deprivation,sub-6da2_assay-microstructure_cond-deprivaiton.csv,activity-2,Empty,157,0,157,0,100
1992_eatdis_deprivation,sub-6da2_assay-microstructure_cond-deprivaiton.csv,cond,Categorical,157,157,0,100,0
1992_eatdis_deprivation,sub-6da2_assay-microstructure_cond-deprivaiton.csv,food,Categorical,157,157,0,100,0
1992_eatdis_deprivation,sub-6da2_assay-microstructure_cond-deprivaiton.csv,food-2,Empty,157,0,157,0,100
1992_eatdis_deprivation,sub-6da2_assay-microstructure_cond-deprivaiton.csv,group,Numeric,157,157,0,100,0
1992_eatdis_deprivation,sub-6da2_assay-microstructure_cond-deprivaiton.csv,group-2,Empty,157,0,157,0,100
1992_eatdis_deprivation,sub-6da2_assay-microstructure_cond-deprivaiton.csv,id,Categorical,157,157,0,100,0
1992_eatdis_deprivation,sub-6da2_assay-microstructure_cond-deprivaiton.csv,start,Numeric,157,157,0,100,0
1992_eatdis_deprivation,sub-6da2_assay-microstructure_cond-deprivaiton.csv,start-2,Empty,157,0,157,0,100
1992_eatdis_deprivation,sub-6da2_assay-microstructure_cond-deprivaiton.csv,thirds,Categorical,157,157,0,100,0
1992_eatdis_deprivation,sub-6da2_assay-microstructure_cond-deprivaiton.csv,thirds-2,Empty,157,0,157,0,100
1992_eatdis_deprivation,sub-6da2_assay-microstructure_cond-deprivaiton.csv,time_1,Numeric,157,157,0,100,0
1992_eatdis_deprivation,sub-6da2_assay-microstructure_cond-deprivaiton.csv,time_2,Numeric,157,157,0,100,0
1992_eatdis_deprivation,sub-6da2_assay-microstructure_cond-deprivaiton.csv,time_2-1,Empty,157,0,157,0,100
1992_eatdis_deprivation,sub-6da2_assay-microstructure_cond-deprivaiton.csv,time_2-2,Empty,157,0,157,0,100
1992_eatdis_deprivation,sub-6da2_assay-microstructure_cond-deprivaiton.csv,trace,Numeric,157,157,0,100,0
1992_eatdis_deprivation,sub-6da2_assay-microstructure_cond-deprivaiton.csv,trace-2,Empty,157,0,157,0,100
1992_eatdis_deprivation,sub-6fad_assay-microstructure_cond-control.csv,activity,Numeric,200,200,0,100,0
1992_eatdis_deprivation,sub-6fad_assay-microstructure_cond-control.csv,activity-2,Empty,200,0,200,0,100
1992_eatdis_deprivation,sub-6fad_assay-microstructure_cond-control.csv,cond,Categorical,200,200,0,100,0
1992_eatdis_deprivation,sub-6fad_assay-microstructure_cond-control.csv,food,Categorical,200,200,0,100,0
1992_eatdis_deprivation,sub-6fad_assay-microstructure_cond-control.csv,food-2,Empty,200,0,200,0,100
1992_eatdis_deprivation,sub-6fad_assay-microstructure_cond-control.csv,group,Numeric,200,200,0,100,0
1992_eatdis_deprivation,sub-6fad_assay-microstructure_cond-control.csv,group-2,Empty,200,0,200,0,100
1992_eatdis_deprivation,sub-6fad_assay-microstructure_cond-control.csv,id,Categorical,200,200,0,100,0
1992_eatdis_deprivation,sub-6fad_assay-microstructure_cond-control.csv,start,Numeric,200,200,0,100,0
1992_eatdis_deprivation,sub-6fad_assay-microstructure_cond-control.csv,start-2,Empty,200,0,200,0,100
1992_eatdis_deprivation,sub-6fad_assay-microstructure_cond-control.csv,thirds,Categorical,200,200,0,100,0
1992_eatdis_deprivation,sub-6fad_assay-microstructure_cond-control.csv,thirds-2,Empty,200,0,200,0,100
1992_eatdis_deprivation,sub-6fad_assay-microstructure_cond-control.csv,time_1,Numeric,200,200,0,100,0
1992_eatdis_deprivation,sub-6fad_assay-microstructure_cond-control.csv,time_2,Numeric,200,200,0,100,0
1992_eatdis_deprivation,sub-6fad_assay-microstructure_cond-control.csv,time_2-1,Empty,200,0,200,0,100
1992_eatdis_deprivation,sub-6fad_assay-microstructure_cond-control.csv,time_2-2,Empty,200,0,200,0,100
1992_eatdis_deprivation,sub-6fad_assay-microstructure_cond-control.csv,trace,Numeric,200,200,0,100,0
1992_eatdis_deprivation,sub-6fad_assay-microstructure_cond-control.csv,trace-2,Empty,200,0,200,0,100
1992_eatdis_deprivation,sub-6fad_assay-microstructure_cond-deprivaiton.csv,activity,Numeric,285,285,0,100,0
1992_eatdis_deprivation,sub-6fad_assay-microstructure_cond-deprivaiton.csv,activity-2,Numeric,285,9,276,3.16,96.84
1992_eatdis_deprivation,sub-6fad_assay-microstructure_cond-deprivaiton.csv,cond,Categorical,285,285,0,100,0
1992_eatdis_deprivation,sub-6fad_assay-microstructure_cond-deprivaiton.csv,food,Categorical,285,285,0,100,0
1992_eatdis_deprivation,sub-6fad_assay-microstructure_cond-deprivaiton.csv,food-2,Empty,285,0,285,0,100
1992_eatdis_deprivation,sub-6fad_assay-microstructure_cond-deprivaiton.csv,group,Numeric,285,285,0,100,0
1992_eatdis_deprivation,sub-6fad_assay-microstructure_cond-deprivaiton.csv,group-2,Numeric,285,9,276,3.16,96.84
1992_eatdis_deprivation,sub-6fad_assay-microstructure_cond-deprivaiton.csv,id,Categorical,285,285,0,100,0
1992_eatdis_deprivation,sub-6fad_assay-microstructure_cond-deprivaiton.csv,start,Numeric,285,285,0,100,0
1992_eatdis_deprivation,sub-6fad_assay-microstructure_cond-deprivaiton.csv,start-2,Numeric,285,9,276,3.16,96.84
1992_eatdis_deprivation,sub-6fad_assay-microstructure_cond-deprivaiton.csv,thirds,Categorical,285,285,0,100,0
1992_eatdis_deprivation,sub-6fad_assay-microstructure_cond-deprivaiton.csv,thirds-2,Empty,285,0,285,0,100
1992_eatdis_deprivation,sub-6fad_assay-microstructure_cond-deprivaiton.csv,time_1,Numeric,285,285,0,100,0
1992_eatdis_deprivation,sub-6fad_assay-microstructure_cond-deprivaiton.csv,time_2,Numeric,285,285,0,100,0
1992_eatdis_deprivation,sub-6fad_assay-microstructure_cond-deprivaiton.csv,time_2-1,Numeric,285,9,276,3.16,96.84
1992_eatdis_deprivation,sub-6fad_assay-microstructure_cond-deprivaiton.csv,time_2-2,Empty,285,0,285,0,100
1992_eatdis_deprivation,sub-6fad_assay-microstructure_cond-deprivaiton.csv,trace,Numeric,285,285,0,100,0
1992_eatdis_deprivation,sub-6fad_assay-microstructure_cond-deprivaiton.csv,trace-2,Numeric,285,9,276,3.16,96.84
1992_eatdis_deprivation,sub-779d_assay-microstructure_cond-control.csv,activity,Numeric,88,88,0,100,0
1992_eatdis_deprivation,sub-779d_assay-microstructure_cond-control.csv,activity-2,Empty,88,0,88,0,100
1992_eatdis_deprivation,sub-779d_assay-microstructure_cond-control.csv,cond,Categorical,88,88,0,100,0
1992_eatdis_deprivation,sub-779d_assay-microstructure_cond-control.csv,food,Categorical,88,88,0,100,0
1992_eatdis_deprivation,sub-779d_assay-microstructure_cond-control.csv,food-2,Empty,88,0,88,0,100
1992_eatdis_deprivation,sub-779d_assay-microstructure_cond-control.csv,group,Numeric,88,88,0,100,0
1992_eatdis_deprivation,sub-779d_assay-microstructure_cond-control.csv,group-2,Empty,88,0,88,0,100
1992_eatdis_deprivation,sub-779d_assay-microstructure_cond-control.csv,id,Categorical,88,88,0,100,0
1992_eatdis_deprivation,sub-779d_assay-microstructure_cond-control.csv,start,Numeric,88,88,0,100,0
1992_eatdis_deprivation,sub-779d_assay-microstructure_cond-control.csv,start-2,Empty,88,0,88,0,100
1992_eatdis_deprivation,sub-779d_assay-microstructure_cond-control.csv,thirds,Categorical,88,88,0,100,0
1992_eatdis_deprivation,sub-779d_assay-microstructure_cond-control.csv,thirds-2,Empty,88,0,88,0,100
1992_eatdis_deprivation,sub-779d_assay-microstructure_cond-control.csv,time_1,Numeric,88,88,0,100,0
1992_eatdis_deprivation,sub-779d_assay-microstructure_cond-control.csv,time_2,Numeric,88,88,0,100,0
1992_eatdis_deprivation,sub-779d_assay-microstructure_cond-control.csv,time_2-1,Empty,88,0,88,0,100
1992_eatdis_deprivation,sub-779d_assay-microstructure_cond-control.csv,time_2-2,Empty,88,0,88,0,100
1992_eatdis_deprivation,sub-779d_assay-microstructure_cond-control.csv,trace,Numeric,88,88,0,100,0
1992_eatdis_deprivation,sub-779d_assay-microstructure_cond-control.csv,trace-2,Empty,88,0,88,0,100
1992_eatdis_deprivation,sub-779d_assay-microstructure_cond-deprivaiton.csv,activity,Numeric,195,195,0,100,0
1992_eatdis_deprivation,sub-779d_assay-microstructure_cond-deprivaiton.csv,activity-2,Empty,195,0,195,0,100
1992_eatdis_deprivation,sub-779d_assay-microstructure_cond-deprivaiton.csv,cond,Categorical,195,195,0,100,0
1992_eatdis_deprivation,sub-779d_assay-microstructure_cond-deprivaiton.csv,food,Categorical,195,195,0,100,0
1992_eatdis_deprivation,sub-779d_assay-microstructure_cond-deprivaiton.csv,food-2,Empty,195,0,195,0,100
1992_eatdis_deprivation,sub-779d_assay-microstructure_cond-deprivaiton.csv,group,Numeric,195,195,0,100,0
1992_eatdis_deprivation,sub-779d_assay-microstructure_cond-deprivaiton.csv,group-2,Empty,195,0,195,0,100
1992_eatdis_deprivation,sub-779d_assay-microstructure_cond-deprivaiton.csv,id,Categorical,195,195,0,100,0
1992_eatdis_deprivation,sub-779d_assay-microstructure_cond-deprivaiton.csv,start,Numeric,195,195,0,100,0
1992_eatdis_deprivation,sub-779d_assay-microstructure_cond-deprivaiton.csv,start-2,Empty,195,0,195,0,100
1992_eatdis_deprivation,sub-779d_assay-microstructure_cond-deprivaiton.csv,thirds,Categorical,195,195,0,100,0
1992_eatdis_deprivation,sub-779d_assay-microstructure_cond-deprivaiton.csv,thirds-2,Empty,195,0,195,0,100
1992_eatdis_deprivation,sub-779d_assay-microstructure_cond-deprivaiton.csv,time_1,Numeric,195,195,0,100,0
1992_eatdis_deprivation,sub-779d_assay-microstructure_cond-deprivaiton.csv,time_2,Numeric,195,195,0,100,0
1992_eatdis_deprivation,sub-779d_assay-microstructure_cond-deprivaiton.csv,time_2-1,Empty,195,0,195,0,100
1992_eatdis_deprivation,sub-779d_assay-microstructure_cond-deprivaiton.csv,time_2-2,Empty,195,0,195,0,100
1992_eatdis_deprivation,sub-779d_assay-microstructure_cond-deprivaiton.csv,trace,Numeric,195,195,0,100,0
1992_eatdis_deprivation,sub-779d_assay-microstructure_cond-deprivaiton.csv,trace-2,Empty,195,0,195,0,100
1992_eatdis_deprivation,sub-7a53_assay-microstructure_cond-control.csv,activity,Numeric,127,127,0,100,0
1992_eatdis_deprivation,sub-7a53_assay-microstructure_cond-control.csv,activity-2,Empty,127,0,127,0,100
1992_eatdis_deprivation,sub-7a53_assay-microstructure_cond-control.csv,cond,Categorical,127,127,0,100,0
1992_eatdis_deprivation,sub-7a53_assay-microstructure_cond-control.csv,food,Categorical,127,127,0,100,0
1992_eatdis_deprivation,sub-7a53_assay-microstructure_cond-control.csv,food-2,Empty,127,0,127,0,100
1992_eatdis_deprivation,sub-7a53_assay-microstructure_cond-control.csv,group,Numeric,127,127,0,100,0
1992_eatdis_deprivation,sub-7a53_assay-microstructure_cond-control.csv,group-2,Empty,127,0,127,0,100
1992_eatdis_deprivation,sub-7a53_assay-microstructure_cond-control.csv,id,Categorical,127,127,0,100,0
1992_eatdis_deprivation,sub-7a53_assay-microstructure_cond-control.csv,start,Numeric,127,127,0,100,0
1992_eatdis_deprivation,sub-7a53_assay-microstructure_cond-control.csv,start-2,Empty,127,0,127,0,100
1992_eatdis_deprivation,sub-7a53_assay-microstructure_cond-control.csv,thirds,Categorical,127,127,0,100,0
1992_eatdis_deprivation,sub-7a53_assay-microstructure_cond-control.csv,thirds-2,Empty,127,0,127,0,100
1992_eatdis_deprivation,sub-7a53_assay-microstructure_cond-control.csv,time_1,Numeric,127,127,0,100,0
1992_eatdis_deprivation,sub-7a53_assay-microstructure_cond-control.csv,time_2,Numeric,127,127,0,100,0
1992_eatdis_deprivation,sub-7a53_assay-microstructure_cond-control.csv,time_2-1,Empty,127,0,127,0,100
1992_eatdis_deprivation,sub-7a53_assay-microstructure_cond-control.csv,time_2-2,Empty,127,0,127,0,100
1992_eatdis_deprivation,sub-7a53_assay-microstructure_cond-control.csv,trace,Numeric,127,127,0,100,0
1992_eatdis_deprivation,sub-7a53_assay-microstructure_cond-control.csv,trace-2,Empty,127,0,127,0,100
1992_eatdis_deprivation,sub-7a53_assay-microstructure_cond-deprivaiton.csv,activity,Numeric,224,224,0,100,0
1992_eatdis_deprivation,sub-7a53_assay-microstructure_cond-deprivaiton.csv,activity-2,Empty,224,0,224,0,100
1992_eatdis_deprivation,sub-7a53_assay-microstructure_cond-deprivaiton.csv,cond,Categorical,224,224,0,100,0
1992_eatdis_deprivation,sub-7a53_assay-microstructure_cond-deprivaiton.csv,food,Categorical,224,224,0,100,0
1992_eatdis_deprivation,sub-7a53_assay-microstructure_cond-deprivaiton.csv,food-2,Empty,224,0,224,0,100
1992_eatdis_deprivation,sub-7a53_assay-microstructure_cond-deprivaiton.csv,group,Numeric,224,224,0,100,0
1992_eatdis_deprivation,sub-7a53_assay-microstructure_cond-deprivaiton.csv,group-2,Empty,224,0,224,0,100
1992_eatdis_deprivation,sub-7a53_assay-microstructure_cond-deprivaiton.csv,id,Categorical,224,224,0,100,0
1992_eatdis_deprivation,sub-7a53_assay-microstructure_cond-deprivaiton.csv,start,Numeric,224,224,0,100,0
1992_eatdis_deprivation,sub-7a53_assay-microstructure_cond-deprivaiton.csv,start-2,Empty,224,0,224,0,100
1992_eatdis_deprivation,sub-7a53_assay-microstructure_cond-deprivaiton.csv,thirds,Categorical,224,224,0,100,0
1992_eatdis_deprivation,sub-7a53_assay-microstructure_cond-deprivaiton.csv,thirds-2,Empty,224,0,224,0,100
1992_eatdis_deprivation,sub-7a53_assay-microstructure_cond-deprivaiton.csv,time_1,Numeric,224,224,0,100,0
1992_eatdis_deprivation,sub-7a53_assay-microstructure_cond-deprivaiton.csv,time_2,Numeric,224,224,0,100,0
1992_eatdis_deprivation,sub-7a53_assay-microstructure_cond-deprivaiton.csv,time_2-1,Empty,224,0,224,0,100
1992_eatdis_deprivation,sub-7a53_assay-microstructure_cond-deprivaiton.csv,time_2-2,Empty,224,0,224,0,100
1992_eatdis_deprivation,sub-7a53_assay-microstructure_cond-deprivaiton.csv,trace,Numeric,224,224,0,100,0
1992_eatdis_deprivation,sub-7a53_assay-microstructure_cond-deprivaiton.csv,trace-2,Empty,224,0,224,0,100
1992_eatdis_deprivation,sub-7d9e_assay-microstructure_cond-control.csv,activity,Numeric,80,80,0,100,0
1992_eatdis_deprivation,sub-7d9e_assay-microstructure_cond-control.csv,activity-2,Empty,80,0,80,0,100
1992_eatdis_deprivation,sub-7d9e_assay-microstructure_cond-control.csv,cond,Categorical,80,80,0,100,0
1992_eatdis_deprivation,sub-7d9e_assay-microstructure_cond-control.csv,food,Categorical,80,80,0,100,0
1992_eatdis_deprivation,sub-7d9e_assay-microstructure_cond-control.csv,food-2,Empty,80,0,80,0,100
1992_eatdis_deprivation,sub-7d9e_assay-microstructure_cond-control.csv,group,Numeric,80,80,0,100,0
1992_eatdis_deprivation,sub-7d9e_assay-microstructure_cond-control.csv,group-2,Empty,80,0,80,0,100
1992_eatdis_deprivation,sub-7d9e_assay-microstructure_cond-control.csv,id,Categorical,80,80,0,100,0
1992_eatdis_deprivation,sub-7d9e_assay-microstructure_cond-control.csv,start,Numeric,80,80,0,100,0
1992_eatdis_deprivation,sub-7d9e_assay-microstructure_cond-control.csv,start-2,Empty,80,0,80,0,100
1992_eatdis_deprivation,sub-7d9e_assay-microstructure_cond-control.csv,thirds,Categorical,80,80,0,100,0
1992_eatdis_deprivation,sub-7d9e_assay-microstructure_cond-control.csv,thirds-2,Empty,80,0,80,0,100
1992_eatdis_deprivation,sub-7d9e_assay-microstructure_cond-control.csv,time_1,Numeric,80,80,0,100,0
1992_eatdis_deprivation,sub-7d9e_assay-microstructure_cond-control.csv,time_2,Numeric,80,80,0,100,0
1992_eatdis_deprivation,sub-7d9e_assay-microstructure_cond-control.csv,time_2-1,Empty,80,0,80,0,100
1992_eatdis_deprivation,sub-7d9e_assay-microstructure_cond-control.csv,time_2-2,Empty,80,0,80,0,100
1992_eatdis_deprivation,sub-7d9e_assay-microstructure_cond-control.csv,trace,Numeric,80,80,0,100,0
1992_eatdis_deprivation,sub-7d9e_assay-microstructure_cond-control.csv,trace-2,Empty,80,0,80,0,100
1992_eatdis_deprivation,sub-7d9e_assay-microstructure_cond-deprivaiton.csv,activity,Numeric,56,56,0,100,0
1992_eatdis_deprivation,sub-7d9e_assay-microstructure_cond-deprivaiton.csv,activity-2,Empty,56,0,56,0,100
1992_eatdis_deprivation,sub-7d9e_assay-microstructure_cond-deprivaiton.csv,cond,Categorical,56,56,0,100,0
1992_eatdis_deprivation,sub-7d9e_assay-microstructure_cond-deprivaiton.csv,food,Categorical,56,56,0,100,0
1992_eatdis_deprivation,sub-7d9e_assay-microstructure_cond-deprivaiton.csv,food-2,Empty,56,0,56,0,100
1992_eatdis_deprivation,sub-7d9e_assay-microstructure_cond-deprivaiton.csv,group,Numeric,56,56,0,100,0
1992_eatdis_deprivation,sub-7d9e_assay-microstructure_cond-deprivaiton.csv,group-2,Empty,56,0,56,0,100
1992_eatdis_deprivation,sub-7d9e_assay-microstructure_cond-deprivaiton.csv,id,Categorical,56,56,0,100,0
1992_eatdis_deprivation,sub-7d9e_assay-microstructure_cond-deprivaiton.csv,start,Numeric,56,56,0,100,0
1992_eatdis_deprivation,sub-7d9e_assay-microstructure_cond-deprivaiton.csv,start-2,Empty,56,0,56,0,100
1992_eatdis_deprivation,sub-7d9e_assay-microstructure_cond-deprivaiton.csv,thirds,Categorical,56,56,0,100,0
1992_eatdis_deprivation,sub-7d9e_assay-microstructure_cond-deprivaiton.csv,thirds-2,Empty,56,0,56,0,100
1992_eatdis_deprivation,sub-7d9e_assay-microstructure_cond-deprivaiton.csv,time_1,Numeric,56,56,0,100,0
1992_eatdis_deprivation,sub-7d9e_assay-microstructure_cond-deprivaiton.csv,time_2,Numeric,56,56,0,100,0
1992_eatdis_deprivation,sub-7d9e_assay-microstructure_cond-deprivaiton.csv,time_2-1,Empty,56,0,56,0,100
1992_eatdis_deprivation,sub-7d9e_assay-microstructure_cond-deprivaiton.csv,time_2-2,Empty,56,0,56,0,100
1992_eatdis_deprivation,sub-7d9e_assay-microstructure_cond-deprivaiton.csv,trace,Numeric,56,56,0,100,0
1992_eatdis_deprivation,sub-7d9e_assay-microstructure_cond-deprivaiton.csv,trace-2,Empty,56,0,56,0,100
1992_eatdis_deprivation,sub-7eba_assay-microstructure_cond-control.csv,activity,Numeric,114,114,0,100,0
1992_eatdis_deprivation,sub-7eba_assay-microstructure_cond-control.csv,activity-2,Empty,114,0,114,0,100
1992_eatdis_deprivation,sub-7eba_assay-microstructure_cond-control.csv,cond,Categorical,114,114,0,100,0
1992_eatdis_deprivation,sub-7eba_assay-microstructure_cond-control.csv,food,Categorical,114,114,0,100,0
1992_eatdis_deprivation,sub-7eba_assay-microstructure_cond-control.csv,food-2,Empty,114,0,114,0,100
1992_eatdis_deprivation,sub-7eba_assay-microstructure_cond-control.csv,group,Numeric,114,114,0,100,0
1992_eatdis_deprivation,sub-7eba_assay-microstructure_cond-control.csv,group-2,Empty,114,0,114,0,100
1992_eatdis_deprivation,sub-7eba_assay-microstructure_cond-control.csv,id,Categorical,114,114,0,100,0
1992_eatdis_deprivation,sub-7eba_assay-microstructure_cond-control.csv,start,Numeric,114,114,0,100,0
1992_eatdis_deprivation,sub-7eba_assay-microstructure_cond-control.csv,start-2,Empty,114,0,114,0,100
1992_eatdis_deprivation,sub-7eba_assay-microstructure_cond-control.csv,thirds,Categorical,114,114,0,100,0
1992_eatdis_deprivation,sub-7eba_assay-microstructure_cond-control.csv,thirds-2,Empty,114,0,114,0,100
1992_eatdis_deprivation,sub-7eba_assay-microstructure_cond-control.csv,time_1,Numeric,114,114,0,100,0
1992_eatdis_deprivation,sub-7eba_assay-microstructure_cond-control.csv,time_2,Numeric,114,114,0,100,0
1992_eatdis_deprivation,sub-7eba_assay-microstructure_cond-control.csv,time_2-1,Empty,114,0,114,0,100
1992_eatdis_deprivation,sub-7eba_assay-microstructure_cond-control.csv,time_2-2,Empty,114,0,114,0,100
1992_eatdis_deprivation,sub-7eba_assay-microstructure_cond-control.csv,trace,Numeric,114,114,0,100,0
1992_eatdis_deprivation,sub-7eba_assay-microstructure_cond-control.csv,trace-2,Empty,114,0,114,0,100
1992_eatdis_deprivation,sub-7eba_assay-microstructure_cond-deprivaiton.csv,activity,Numeric,170,170,0,100,0
1992_eatdis_deprivation,sub-7eba_assay-microstructure_cond-deprivaiton.csv,activity-2,Empty,170,0,170,0,100
1992_eatdis_deprivation,sub-7eba_assay-microstructure_cond-deprivaiton.csv,cond,Categorical,170,170,0,100,0
1992_eatdis_deprivation,sub-7eba_assay-microstructure_cond-deprivaiton.csv,food,Categorical,170,170,0,100,0
1992_eatdis_deprivation,sub-7eba_assay-microstructure_cond-deprivaiton.csv,food-2,Empty,170,0,170,0,100
1992_eatdis_deprivation,sub-7eba_assay-microstructure_cond-deprivaiton.csv,group,Numeric,170,170,0,100,0
1992_eatdis_deprivation,sub-7eba_assay-microstructure_cond-deprivaiton.csv,group-2,Empty,170,0,170,0,100
1992_eatdis_deprivation,sub-7eba_assay-microstructure_cond-deprivaiton.csv,id,Categorical,170,170,0,100,0
1992_eatdis_deprivation,sub-7eba_assay-microstructure_cond-deprivaiton.csv,start,Numeric,170,170,0,100,0
1992_eatdis_deprivation,sub-7eba_assay-microstructure_cond-deprivaiton.csv,start-2,Empty,170,0,170,0,100
1992_eatdis_deprivation,sub-7eba_assay-microstructure_cond-deprivaiton.csv,thirds,Categorical,170,170,0,100,0
1992_eatdis_deprivation,sub-7eba_assay-microstructure_cond-deprivaiton.csv,thirds-2,Empty,170,0,170,0,100
1992_eatdis_deprivation,sub-7eba_assay-microstructure_cond-deprivaiton.csv,time_1,Numeric,170,170,0,100,0
1992_eatdis_deprivation,sub-7eba_assay-microstructure_cond-deprivaiton.csv,time_2,Numeric,170,170,0,100,0
1992_eatdis_deprivation,sub-7eba_assay-microstructure_cond-deprivaiton.csv,time_2-1,Empty,170,0,170,0,100
1992_eatdis_deprivation,sub-7eba_assay-microstructure_cond-deprivaiton.csv,time_2-2,Empty,170,0,170,0,100
1992_eatdis_deprivation,sub-7eba_assay-microstructure_cond-deprivaiton.csv,trace,Numeric,170,170,0,100,0
1992_eatdis_deprivation,sub-7eba_assay-microstructure_cond-deprivaiton.csv,trace-2,Empty,170,0,170,0,100
1992_eatdis_deprivation,sub-7fab_assay-microstructure_cond-control.csv,activity,Numeric,114,114,0,100,0
1992_eatdis_deprivation,sub-7fab_assay-microstructure_cond-control.csv,activity-2,Empty,114,0,114,0,100
1992_eatdis_deprivation,sub-7fab_assay-microstructure_cond-control.csv,cond,Categorical,114,114,0,100,0
1992_eatdis_deprivation,sub-7fab_assay-microstructure_cond-control.csv,food,Categorical,114,114,0,100,0
1992_eatdis_deprivation,sub-7fab_assay-microstructure_cond-control.csv,food-2,Empty,114,0,114,0,100
1992_eatdis_deprivation,sub-7fab_assay-microstructure_cond-control.csv,group,Numeric,114,114,0,100,0
1992_eatdis_deprivation,sub-7fab_assay-microstructure_cond-control.csv,group-2,Empty,114,0,114,0,100
1992_eatdis_deprivation,sub-7fab_assay-microstructure_cond-control.csv,id,Categorical,114,114,0,100,0
1992_eatdis_deprivation,sub-7fab_assay-microstructure_cond-control.csv,start,Numeric,114,114,0,100,0
1992_eatdis_deprivation,sub-7fab_assay-microstructure_cond-control.csv,start-2,Empty,114,0,114,0,100
1992_eatdis_deprivation,sub-7fab_assay-microstructure_cond-control.csv,thirds,Categorical,114,114,0,100,0
1992_eatdis_deprivation,sub-7fab_assay-microstructure_cond-control.csv,thirds-2,Empty,114,0,114,0,100
1992_eatdis_deprivation,sub-7fab_assay-microstructure_cond-control.csv,time_1,Numeric,114,114,0,100,0
1992_eatdis_deprivation,sub-7fab_assay-microstructure_cond-control.csv,time_2,Numeric,114,114,0,100,0
1992_eatdis_deprivation,sub-7fab_assay-microstructure_cond-control.csv,time_2-1,Empty,114,0,114,0,100
1992_eatdis_deprivation,sub-7fab_assay-microstructure_cond-control.csv,time_2-2,Empty,114,0,114,0,100
1992_eatdis_deprivation,sub-7fab_assay-microstructure_cond-control.csv,trace,Numeric,114,114,0,100,0
1992_eatdis_deprivation,sub-7fab_assay-microstructure_cond-control.csv,trace-2,Empty,114,0,114,0,100
1992_eatdis_deprivation,sub-7fab_assay-microstructure_cond-deprivaiton.csv,activity,Numeric,90,90,0,100,0
1992_eatdis_deprivation,sub-7fab_assay-microstructure_cond-deprivaiton.csv,activity-2,Empty,90,0,90,0,100
1992_eatdis_deprivation,sub-7fab_assay-microstructure_cond-deprivaiton.csv,cond,Categorical,90,90,0,100,0
1992_eatdis_deprivation,sub-7fab_assay-microstructure_cond-deprivaiton.csv,food,Categorical,90,90,0,100,0
1992_eatdis_deprivation,sub-7fab_assay-microstructure_cond-deprivaiton.csv,food-2,Empty,90,0,90,0,100
1992_eatdis_deprivation,sub-7fab_assay-microstructure_cond-deprivaiton.csv,group,Numeric,90,90,0,100,0
1992_eatdis_deprivation,sub-7fab_assay-microstructure_cond-deprivaiton.csv,group-2,Empty,90,0,90,0,100
1992_eatdis_deprivation,sub-7fab_assay-microstructure_cond-deprivaiton.csv,id,Categorical,90,90,0,100,0
1992_eatdis_deprivation,sub-7fab_assay-microstructure_cond-deprivaiton.csv,start,Numeric,90,90,0,100,0
1992_eatdis_deprivation,sub-7fab_assay-microstructure_cond-deprivaiton.csv,start-2,Empty,90,0,90,0,100
1992_eatdis_deprivation,sub-7fab_assay-microstructure_cond-deprivaiton.csv,thirds,Categorical,90,90,0,100,0
1992_eatdis_deprivation,sub-7fab_assay-microstructure_cond-deprivaiton.csv,thirds-2,Empty,90,0,90,0,100
1992_eatdis_deprivation,sub-7fab_assay-microstructure_cond-deprivaiton.csv,time_1,Numeric,90,90,0,100,0
1992_eatdis_deprivation,sub-7fab_assay-microstructure_cond-deprivaiton.csv,time_2,Numeric,90,90,0,100,0
1992_eatdis_deprivation,sub-7fab_assay-microstructure_cond-deprivaiton.csv,time_2-1,Empty,90,0,90,0,100
1992_eatdis_deprivation,sub-7fab_assay-microstructure_cond-deprivaiton.csv,time_2-2,Empty,90,0,90,0,100
1992_eatdis_deprivation,sub-7fab_assay-microstructure_cond-deprivaiton.csv,trace,Numeric,90,90,0,100,0
1992_eatdis_deprivation,sub-7fab_assay-microstructure_cond-deprivaiton.csv,trace-2,Empty,90,0,90,0,100
1992_eatdis_deprivation,sub-8a9b_assay-microstructure_cond-control.csv,activity,Numeric,60,60,0,100,0
1992_eatdis_deprivation,sub-8a9b_assay-microstructure_cond-control.csv,activity-2,Empty,60,0,60,0,100
1992_eatdis_deprivation,sub-8a9b_assay-microstructure_cond-control.csv,cond,Categorical,60,60,0,100,0
1992_eatdis_deprivation,sub-8a9b_assay-microstructure_cond-control.csv,food,Categorical,60,60,0,100,0
1992_eatdis_deprivation,sub-8a9b_assay-microstructure_cond-control.csv,food-2,Empty,60,0,60,0,100
1992_eatdis_deprivation,sub-8a9b_assay-microstructure_cond-control.csv,group,Numeric,60,60,0,100,0
1992_eatdis_deprivation,sub-8a9b_assay-microstructure_cond-control.csv,group-2,Empty,60,0,60,0,100
1992_eatdis_deprivation,sub-8a9b_assay-microstructure_cond-control.csv,id,Categorical,60,60,0,100,0
1992_eatdis_deprivation,sub-8a9b_assay-microstructure_cond-control.csv,start,Numeric,60,60,0,100,0
1992_eatdis_deprivation,sub-8a9b_assay-microstructure_cond-control.csv,start-2,Empty,60,0,60,0,100
1992_eatdis_deprivation,sub-8a9b_assay-microstructure_cond-control.csv,thirds,Categorical,60,60,0,100,0
1992_eatdis_deprivation,sub-8a9b_assay-microstructure_cond-control.csv,thirds-2,Empty,60,0,60,0,100
1992_eatdis_deprivation,sub-8a9b_assay-microstructure_cond-control.csv,time_1,Numeric,60,60,0,100,0
1992_eatdis_deprivation,sub-8a9b_assay-microstructure_cond-control.csv,time_2,Numeric,60,60,0,100,0
1992_eatdis_deprivation,sub-8a9b_assay-microstructure_cond-control.csv,time_2-1,Empty,60,0,60,0,100
1992_eatdis_deprivation,sub-8a9b_assay-microstructure_cond-control.csv,time_2-2,Empty,60,0,60,0,100
1992_eatdis_deprivation,sub-8a9b_assay-microstructure_cond-control.csv,trace,Numeric,60,60,0,100,0
1992_eatdis_deprivation,sub-8a9b_assay-microstructure_cond-control.csv,trace-2,Empty,60,0,60,0,100
1992_eatdis_deprivation,sub-8a9b_assay-microstructure_cond-deprivaiton.csv,activity,Numeric,56,56,0,100,0
1992_eatdis_deprivation,sub-8a9b_assay-microstructure_cond-deprivaiton.csv,activity-2,Empty,56,0,56,0,100
1992_eatdis_deprivation,sub-8a9b_assay-microstructure_cond-deprivaiton.csv,cond,Categorical,56,56,0,100,0
1992_eatdis_deprivation,sub-8a9b_assay-microstructure_cond-deprivaiton.csv,food,Categorical,56,56,0,100,0
1992_eatdis_deprivation,sub-8a9b_assay-microstructure_cond-deprivaiton.csv,food-2,Empty,56,0,56,0,100
1992_eatdis_deprivation,sub-8a9b_assay-microstructure_cond-deprivaiton.csv,group,Numeric,56,56,0,100,0
1992_eatdis_deprivation,sub-8a9b_assay-microstructure_cond-deprivaiton.csv,group-2,Empty,56,0,56,0,100
1992_eatdis_deprivation,sub-8a9b_assay-microstructure_cond-deprivaiton.csv,id,Categorical,56,56,0,100,0
1992_eatdis_deprivation,sub-8a9b_assay-microstructure_cond-deprivaiton.csv,start,Numeric,56,56,0,100,0
1992_eatdis_deprivation,sub-8a9b_assay-microstructure_cond-deprivaiton.csv,start-2,Empty,56,0,56,0,100
1992_eatdis_deprivation,sub-8a9b_assay-microstructure_cond-deprivaiton.csv,thirds,Categorical,56,56,0,100,0
1992_eatdis_deprivation,sub-8a9b_assay-microstructure_cond-deprivaiton.csv,thirds-2,Empty,56,0,56,0,100
1992_eatdis_deprivation,sub-8a9b_assay-microstructure_cond-deprivaiton.csv,time_1,Numeric,56,56,0,100,0
1992_eatdis_deprivation,sub-8a9b_assay-microstructure_cond-deprivaiton.csv,time_2,Numeric,56,56,0,100,0
1992_eatdis_deprivation,sub-8a9b_assay-microstructure_cond-deprivaiton.csv,time_2-1,Empty,56,0,56,0,100
1992_eatdis_deprivation,sub-8a9b_assay-microstructure_cond-deprivaiton.csv,time_2-2,Empty,56,0,56,0,100
1992_eatdis_deprivation,sub-8a9b_assay-microstructure_cond-deprivaiton.csv,trace,Numeric,56,56,0,100,0
1992_eatdis_deprivation,sub-8a9b_assay-microstructure_cond-deprivaiton.csv,trace-2,Empty,56,0,56,0,100
1992_eatdis_deprivation,sub-8ac8_assay-microstructure_cond-control.csv,activity,Numeric,180,180,0,100,0
1992_eatdis_deprivation,sub-8ac8_assay-microstructure_cond-control.csv,activity-2,Empty,180,0,180,0,100
1992_eatdis_deprivation,sub-8ac8_assay-microstructure_cond-control.csv,cond,Categorical,180,180,0,100,0
1992_eatdis_deprivation,sub-8ac8_assay-microstructure_cond-control.csv,food,Categorical,180,180,0,100,0
1992_eatdis_deprivation,sub-8ac8_assay-microstructure_cond-control.csv,food-2,Empty,180,0,180,0,100
1992_eatdis_deprivation,sub-8ac8_assay-microstructure_cond-control.csv,group,Numeric,180,180,0,100,0
1992_eatdis_deprivation,sub-8ac8_assay-microstructure_cond-control.csv,group-2,Empty,180,0,180,0,100
1992_eatdis_deprivation,sub-8ac8_assay-microstructure_cond-control.csv,id,Categorical,180,180,0,100,0
1992_eatdis_deprivation,sub-8ac8_assay-microstructure_cond-control.csv,start,Numeric,180,180,0,100,0
1992_eatdis_deprivation,sub-8ac8_assay-microstructure_cond-control.csv,start-2,Empty,180,0,180,0,100
1992_eatdis_deprivation,sub-8ac8_assay-microstructure_cond-control.csv,thirds,Categorical,180,180,0,100,0
1992_eatdis_deprivation,sub-8ac8_assay-microstructure_cond-control.csv,thirds-2,Empty,180,0,180,0,100
1992_eatdis_deprivation,sub-8ac8_assay-microstructure_cond-control.csv,time_1,Numeric,180,180,0,100,0
1992_eatdis_deprivation,sub-8ac8_assay-microstructure_cond-control.csv,time_2,Numeric,180,180,0,100,0
1992_eatdis_deprivation,sub-8ac8_assay-microstructure_cond-control.csv,time_2-1,Empty,180,0,180,0,100
1992_eatdis_deprivation,sub-8ac8_assay-microstructure_cond-control.csv,time_2-2,Empty,180,0,180,0,100
1992_eatdis_deprivation,sub-8ac8_assay-microstructure_cond-control.csv,trace,Numeric,180,180,0,100,0
1992_eatdis_deprivation,sub-8ac8_assay-microstructure_cond-control.csv,trace-2,Empty,180,0,180,0,100
1992_eatdis_deprivation,sub-8ac8_assay-microstructure_cond-deprivaiton.csv,activity,Numeric,184,184,0,100,0
1992_eatdis_deprivation,sub-8ac8_assay-microstructure_cond-deprivaiton.csv,activity-2,Empty,184,0,184,0,100
1992_eatdis_deprivation,sub-8ac8_assay-microstructure_cond-deprivaiton.csv,cond,Categorical,184,184,0,100,0
1992_eatdis_deprivation,sub-8ac8_assay-microstructure_cond-deprivaiton.csv,food,Categorical,184,184,0,100,0
1992_eatdis_deprivation,sub-8ac8_assay-microstructure_cond-deprivaiton.csv,food-2,Empty,184,0,184,0,100
1992_eatdis_deprivation,sub-8ac8_assay-microstructure_cond-deprivaiton.csv,group,Numeric,184,184,0,100,0
1992_eatdis_deprivation,sub-8ac8_assay-microstructure_cond-deprivaiton.csv,group-2,Empty,184,0,184,0,100
1992_eatdis_deprivation,sub-8ac8_assay-microstructure_cond-deprivaiton.csv,id,Categorical,184,184,0,100,0
1992_eatdis_deprivation,sub-8ac8_assay-microstructure_cond-deprivaiton.csv,start,Numeric,184,184,0,100,0
1992_eatdis_deprivation,sub-8ac8_assay-microstructure_cond-deprivaiton.csv,start-2,Empty,184,0,184,0,100
1992_eatdis_deprivation,sub-8ac8_assay-microstructure_cond-deprivaiton.csv,thirds,Categorical,184,184,0,100,0
1992_eatdis_deprivation,sub-8ac8_assay-microstructure_cond-deprivaiton.csv,thirds-2,Empty,184,0,184,0,100
1992_eatdis_deprivation,sub-8ac8_assay-microstructure_cond-deprivaiton.csv,time_1,Numeric,184,184,0,100,0
1992_eatdis_deprivation,sub-8ac8_assay-microstructure_cond-deprivaiton.csv,time_2,Numeric,184,184,0,100,0
1992_eatdis_deprivation,sub-8ac8_assay-microstructure_cond-deprivaiton.csv,time_2-1,Empty,184,0,184,0,100
1992_eatdis_deprivation,sub-8ac8_assay-microstructure_cond-deprivaiton.csv,time_2-2,Empty,184,0,184,0,100
1992_eatdis_deprivation,sub-8ac8_assay-microstructure_cond-deprivaiton.csv,trace,Numeric,184,184,0,100,0
1992_eatdis_deprivation,sub-8ac8_assay-microstructure_cond-deprivaiton.csv,trace-2,Empty,184,0,184,0,100
1992_eatdis_deprivation,sub-8b33_assay-microstructure_cond-control.csv,activity,Numeric,110,110,0,100,0
1992_eatdis_deprivation,sub-8b33_assay-microstructure_cond-control.csv,activity-2,Empty,110,0,110,0,100
1992_eatdis_deprivation,sub-8b33_assay-microstructure_cond-control.csv,cond,Categorical,110,110,0,100,0
1992_eatdis_deprivation,sub-8b33_assay-microstructure_cond-control.csv,food,Categorical,110,110,0,100,0
1992_eatdis_deprivation,sub-8b33_assay-microstructure_cond-control.csv,food-2,Empty,110,0,110,0,100
1992_eatdis_deprivation,sub-8b33_assay-microstructure_cond-control.csv,group,Numeric,110,110,0,100,0
1992_eatdis_deprivation,sub-8b33_assay-microstructure_cond-control.csv,group-2,Empty,110,0,110,0,100
1992_eatdis_deprivation,sub-8b33_assay-microstructure_cond-control.csv,id,Categorical,110,110,0,100,0
1992_eatdis_deprivation,sub-8b33_assay-microstructure_cond-control.csv,start,Numeric,110,110,0,100,0
1992_eatdis_deprivation,sub-8b33_assay-microstructure_cond-control.csv,start-2,Empty,110,0,110,0,100
1992_eatdis_deprivation,sub-8b33_assay-microstructure_cond-control.csv,thirds,Categorical,110,110,0,100,0
1992_eatdis_deprivation,sub-8b33_assay-microstructure_cond-control.csv,thirds-2,Empty,110,0,110,0,100
1992_eatdis_deprivation,sub-8b33_assay-microstructure_cond-control.csv,time_1,Numeric,110,110,0,100,0
1992_eatdis_deprivation,sub-8b33_assay-microstructure_cond-control.csv,time_2,Numeric,110,110,0,100,0
1992_eatdis_deprivation,sub-8b33_assay-microstructure_cond-control.csv,time_2-1,Empty,110,0,110,0,100
1992_eatdis_deprivation,sub-8b33_assay-microstructure_cond-control.csv,time_2-2,Empty,110,0,110,0,100
1992_eatdis_deprivation,sub-8b33_assay-microstructure_cond-control.csv,trace,Numeric,110,110,0,100,0
1992_eatdis_deprivation,sub-8b33_assay-microstructure_cond-control.csv,trace-2,Empty,110,0,110,0,100
1992_eatdis_deprivation,sub-8b33_assay-microstructure_cond-deprivaiton.csv,activity,Numeric,97,97,0,100,0
1992_eatdis_deprivation,sub-8b33_assay-microstructure_cond-deprivaiton.csv,activity-2,Empty,97,0,97,0,100
1992_eatdis_deprivation,sub-8b33_assay-microstructure_cond-deprivaiton.csv,cond,Categorical,97,97,0,100,0
1992_eatdis_deprivation,sub-8b33_assay-microstructure_cond-deprivaiton.csv,food,Categorical,97,97,0,100,0
1992_eatdis_deprivation,sub-8b33_assay-microstructure_cond-deprivaiton.csv,food-2,Empty,97,0,97,0,100
1992_eatdis_deprivation,sub-8b33_assay-microstructure_cond-deprivaiton.csv,group,Numeric,97,97,0,100,0
1992_eatdis_deprivation,sub-8b33_assay-microstructure_cond-deprivaiton.csv,group-2,Empty,97,0,97,0,100
1992_eatdis_deprivation,sub-8b33_assay-microstructure_cond-deprivaiton.csv,id,Categorical,97,97,0,100,0
1992_eatdis_deprivation,sub-8b33_assay-microstructure_cond-deprivaiton.csv,start,Numeric,97,97,0,100,0
1992_eatdis_deprivation,sub-8b33_assay-microstructure_cond-deprivaiton.csv,start-2,Empty,97,0,97,0,100
1992_eatdis_deprivation,sub-8b33_assay-microstructure_cond-deprivaiton.csv,thirds,Categorical,97,97,0,100,0
1992_eatdis_deprivation,sub-8b33_assay-microstructure_cond-deprivaiton.csv,thirds-2,Empty,97,0,97,0,100
1992_eatdis_deprivation,sub-8b33_assay-microstructure_cond-deprivaiton.csv,time_1,Numeric,97,97,0,100,0
1992_eatdis_deprivation,sub-8b33_assay-microstructure_cond-deprivaiton.csv,time_2,Numeric,97,97,0,100,0
1992_eatdis_deprivation,sub-8b33_assay-microstructure_cond-deprivaiton.csv,time_2-1,Empty,97,0,97,0,100
1992_eatdis_deprivation,sub-8b33_assay-microstructure_cond-deprivaiton.csv,time_2-2,Empty,97,0,97,0,100
1992_eatdis_deprivation,sub-8b33_assay-microstructure_cond-deprivaiton.csv,trace,Numeric,97,97,0,100,0
1992_eatdis_deprivation,sub-8b33_assay-microstructure_cond-deprivaiton.csv,trace-2,Empty,97,0,97,0,100
1992_eatdis_deprivation,sub-8dbe_assay-microstructure_cond-control.csv,activity,Numeric,88,88,0,100,0
1992_eatdis_deprivation,sub-8dbe_assay-microstructure_cond-control.csv,activity-2,Empty,88,0,88,0,100
1992_eatdis_deprivation,sub-8dbe_assay-microstructure_cond-control.csv,cond,Categorical,88,88,0,100,0
1992_eatdis_deprivation,sub-8dbe_assay-microstructure_cond-control.csv,food,Categorical,88,88,0,100,0
1992_eatdis_deprivation,sub-8dbe_assay-microstructure_cond-control.csv,food-2,Empty,88,0,88,0,100
1992_eatdis_deprivation,sub-8dbe_assay-microstructure_cond-control.csv,group,Numeric,88,88,0,100,0
1992_eatdis_deprivation,sub-8dbe_assay-microstructure_cond-control.csv,group-2,Empty,88,0,88,0,100
1992_eatdis_deprivation,sub-8dbe_assay-microstructure_cond-control.csv,id,Categorical,88,88,0,100,0
1992_eatdis_deprivation,sub-8dbe_assay-microstructure_cond-control.csv,start,Numeric,88,88,0,100,0
1992_eatdis_deprivation,sub-8dbe_assay-microstructure_cond-control.csv,start-2,Empty,88,0,88,0,100
1992_eatdis_deprivation,sub-8dbe_assay-microstructure_cond-control.csv,time_1,Numeric,88,88,0,100,0
1992_eatdis_deprivation,sub-8dbe_assay-microstructure_cond-control.csv,time_2,Numeric,88,88,0,100,0
1992_eatdis_deprivation,sub-8dbe_assay-microstructure_cond-control.csv,time_2-1,Empty,88,0,88,0,100
1992_eatdis_deprivation,sub-8dbe_assay-microstructure_cond-control.csv,time_2-2,Empty,88,0,88,0,100
1992_eatdis_deprivation,sub-8dbe_assay-microstructure_cond-control.csv,trace,Numeric,88,88,0,100,0
1992_eatdis_deprivation,sub-8dbe_assay-microstructure_cond-control.csv,trace-2,Empty,88,0,88,0,100
1992_eatdis_deprivation,sub-8dbe_assay-microstructure_cond-deprivaiton.csv,activity,Numeric,140,140,0,100,0
1992_eatdis_deprivation,sub-8dbe_assay-microstructure_cond-deprivaiton.csv,activity-2,Empty,140,0,140,0,100
1992_eatdis_deprivation,sub-8dbe_assay-microstructure_cond-deprivaiton.csv,cond,Categorical,140,140,0,100,0
1992_eatdis_deprivation,sub-8dbe_assay-microstructure_cond-deprivaiton.csv,food,Categorical,140,140,0,100,0
1992_eatdis_deprivation,sub-8dbe_assay-microstructure_cond-deprivaiton.csv,food-2,Empty,140,0,140,0,100
1992_eatdis_deprivation,sub-8dbe_assay-microstructure_cond-deprivaiton.csv,group,Numeric,140,140,0,100,0
1992_eatdis_deprivation,sub-8dbe_assay-microstructure_cond-deprivaiton.csv,group-2,Empty,140,0,140,0,100
1992_eatdis_deprivation,sub-8dbe_assay-microstructure_cond-deprivaiton.csv,id,Categorical,140,140,0,100,0
1992_eatdis_deprivation,sub-8dbe_assay-microstructure_cond-deprivaiton.csv,start,Numeric,140,140,0,100,0
1992_eatdis_deprivation,sub-8dbe_assay-microstructure_cond-deprivaiton.csv,start-2,Empty,140,0,140,0,100
1992_eatdis_deprivation,sub-8dbe_assay-microstructure_cond-deprivaiton.csv,time_1,Numeric,140,140,0,100,0
1992_eatdis_deprivation,sub-8dbe_assay-microstructure_cond-deprivaiton.csv,time_2,Numeric,140,140,0,100,0
1992_eatdis_deprivation,sub-8dbe_assay-microstructure_cond-deprivaiton.csv,time_2-1,Empty,140,0,140,0,100
1992_eatdis_deprivation,sub-8dbe_assay-microstructure_cond-deprivaiton.csv,time_2-2,Empty,140,0,140,0,100
1992_eatdis_deprivation,sub-8dbe_assay-microstructure_cond-deprivaiton.csv,trace,Numeric,140,140,0,100,0
1992_eatdis_deprivation,sub-8dbe_assay-microstructure_cond-deprivaiton.csv,trace-2,Empty,140,0,140,0,100
1992_eatdis_deprivation,sub-8e0c_assay-microstructure_cond-control.csv,activity,Numeric,131,131,0,100,0
1992_eatdis_deprivation,sub-8e0c_assay-microstructure_cond-control.csv,activity-2,Numeric,131,1,130,0.76,99.24
1992_eatdis_deprivation,sub-8e0c_assay-microstructure_cond-control.csv,cond,Categorical,131,131,0,100,0
1992_eatdis_deprivation,sub-8e0c_assay-microstructure_cond-control.csv,food,Categorical,131,131,0,100,0
1992_eatdis_deprivation,sub-8e0c_assay-microstructure_cond-control.csv,food-2,Empty,131,0,131,0,100
1992_eatdis_deprivation,sub-8e0c_assay-microstructure_cond-control.csv,group,Numeric,131,131,0,100,0
1992_eatdis_deprivation,sub-8e0c_assay-microstructure_cond-control.csv,group-2,Numeric,131,1,130,0.76,99.24
1992_eatdis_deprivation,sub-8e0c_assay-microstructure_cond-control.csv,id,Categorical,131,131,0,100,0
1992_eatdis_deprivation,sub-8e0c_assay-microstructure_cond-control.csv,start,Numeric,131,131,0,100,0
1992_eatdis_deprivation,sub-8e0c_assay-microstructure_cond-control.csv,start-2,Numeric,131,1,130,0.76,99.24
1992_eatdis_deprivation,sub-8e0c_assay-microstructure_cond-control.csv,thirds,Categorical,131,131,0,100,0
1992_eatdis_deprivation,sub-8e0c_assay-microstructure_cond-control.csv,thirds-2,Empty,131,0,131,0,100
1992_eatdis_deprivation,sub-8e0c_assay-microstructure_cond-control.csv,time_1,Numeric,131,131,0,100,0
1992_eatdis_deprivation,sub-8e0c_assay-microstructure_cond-control.csv,time_2,Numeric,131,131,0,100,0
1992_eatdis_deprivation,sub-8e0c_assay-microstructure_cond-control.csv,time_2-1,Numeric,131,1,130,0.76,99.24
1992_eatdis_deprivation,sub-8e0c_assay-microstructure_cond-control.csv,time_2-2,Empty,131,0,131,0,100
1992_eatdis_deprivation,sub-8e0c_assay-microstructure_cond-control.csv,trace,Numeric,131,131,0,100,0
1992_eatdis_deprivation,sub-8e0c_assay-microstructure_cond-control.csv,trace-2,Numeric,131,1,130,0.76,99.24
1992_eatdis_deprivation,sub-8e0c_assay-microstructure_cond-deprivaiton.csv,activity,Numeric,187,187,0,100,0
1992_eatdis_deprivation,sub-8e0c_assay-microstructure_cond-deprivaiton.csv,activity-2,Empty,187,0,187,0,100
1992_eatdis_deprivation,sub-8e0c_assay-microstructure_cond-deprivaiton.csv,cond,Categorical,187,187,0,100,0
1992_eatdis_deprivation,sub-8e0c_assay-microstructure_cond-deprivaiton.csv,food,Categorical,187,187,0,100,0
1992_eatdis_deprivation,sub-8e0c_assay-microstructure_cond-deprivaiton.csv,food-2,Empty,187,0,187,0,100
1992_eatdis_deprivation,sub-8e0c_assay-microstructure_cond-deprivaiton.csv,group,Numeric,187,187,0,100,0
1992_eatdis_deprivation,sub-8e0c_assay-microstructure_cond-deprivaiton.csv,group-2,Empty,187,0,187,0,100
1992_eatdis_deprivation,sub-8e0c_assay-microstructure_cond-deprivaiton.csv,id,Categorical,187,187,0,100,0
1992_eatdis_deprivation,sub-8e0c_assay-microstructure_cond-deprivaiton.csv,start,Numeric,187,187,0,100,0
1992_eatdis_deprivation,sub-8e0c_assay-microstructure_cond-deprivaiton.csv,start-2,Empty,187,0,187,0,100
1992_eatdis_deprivation,sub-8e0c_assay-microstructure_cond-deprivaiton.csv,thirds,Categorical,187,187,0,100,0
1992_eatdis_deprivation,sub-8e0c_assay-microstructure_cond-deprivaiton.csv,thirds-2,Empty,187,0,187,0,100
1992_eatdis_deprivation,sub-8e0c_assay-microstructure_cond-deprivaiton.csv,time_1,Numeric,187,187,0,100,0
1992_eatdis_deprivation,sub-8e0c_assay-microstructure_cond-deprivaiton.csv,time_2,Numeric,187,187,0,100,0
1992_eatdis_deprivation,sub-8e0c_assay-microstructure_cond-deprivaiton.csv,time_2-1,Empty,187,0,187,0,100
1992_eatdis_deprivation,sub-8e0c_assay-microstructure_cond-deprivaiton.csv,time_2-2,Empty,187,0,187,0,100
1992_eatdis_deprivation,sub-8e0c_assay-microstructure_cond-deprivaiton.csv,trace,Numeric,187,187,0,100,0
1992_eatdis_deprivation,sub-8e0c_assay-microstructure_cond-deprivaiton.csv,trace-2,Empty,187,0,187,0,100
1992_eatdis_deprivation,sub-93a2_assay-microstructure_cond-control.csv,activity,Numeric,170,170,0,100,0
1992_eatdis_deprivation,sub-93a2_assay-microstructure_cond-control.csv,activity-2,Empty,170,0,170,0,100
1992_eatdis_deprivation,sub-93a2_assay-microstructure_cond-control.csv,cond,Categorical,170,170,0,100,0
1992_eatdis_deprivation,sub-93a2_assay-microstructure_cond-control.csv,food,Categorical,170,170,0,100,0
1992_eatdis_deprivation,sub-93a2_assay-microstructure_cond-control.csv,food-2,Empty,170,0,170,0,100
1992_eatdis_deprivation,sub-93a2_assay-microstructure_cond-control.csv,group,Numeric,170,170,0,100,0
1992_eatdis_deprivation,sub-93a2_assay-microstructure_cond-control.csv,group-2,Empty,170,0,170,0,100
1992_eatdis_deprivation,sub-93a2_assay-microstructure_cond-control.csv,id,Categorical,170,170,0,100,0
1992_eatdis_deprivation,sub-93a2_assay-microstructure_cond-control.csv,start,Numeric,170,170,0,100,0
1992_eatdis_deprivation,sub-93a2_assay-microstructure_cond-control.csv,start-2,Empty,170,0,170,0,100
1992_eatdis_deprivation,sub-93a2_assay-microstructure_cond-control.csv,thirds,Categorical,170,170,0,100,0
1992_eatdis_deprivation,sub-93a2_assay-microstructure_cond-control.csv,thirds-2,Empty,170,0,170,0,100
1992_eatdis_deprivation,sub-93a2_assay-microstructure_cond-control.csv,time_1,Numeric,170,170,0,100,0
1992_eatdis_deprivation,sub-93a2_assay-microstructure_cond-control.csv,time_2,Numeric,170,170,0,100,0
1992_eatdis_deprivation,sub-93a2_assay-microstructure_cond-control.csv,time_2-1,Empty,170,0,170,0,100
1992_eatdis_deprivation,sub-93a2_assay-microstructure_cond-control.csv,time_2-2,Empty,170,0,170,0,100
1992_eatdis_deprivation,sub-93a2_assay-microstructure_cond-control.csv,trace,Numeric,170,170,0,100,0
1992_eatdis_deprivation,sub-93a2_assay-microstructure_cond-control.csv,trace-2,Empty,170,0,170,0,100
1992_eatdis_deprivation,sub-93a2_assay-microstructure_cond-deprivaiton.csv,activity,Numeric,261,261,0,100,0
1992_eatdis_deprivation,sub-93a2_assay-microstructure_cond-deprivaiton.csv,activity-2,Empty,261,0,261,0,100
1992_eatdis_deprivation,sub-93a2_assay-microstructure_cond-deprivaiton.csv,cond,Categorical,261,261,0,100,0
1992_eatdis_deprivation,sub-93a2_assay-microstructure_cond-deprivaiton.csv,food,Categorical,261,261,0,100,0
1992_eatdis_deprivation,sub-93a2_assay-microstructure_cond-deprivaiton.csv,food-2,Empty,261,0,261,0,100
1992_eatdis_deprivation,sub-93a2_assay-microstructure_cond-deprivaiton.csv,group,Numeric,261,261,0,100,0
1992_eatdis_deprivation,sub-93a2_assay-microstructure_cond-deprivaiton.csv,group-2,Empty,261,0,261,0,100
1992_eatdis_deprivation,sub-93a2_assay-microstructure_cond-deprivaiton.csv,id,Categorical,261,261,0,100,0
1992_eatdis_deprivation,sub-93a2_assay-microstructure_cond-deprivaiton.csv,start,Numeric,261,261,0,100,0
1992_eatdis_deprivation,sub-93a2_assay-microstructure_cond-deprivaiton.csv,start-2,Empty,261,0,261,0,100
1992_eatdis_deprivation,sub-93a2_assay-microstructure_cond-deprivaiton.csv,thirds,Categorical,261,261,0,100,0
1992_eatdis_deprivation,sub-93a2_assay-microstructure_cond-deprivaiton.csv,thirds-2,Empty,261,0,261,0,100
1992_eatdis_deprivation,sub-93a2_assay-microstructure_cond-deprivaiton.csv,time_1,Numeric,261,261,0,100,0
1992_eatdis_deprivation,sub-93a2_assay-microstructure_cond-deprivaiton.csv,time_2,Numeric,261,261,0,100,0
1992_eatdis_deprivation,sub-93a2_assay-microstructure_cond-deprivaiton.csv,time_2-1,Empty,261,0,261,0,100
1992_eatdis_deprivation,sub-93a2_assay-microstructure_cond-deprivaiton.csv,time_2-2,Empty,261,0,261,0,100
1992_eatdis_deprivation,sub-93a2_assay-microstructure_cond-deprivaiton.csv,trace,Numeric,261,261,0,100,0
1992_eatdis_deprivation,sub-93a2_assay-microstructure_cond-deprivaiton.csv,trace-2,Empty,261,0,261,0,100
1992_eatdis_deprivation,sub-94a3_assay-microstructure_cond-control.csv,activity,Numeric,36,36,0,100,0
1992_eatdis_deprivation,sub-94a3_assay-microstructure_cond-control.csv,activity-2,Empty,36,0,36,0,100
1992_eatdis_deprivation,sub-94a3_assay-microstructure_cond-control.csv,cond,Categorical,36,36,0,100,0
1992_eatdis_deprivation,sub-94a3_assay-microstructure_cond-control.csv,food,Categorical,36,36,0,100,0
1992_eatdis_deprivation,sub-94a3_assay-microstructure_cond-control.csv,food-2,Empty,36,0,36,0,100
1992_eatdis_deprivation,sub-94a3_assay-microstructure_cond-control.csv,id,Categorical,36,36,0,100,0
1992_eatdis_deprivation,sub-94a3_assay-microstructure_cond-control.csv,start,Numeric,36,36,0,100,0
1992_eatdis_deprivation,sub-94a3_assay-microstructure_cond-control.csv,start-2,Empty,36,0,36,0,100
1992_eatdis_deprivation,sub-94a3_assay-microstructure_cond-control.csv,time_1,Numeric,36,36,0,100,0
1992_eatdis_deprivation,sub-94a3_assay-microstructure_cond-control.csv,time_2,Numeric,36,36,0,100,0
1992_eatdis_deprivation,sub-94a3_assay-microstructure_cond-control.csv,time_2-1,Empty,36,0,36,0,100
1992_eatdis_deprivation,sub-94a3_assay-microstructure_cond-control.csv,time_2-2,Empty,36,0,36,0,100
1992_eatdis_deprivation,sub-94a3_assay-microstructure_cond-control.csv,trace,Numeric,36,36,0,100,0
1992_eatdis_deprivation,sub-94a3_assay-microstructure_cond-control.csv,trace-2,Empty,36,0,36,0,100
1992_eatdis_deprivation,sub-94a3_assay-microstructure_cond-deprivaiton.csv,activity,Numeric,58,58,0,100,0
1992_eatdis_deprivation,sub-94a3_assay-microstructure_cond-deprivaiton.csv,activity-2,Empty,58,0,58,0,100
1992_eatdis_deprivation,sub-94a3_assay-microstructure_cond-deprivaiton.csv,cond,Categorical,58,58,0,100,0
1992_eatdis_deprivation,sub-94a3_assay-microstructure_cond-deprivaiton.csv,food,Categorical,58,58,0,100,0
1992_eatdis_deprivation,sub-94a3_assay-microstructure_cond-deprivaiton.csv,food-2,Empty,58,0,58,0,100
1992_eatdis_deprivation,sub-94a3_assay-microstructure_cond-deprivaiton.csv,id,Categorical,58,58,0,100,0
1992_eatdis_deprivation,sub-94a3_assay-microstructure_cond-deprivaiton.csv,start,Numeric,58,58,0,100,0
1992_eatdis_deprivation,sub-94a3_assay-microstructure_cond-deprivaiton.csv,start-2,Empty,58,0,58,0,100
1992_eatdis_deprivation,sub-94a3_assay-microstructure_cond-deprivaiton.csv,time_1,Numeric,58,58,0,100,0
1992_eatdis_deprivation,sub-94a3_assay-microstructure_cond-deprivaiton.csv,time_2,Numeric,58,58,0,100,0
1992_eatdis_deprivation,sub-94a3_assay-microstructure_cond-deprivaiton.csv,time_2-1,Empty,58,0,58,0,100
1992_eatdis_deprivation,sub-94a3_assay-microstructure_cond-deprivaiton.csv,time_2-2,Empty,58,0,58,0,100
1992_eatdis_deprivation,sub-94a3_assay-microstructure_cond-deprivaiton.csv,trace,Numeric,58,58,0,100,0
1992_eatdis_deprivation,sub-94a3_assay-microstructure_cond-deprivaiton.csv,trace-2,Empty,58,0,58,0,100
1992_eatdis_deprivation,sub-9bcd_assay-microstructure_cond-control.csv,activity,Numeric,103,103,0,100,0
1992_eatdis_deprivation,sub-9bcd_assay-microstructure_cond-control.csv,activity-2,Empty,103,0,103,0,100
1992_eatdis_deprivation,sub-9bcd_assay-microstructure_cond-control.csv,cond,Categorical,103,103,0,100,0
1992_eatdis_deprivation,sub-9bcd_assay-microstructure_cond-control.csv,food,Categorical,103,103,0,100,0
1992_eatdis_deprivation,sub-9bcd_assay-microstructure_cond-control.csv,food-2,Empty,103,0,103,0,100
1992_eatdis_deprivation,sub-9bcd_assay-microstructure_cond-control.csv,group,Numeric,103,103,0,100,0
1992_eatdis_deprivation,sub-9bcd_assay-microstructure_cond-control.csv,group-2,Empty,103,0,103,0,100
1992_eatdis_deprivation,sub-9bcd_assay-microstructure_cond-control.csv,id,Categorical,103,103,0,100,0
1992_eatdis_deprivation,sub-9bcd_assay-microstructure_cond-control.csv,start,Numeric,103,103,0,100,0
1992_eatdis_deprivation,sub-9bcd_assay-microstructure_cond-control.csv,start-2,Empty,103,0,103,0,100
1992_eatdis_deprivation,sub-9bcd_assay-microstructure_cond-control.csv,thirds,Categorical,103,103,0,100,0
1992_eatdis_deprivation,sub-9bcd_assay-microstructure_cond-control.csv,thirds-2,Empty,103,0,103,0,100
1992_eatdis_deprivation,sub-9bcd_assay-microstructure_cond-control.csv,time_1,Numeric,103,103,0,100,0
1992_eatdis_deprivation,sub-9bcd_assay-microstructure_cond-control.csv,time_2,Numeric,103,103,0,100,0
1992_eatdis_deprivation,sub-9bcd_assay-microstructure_cond-control.csv,time_2-1,Empty,103,0,103,0,100
1992_eatdis_deprivation,sub-9bcd_assay-microstructure_cond-control.csv,time_2-2,Empty,103,0,103,0,100
1992_eatdis_deprivation,sub-9bcd_assay-microstructure_cond-control.csv,trace,Numeric,103,103,0,100,0
1992_eatdis_deprivation,sub-9bcd_assay-microstructure_cond-control.csv,trace-2,Empty,103,0,103,0,100
1992_eatdis_deprivation,sub-9bcd_assay-microstructure_cond-deprivaiton.csv,activity,Numeric,103,103,0,100,0
1992_eatdis_deprivation,sub-9bcd_assay-microstructure_cond-deprivaiton.csv,activity-2,Empty,103,0,103,0,100
1992_eatdis_deprivation,sub-9bcd_assay-microstructure_cond-deprivaiton.csv,cond,Categorical,103,103,0,100,0
1992_eatdis_deprivation,sub-9bcd_assay-microstructure_cond-deprivaiton.csv,food,Categorical,103,103,0,100,0
1992_eatdis_deprivation,sub-9bcd_assay-microstructure_cond-deprivaiton.csv,food-2,Empty,103,0,103,0,100
1992_eatdis_deprivation,sub-9bcd_assay-microstructure_cond-deprivaiton.csv,group,Numeric,103,103,0,100,0
1992_eatdis_deprivation,sub-9bcd_assay-microstructure_cond-deprivaiton.csv,group-2,Empty,103,0,103,0,100
1992_eatdis_deprivation,sub-9bcd_assay-microstructure_cond-deprivaiton.csv,id,Categorical,103,103,0,100,0
1992_eatdis_deprivation,sub-9bcd_assay-microstructure_cond-deprivaiton.csv,start,Numeric,103,103,0,100,0
1992_eatdis_deprivation,sub-9bcd_assay-microstructure_cond-deprivaiton.csv,start-2,Empty,103,0,103,0,100
1992_eatdis_deprivation,sub-9bcd_assay-microstructure_cond-deprivaiton.csv,thirds,Categorical,103,103,0,100,0
1992_eatdis_deprivation,sub-9bcd_assay-microstructure_cond-deprivaiton.csv,thirds-2,Empty,103,0,103,0,100
1992_eatdis_deprivation,sub-9bcd_assay-microstructure_cond-deprivaiton.csv,time_1,Numeric,103,103,0,100,0
1992_eatdis_deprivation,sub-9bcd_assay-microstructure_cond-deprivaiton.csv,time_2,Numeric,103,103,0,100,0
1992_eatdis_deprivation,sub-9bcd_assay-microstructure_cond-deprivaiton.csv,time_2-1,Empty,103,0,103,0,100
1992_eatdis_deprivation,sub-9bcd_assay-microstructure_cond-deprivaiton.csv,time_2-2,Empty,103,0,103,0,100
1992_eatdis_deprivation,sub-9bcd_assay-microstructure_cond-deprivaiton.csv,trace,Numeric,103,103,0,100,0
1992_eatdis_deprivation,sub-9bcd_assay-microstructure_cond-deprivaiton.csv,trace-2,Empty,103,0,103,0,100
1992_eatdis_deprivation,sub-9d89_assay-microstructure_cond-control.csv,activity,Numeric,114,114,0,100,0
1992_eatdis_deprivation,sub-9d89_assay-microstructure_cond-control.csv,activity-2,Empty,114,0,114,0,100
1992_eatdis_deprivation,sub-9d89_assay-microstructure_cond-control.csv,cond,Categorical,114,114,0,100,0
1992_eatdis_deprivation,sub-9d89_assay-microstructure_cond-control.csv,food,Categorical,114,114,0,100,0
1992_eatdis_deprivation,sub-9d89_assay-microstructure_cond-control.csv,food-2,Empty,114,0,114,0,100
1992_eatdis_deprivation,sub-9d89_assay-microstructure_cond-control.csv,group,Numeric,114,114,0,100,0
1992_eatdis_deprivation,sub-9d89_assay-microstructure_cond-control.csv,group-2,Empty,114,0,114,0,100
1992_eatdis_deprivation,sub-9d89_assay-microstructure_cond-control.csv,id,Categorical,114,114,0,100,0
1992_eatdis_deprivation,sub-9d89_assay-microstructure_cond-control.csv,start,Numeric,114,114,0,100,0
1992_eatdis_deprivation,sub-9d89_assay-microstructure_cond-control.csv,start-2,Empty,114,0,114,0,100
1992_eatdis_deprivation,sub-9d89_assay-microstructure_cond-control.csv,thirds,Categorical,114,114,0,100,0
1992_eatdis_deprivation,sub-9d89_assay-microstructure_cond-control.csv,thirds-2,Empty,114,0,114,0,100
1992_eatdis_deprivation,sub-9d89_assay-microstructure_cond-control.csv,time_1,Numeric,114,114,0,100,0
1992_eatdis_deprivation,sub-9d89_assay-microstructure_cond-control.csv,time_2,Numeric,114,114,0,100,0
1992_eatdis_deprivation,sub-9d89_assay-microstructure_cond-control.csv,time_2-1,Empty,114,0,114,0,100
1992_eatdis_deprivation,sub-9d89_assay-microstructure_cond-control.csv,time_2-2,Empty,114,0,114,0,100
1992_eatdis_deprivation,sub-9d89_assay-microstructure_cond-control.csv,trace,Numeric,114,114,0,100,0
1992_eatdis_deprivation,sub-9d89_assay-microstructure_cond-control.csv,trace-2,Empty,114,0,114,0,100
1992_eatdis_deprivation,sub-9d89_assay-microstructure_cond-deprivaiton.csv,activity,Numeric,170,170,0,100,0
1992_eatdis_deprivation,sub-9d89_assay-microstructure_cond-deprivaiton.csv,activity-2,Empty,170,0,170,0,100
1992_eatdis_deprivation,sub-9d89_assay-microstructure_cond-deprivaiton.csv,cond,Categorical,170,170,0,100,0
1992_eatdis_deprivation,sub-9d89_assay-microstructure_cond-deprivaiton.csv,food,Categorical,170,170,0,100,0
1992_eatdis_deprivation,sub-9d89_assay-microstructure_cond-deprivaiton.csv,food-2,Empty,170,0,170,0,100
1992_eatdis_deprivation,sub-9d89_assay-microstructure_cond-deprivaiton.csv,group,Numeric,170,170,0,100,0
1992_eatdis_deprivation,sub-9d89_assay-microstructure_cond-deprivaiton.csv,group-2,Empty,170,0,170,0,100
1992_eatdis_deprivation,sub-9d89_assay-microstructure_cond-deprivaiton.csv,id,Categorical,170,170,0,100,0
1992_eatdis_deprivation,sub-9d89_assay-microstructure_cond-deprivaiton.csv,start,Numeric,170,170,0,100,0
1992_eatdis_deprivation,sub-9d89_assay-microstructure_cond-deprivaiton.csv,start-2,Empty,170,0,170,0,100
1992_eatdis_deprivation,sub-9d89_assay-microstructure_cond-deprivaiton.csv,thirds,Categorical,170,170,0,100,0
1992_eatdis_deprivation,sub-9d89_assay-microstructure_cond-deprivaiton.csv,thirds-2,Empty,170,0,170,0,100
1992_eatdis_deprivation,sub-9d89_assay-microstructure_cond-deprivaiton.csv,time_1,Numeric,170,170,0,100,0
1992_eatdis_deprivation,sub-9d89_assay-microstructure_cond-deprivaiton.csv,time_2,Numeric,170,170,0,100,0
1992_eatdis_deprivation,sub-9d89_assay-microstructure_cond-deprivaiton.csv,time_2-1,Empty,170,0,170,0,100
1992_eatdis_deprivation,sub-9d89_assay-microstructure_cond-deprivaiton.csv,time_2-2,Empty,170,0,170,0,100
1992_eatdis_deprivation,sub-9d89_assay-microstructure_cond-deprivaiton.csv,trace,Numeric,170,170,0,100,0
1992_eatdis_deprivation,sub-9d89_assay-microstructure_cond-deprivaiton.csv,trace-2,Empty,170,0,170,0,100
1992_eatdis_deprivation,sub-ab1d_assay-microstructure_cond-control.csv,activity,Numeric,59,59,0,100,0
1992_eatdis_deprivation,sub-ab1d_assay-microstructure_cond-control.csv,activity-2,Empty,59,0,59,0,100
1992_eatdis_deprivation,sub-ab1d_assay-microstructure_cond-control.csv,cond,Categorical,59,59,0,100,0
1992_eatdis_deprivation,sub-ab1d_assay-microstructure_cond-control.csv,food,Categorical,59,59,0,100,0
1992_eatdis_deprivation,sub-ab1d_assay-microstructure_cond-control.csv,food-2,Empty,59,0,59,0,100
1992_eatdis_deprivation,sub-ab1d_assay-microstructure_cond-control.csv,group,Numeric,59,59,0,100,0
1992_eatdis_deprivation,sub-ab1d_assay-microstructure_cond-control.csv,group-2,Empty,59,0,59,0,100
1992_eatdis_deprivation,sub-ab1d_assay-microstructure_cond-control.csv,id,Categorical,59,59,0,100,0
1992_eatdis_deprivation,sub-ab1d_assay-microstructure_cond-control.csv,start,Numeric,59,59,0,100,0
1992_eatdis_deprivation,sub-ab1d_assay-microstructure_cond-control.csv,start-2,Empty,59,0,59,0,100
1992_eatdis_deprivation,sub-ab1d_assay-microstructure_cond-control.csv,thirds,Categorical,59,59,0,100,0
1992_eatdis_deprivation,sub-ab1d_assay-microstructure_cond-control.csv,thirds-2,Empty,59,0,59,0,100
1992_eatdis_deprivation,sub-ab1d_assay-microstructure_cond-control.csv,time_1,Numeric,59,59,0,100,0
1992_eatdis_deprivation,sub-ab1d_assay-microstructure_cond-control.csv,time_2,Numeric,59,59,0,100,0
1992_eatdis_deprivation,sub-ab1d_assay-microstructure_cond-control.csv,time_2-1,Empty,59,0,59,0,100
1992_eatdis_deprivation,sub-ab1d_assay-microstructure_cond-control.csv,time_2-2,Empty,59,0,59,0,100
1992_eatdis_deprivation,sub-ab1d_assay-microstructure_cond-control.csv,trace,Numeric,59,59,0,100,0
1992_eatdis_deprivation,sub-ab1d_assay-microstructure_cond-control.csv,trace-2,Empty,59,0,59,0,100
1992_eatdis_deprivation,sub-ab1d_assay-microstructure_cond-deprivaiton.csv,activity,Numeric,77,77,0,100,0
1992_eatdis_deprivation,sub-ab1d_assay-microstructure_cond-deprivaiton.csv,activity-2,Empty,77,0,77,0,100
1992_eatdis_deprivation,sub-ab1d_assay-microstructure_cond-deprivaiton.csv,cond,Categorical,77,77,0,100,0
1992_eatdis_deprivation,sub-ab1d_assay-microstructure_cond-deprivaiton.csv,food,Categorical,77,77,0,100,0
1992_eatdis_deprivation,sub-ab1d_assay-microstructure_cond-deprivaiton.csv,food-2,Empty,77,0,77,0,100
1992_eatdis_deprivation,sub-ab1d_assay-microstructure_cond-deprivaiton.csv,group,Numeric,77,77,0,100,0
1992_eatdis_deprivation,sub-ab1d_assay-microstructure_cond-deprivaiton.csv,group-2,Empty,77,0,77,0,100
1992_eatdis_deprivation,sub-ab1d_assay-microstructure_cond-deprivaiton.csv,id,Categorical,77,77,0,100,0
1992_eatdis_deprivation,sub-ab1d_assay-microstructure_cond-deprivaiton.csv,start,Numeric,77,77,0,100,0
1992_eatdis_deprivation,sub-ab1d_assay-microstructure_cond-deprivaiton.csv,start-2,Empty,77,0,77,0,100
1992_eatdis_deprivation,sub-ab1d_assay-microstructure_cond-deprivaiton.csv,thirds,Categorical,77,77,0,100,0
1992_eatdis_deprivation,sub-ab1d_assay-microstructure_cond-deprivaiton.csv,thirds-2,Empty,77,0,77,0,100
1992_eatdis_deprivation,sub-ab1d_assay-microstructure_cond-deprivaiton.csv,time_1,Numeric,77,77,0,100,0
1992_eatdis_deprivation,sub-ab1d_assay-microstructure_cond-deprivaiton.csv,time_2,Numeric,77,77,0,100,0
1992_eatdis_deprivation,sub-ab1d_assay-microstructure_cond-deprivaiton.csv,time_2-1,Empty,77,0,77,0,100
1992_eatdis_deprivation,sub-ab1d_assay-microstructure_cond-deprivaiton.csv,time_2-2,Empty,77,0,77,0,100
1992_eatdis_deprivation,sub-ab1d_assay-microstructure_cond-deprivaiton.csv,trace,Numeric,77,77,0,100,0
1992_eatdis_deprivation,sub-ab1d_assay-microstructure_cond-deprivaiton.csv,trace-2,Empty,77,0,77,0,100
1992_eatdis_deprivation,sub-ac90_assay-microstructure_cond-control.csv,activity,Numeric,28,28,0,100,0
1992_eatdis_deprivation,sub-ac90_assay-microstructure_cond-control.csv,activity-2,Empty,28,0,28,0,100
1992_eatdis_deprivation,sub-ac90_assay-microstructure_cond-control.csv,cond,Categorical,28,28,0,100,0
1992_eatdis_deprivation,sub-ac90_assay-microstructure_cond-control.csv,food,Categorical,28,28,0,100,0
1992_eatdis_deprivation,sub-ac90_assay-microstructure_cond-control.csv,food-2,Empty,28,0,28,0,100
1992_eatdis_deprivation,sub-ac90_assay-microstructure_cond-control.csv,group,Numeric,28,28,0,100,0
1992_eatdis_deprivation,sub-ac90_assay-microstructure_cond-control.csv,group-2,Empty,28,0,28,0,100
1992_eatdis_deprivation,sub-ac90_assay-microstructure_cond-control.csv,id,Categorical,28,28,0,100,0
1992_eatdis_deprivation,sub-ac90_assay-microstructure_cond-control.csv,start,Numeric,28,28,0,100,0
1992_eatdis_deprivation,sub-ac90_assay-microstructure_cond-control.csv,start-2,Empty,28,0,28,0,100
1992_eatdis_deprivation,sub-ac90_assay-microstructure_cond-control.csv,thirds,Categorical,28,28,0,100,0
1992_eatdis_deprivation,sub-ac90_assay-microstructure_cond-control.csv,thirds-2,Empty,28,0,28,0,100
1992_eatdis_deprivation,sub-ac90_assay-microstructure_cond-control.csv,time_1,Numeric,28,28,0,100,0
1992_eatdis_deprivation,sub-ac90_assay-microstructure_cond-control.csv,time_2,Numeric,28,28,0,100,0
1992_eatdis_deprivation,sub-ac90_assay-microstructure_cond-control.csv,time_2-1,Empty,28,0,28,0,100
1992_eatdis_deprivation,sub-ac90_assay-microstructure_cond-control.csv,time_2-2,Empty,28,0,28,0,100
1992_eatdis_deprivation,sub-ac90_assay-microstructure_cond-control.csv,trace,Numeric,28,28,0,100,0
1992_eatdis_deprivation,sub-ac90_assay-microstructure_cond-control.csv,trace-2,Empty,28,0,28,0,100
1992_eatdis_deprivation,sub-ac90_assay-microstructure_cond-deprivaiton.csv,activity,Numeric,21,21,0,100,0
1992_eatdis_deprivation,sub-ac90_assay-microstructure_cond-deprivaiton.csv,activity-2,Empty,21,0,21,0,100
1992_eatdis_deprivation,sub-ac90_assay-microstructure_cond-deprivaiton.csv,cond,Categorical,21,21,0,100,0
1992_eatdis_deprivation,sub-ac90_assay-microstructure_cond-deprivaiton.csv,food,Categorical,21,21,0,100,0
1992_eatdis_deprivation,sub-ac90_assay-microstructure_cond-deprivaiton.csv,food-2,Empty,21,0,21,0,100
1992_eatdis_deprivation,sub-ac90_assay-microstructure_cond-deprivaiton.csv,group,Numeric,21,21,0,100,0
1992_eatdis_deprivation,sub-ac90_assay-microstructure_cond-deprivaiton.csv,group-2,Empty,21,0,21,0,100
1992_eatdis_deprivation,sub-ac90_assay-microstructure_cond-deprivaiton.csv,id,Categorical,21,21,0,100,0
1992_eatdis_deprivation,sub-ac90_assay-microstructure_cond-deprivaiton.csv,start,Numeric,21,21,0,100,0
1992_eatdis_deprivation,sub-ac90_assay-microstructure_cond-deprivaiton.csv,start-2,Empty,21,0,21,0,100
1992_eatdis_deprivation,sub-ac90_assay-microstructure_cond-deprivaiton.csv,thirds,Categorical,21,21,0,100,0
1992_eatdis_deprivation,sub-ac90_assay-microstructure_cond-deprivaiton.csv,thirds-2,Empty,21,0,21,0,100
1992_eatdis_deprivation,sub-ac90_assay-microstructure_cond-deprivaiton.csv,time_1,Numeric,21,21,0,100,0
1992_eatdis_deprivation,sub-ac90_assay-microstructure_cond-deprivaiton.csv,time_2,Numeric,21,21,0,100,0
1992_eatdis_deprivation,sub-ac90_assay-microstructure_cond-deprivaiton.csv,time_2-1,Empty,21,0,21,0,100
1992_eatdis_deprivation,sub-ac90_assay-microstructure_cond-deprivaiton.csv,time_2-2,Empty,21,0,21,0,100
1992_eatdis_deprivation,sub-ac90_assay-microstructure_cond-deprivaiton.csv,trace,Numeric,21,21,0,100,0
1992_eatdis_deprivation,sub-ac90_assay-microstructure_cond-deprivaiton.csv,trace-2,Empty,21,0,21,0,100
1992_eatdis_deprivation,sub-b22f_assay-microstructure_cond-control.csv,activity,Numeric,144,144,0,100,0
1992_eatdis_deprivation,sub-b22f_assay-microstructure_cond-control.csv,activity-2,Empty,144,0,144,0,100
1992_eatdis_deprivation,sub-b22f_assay-microstructure_cond-control.csv,cond,Categorical,144,144,0,100,0
1992_eatdis_deprivation,sub-b22f_assay-microstructure_cond-control.csv,food,Categorical,144,80,64,55.56,44.44
1992_eatdis_deprivation,sub-b22f_assay-microstructure_cond-control.csv,food-2,Empty,144,0,144,0,100
1992_eatdis_deprivation,sub-b22f_assay-microstructure_cond-control.csv,id,Categorical,144,144,0,100,0
1992_eatdis_deprivation,sub-b22f_assay-microstructure_cond-control.csv,start,Numeric,144,144,0,100,0
1992_eatdis_deprivation,sub-b22f_assay-microstructure_cond-control.csv,start-2,Empty,144,0,144,0,100
1992_eatdis_deprivation,sub-b22f_assay-microstructure_cond-control.csv,time_1,Numeric,144,144,0,100,0
1992_eatdis_deprivation,sub-b22f_assay-microstructure_cond-control.csv,time_2,Numeric,144,144,0,100,0
1992_eatdis_deprivation,sub-b22f_assay-microstructure_cond-control.csv,time_2-1,Empty,144,0,144,0,100
1992_eatdis_deprivation,sub-b22f_assay-microstructure_cond-control.csv,time_2-2,Empty,144,0,144,0,100
1992_eatdis_deprivation,sub-b22f_assay-microstructure_cond-control.csv,trace,Numeric,144,144,0,100,0
1992_eatdis_deprivation,sub-b22f_assay-microstructure_cond-control.csv,trace-2,Empty,144,0,144,0,100
1992_eatdis_deprivation,sub-b22f_assay-microstructure_cond-deprivaiton.csv,activity,Numeric,95,95,0,100,0
1992_eatdis_deprivation,sub-b22f_assay-microstructure_cond-deprivaiton.csv,activity-2,Empty,95,0,95,0,100
1992_eatdis_deprivation,sub-b22f_assay-microstructure_cond-deprivaiton.csv,cond,Categorical,95,95,0,100,0
1992_eatdis_deprivation,sub-b22f_assay-microstructure_cond-deprivaiton.csv,food,Categorical,95,42,53,44.21,55.79
1992_eatdis_deprivation,sub-b22f_assay-microstructure_cond-deprivaiton.csv,food-2,Empty,95,0,95,0,100
1992_eatdis_deprivation,sub-b22f_assay-microstructure_cond-deprivaiton.csv,id,Categorical,95,95,0,100,0
1992_eatdis_deprivation,sub-b22f_assay-microstructure_cond-deprivaiton.csv,start,Numeric,95,95,0,100,0
1992_eatdis_deprivation,sub-b22f_assay-microstructure_cond-deprivaiton.csv,start-2,Empty,95,0,95,0,100
1992_eatdis_deprivation,sub-b22f_assay-microstructure_cond-deprivaiton.csv,time_1,Numeric,95,95,0,100,0
1992_eatdis_deprivation,sub-b22f_assay-microstructure_cond-deprivaiton.csv,time_2,Numeric,95,95,0,100,0
1992_eatdis_deprivation,sub-b22f_assay-microstructure_cond-deprivaiton.csv,time_2-1,Empty,95,0,95,0,100
1992_eatdis_deprivation,sub-b22f_assay-microstructure_cond-deprivaiton.csv,time_2-2,Empty,95,0,95,0,100
1992_eatdis_deprivation,sub-b22f_assay-microstructure_cond-deprivaiton.csv,trace,Numeric,95,95,0,100,0
1992_eatdis_deprivation,sub-b22f_assay-microstructure_cond-deprivaiton.csv,trace-2,Empty,95,0,95,0,100
1992_eatdis_deprivation,sub-b615_assay-microstructure_cond-control.csv,activity,Numeric,103,103,0,100,0
1992_eatdis_deprivation,sub-b615_assay-microstructure_cond-control.csv,activity-2,Empty,103,0,103,0,100
1992_eatdis_deprivation,sub-b615_assay-microstructure_cond-control.csv,cond,Categorical,103,103,0,100,0
1992_eatdis_deprivation,sub-b615_assay-microstructure_cond-control.csv,food,Categorical,103,103,0,100,0
1992_eatdis_deprivation,sub-b615_assay-microstructure_cond-control.csv,food-2,Empty,103,0,103,0,100
1992_eatdis_deprivation,sub-b615_assay-microstructure_cond-control.csv,group,Numeric,103,103,0,100,0
1992_eatdis_deprivation,sub-b615_assay-microstructure_cond-control.csv,group-2,Empty,103,0,103,0,100
1992_eatdis_deprivation,sub-b615_assay-microstructure_cond-control.csv,id,Categorical,103,103,0,100,0
1992_eatdis_deprivation,sub-b615_assay-microstructure_cond-control.csv,start,Numeric,103,103,0,100,0
1992_eatdis_deprivation,sub-b615_assay-microstructure_cond-control.csv,start-2,Empty,103,0,103,0,100
1992_eatdis_deprivation,sub-b615_assay-microstructure_cond-control.csv,thirds,Categorical,103,103,0,100,0
1992_eatdis_deprivation,sub-b615_assay-microstructure_cond-control.csv,thirds-2,Empty,103,0,103,0,100
1992_eatdis_deprivation,sub-b615_assay-microstructure_cond-control.csv,time_1,Numeric,103,103,0,100,0
1992_eatdis_deprivation,sub-b615_assay-microstructure_cond-control.csv,time_2,Numeric,103,103,0,100,0
1992_eatdis_deprivation,sub-b615_assay-microstructure_cond-control.csv,time_2-1,Empty,103,0,103,0,100
1992_eatdis_deprivation,sub-b615_assay-microstructure_cond-control.csv,time_2-2,Empty,103,0,103,0,100
1992_eatdis_deprivation,sub-b615_assay-microstructure_cond-control.csv,trace,Numeric,103,103,0,100,0
1992_eatdis_deprivation,sub-b615_assay-microstructure_cond-control.csv,trace-2,Empty,103,0,103,0,100
1992_eatdis_deprivation,sub-b615_assay-microstructure_cond-deprivaiton.csv,activity,Numeric,103,103,0,100,0
1992_eatdis_deprivation,sub-b615_assay-microstructure_cond-deprivaiton.csv,activity-2,Empty,103,0,103,0,100
1992_eatdis_deprivation,sub-b615_assay-microstructure_cond-deprivaiton.csv,cond,Categorical,103,103,0,100,0
1992_eatdis_deprivation,sub-b615_assay-microstructure_cond-deprivaiton.csv,food,Categorical,103,103,0,100,0
1992_eatdis_deprivation,sub-b615_assay-microstructure_cond-deprivaiton.csv,food-2,Empty,103,0,103,0,100
1992_eatdis_deprivation,sub-b615_assay-microstructure_cond-deprivaiton.csv,group,Numeric,103,103,0,100,0
1992_eatdis_deprivation,sub-b615_assay-microstructure_cond-deprivaiton.csv,group-2,Empty,103,0,103,0,100
1992_eatdis_deprivation,sub-b615_assay-microstructure_cond-deprivaiton.csv,id,Categorical,103,103,0,100,0
1992_eatdis_deprivation,sub-b615_assay-microstructure_cond-deprivaiton.csv,start,Numeric,103,103,0,100,0
1992_eatdis_deprivation,sub-b615_assay-microstructure_cond-deprivaiton.csv,start-2,Empty,103,0,103,0,100
1992_eatdis_deprivation,sub-b615_assay-microstructure_cond-deprivaiton.csv,thirds,Categorical,103,103,0,100,0
1992_eatdis_deprivation,sub-b615_assay-microstructure_cond-deprivaiton.csv,thirds-2,Empty,103,0,103,0,100
1992_eatdis_deprivation,sub-b615_assay-microstructure_cond-deprivaiton.csv,time_1,Numeric,103,103,0,100,0
1992_eatdis_deprivation,sub-b615_assay-microstructure_cond-deprivaiton.csv,time_2,Numeric,103,103,0,100,0
1992_eatdis_deprivation,sub-b615_assay-microstructure_cond-deprivaiton.csv,time_2-1,Empty,103,0,103,0,100
1992_eatdis_deprivation,sub-b615_assay-microstructure_cond-deprivaiton.csv,time_2-2,Empty,103,0,103,0,100
1992_eatdis_deprivation,sub-b615_assay-microstructure_cond-deprivaiton.csv,trace,Numeric,103,103,0,100,0
1992_eatdis_deprivation,sub-b615_assay-microstructure_cond-deprivaiton.csv,trace-2,Empty,103,0,103,0,100
1992_eatdis_deprivation,sub-b6d5_assay-microstructure_cond-control.csv,activity,Numeric,170,170,0,100,0
1992_eatdis_deprivation,sub-b6d5_assay-microstructure_cond-control.csv,activity-2,Empty,170,0,170,0,100
1992_eatdis_deprivation,sub-b6d5_assay-microstructure_cond-control.csv,cond,Categorical,170,170,0,100,0
1992_eatdis_deprivation,sub-b6d5_assay-microstructure_cond-control.csv,food,Categorical,170,170,0,100,0
1992_eatdis_deprivation,sub-b6d5_assay-microstructure_cond-control.csv,food-2,Empty,170,0,170,0,100
1992_eatdis_deprivation,sub-b6d5_assay-microstructure_cond-control.csv,group,Numeric,170,170,0,100,0
1992_eatdis_deprivation,sub-b6d5_assay-microstructure_cond-control.csv,group-2,Empty,170,0,170,0,100
1992_eatdis_deprivation,sub-b6d5_assay-microstructure_cond-control.csv,id,Categorical,170,170,0,100,0
1992_eatdis_deprivation,sub-b6d5_assay-microstructure_cond-control.csv,start,Numeric,170,170,0,100,0
1992_eatdis_deprivation,sub-b6d5_assay-microstructure_cond-control.csv,start-2,Empty,170,0,170,0,100
1992_eatdis_deprivation,sub-b6d5_assay-microstructure_cond-control.csv,thirds,Categorical,170,170,0,100,0
1992_eatdis_deprivation,sub-b6d5_assay-microstructure_cond-control.csv,thirds-2,Empty,170,0,170,0,100
1992_eatdis_deprivation,sub-b6d5_assay-microstructure_cond-control.csv,time_1,Numeric,170,170,0,100,0
1992_eatdis_deprivation,sub-b6d5_assay-microstructure_cond-control.csv,time_2,Numeric,170,170,0,100,0
1992_eatdis_deprivation,sub-b6d5_assay-microstructure_cond-control.csv,time_2-1,Empty,170,0,170,0,100
1992_eatdis_deprivation,sub-b6d5_assay-microstructure_cond-control.csv,time_2-2,Empty,170,0,170,0,100
1992_eatdis_deprivation,sub-b6d5_assay-microstructure_cond-control.csv,trace,Numeric,170,170,0,100,0
1992_eatdis_deprivation,sub-b6d5_assay-microstructure_cond-control.csv,trace-2,Empty,170,0,170,0,100
1992_eatdis_deprivation,sub-b6d5_assay-microstructure_cond-deprivaiton.csv,activity,Numeric,261,261,0,100,0
1992_eatdis_deprivation,sub-b6d5_assay-microstructure_cond-deprivaiton.csv,activity-2,Empty,261,0,261,0,100
1992_eatdis_deprivation,sub-b6d5_assay-microstructure_cond-deprivaiton.csv,cond,Categorical,261,261,0,100,0
1992_eatdis_deprivation,sub-b6d5_assay-microstructure_cond-deprivaiton.csv,food,Categorical,261,261,0,100,0
1992_eatdis_deprivation,sub-b6d5_assay-microstructure_cond-deprivaiton.csv,food-2,Empty,261,0,261,0,100
1992_eatdis_deprivation,sub-b6d5_assay-microstructure_cond-deprivaiton.csv,group,Numeric,261,261,0,100,0
1992_eatdis_deprivation,sub-b6d5_assay-microstructure_cond-deprivaiton.csv,group-2,Empty,261,0,261,0,100
1992_eatdis_deprivation,sub-b6d5_assay-microstructure_cond-deprivaiton.csv,id,Categorical,261,261,0,100,0
1992_eatdis_deprivation,sub-b6d5_assay-microstructure_cond-deprivaiton.csv,start,Numeric,261,261,0,100,0
1992_eatdis_deprivation,sub-b6d5_assay-microstructure_cond-deprivaiton.csv,start-2,Empty,261,0,261,0,100
1992_eatdis_deprivation,sub-b6d5_assay-microstructure_cond-deprivaiton.csv,thirds,Categorical,261,261,0,100,0
1992_eatdis_deprivation,sub-b6d5_assay-microstructure_cond-deprivaiton.csv,thirds-2,Empty,261,0,261,0,100
1992_eatdis_deprivation,sub-b6d5_assay-microstructure_cond-deprivaiton.csv,time_1,Numeric,261,261,0,100,0
1992_eatdis_deprivation,sub-b6d5_assay-microstructure_cond-deprivaiton.csv,time_2,Numeric,261,261,0,100,0
1992_eatdis_deprivation,sub-b6d5_assay-microstructure_cond-deprivaiton.csv,time_2-1,Empty,261,0,261,0,100
1992_eatdis_deprivation,sub-b6d5_assay-microstructure_cond-deprivaiton.csv,time_2-2,Empty,261,0,261,0,100
1992_eatdis_deprivation,sub-b6d5_assay-microstructure_cond-deprivaiton.csv,trace,Numeric,261,261,0,100,0
1992_eatdis_deprivation,sub-b6d5_assay-microstructure_cond-deprivaiton.csv,trace-2,Empty,261,0,261,0,100
1992_eatdis_deprivation,sub-b7da_assay-microstructure_cond-control.csv,activity,Numeric,68,68,0,100,0
1992_eatdis_deprivation,sub-b7da_assay-microstructure_cond-control.csv,activity-2,Empty,68,0,68,0,100
1992_eatdis_deprivation,sub-b7da_assay-microstructure_cond-control.csv,cond,Categorical,68,68,0,100,0
1992_eatdis_deprivation,sub-b7da_assay-microstructure_cond-control.csv,food,Categorical,68,68,0,100,0
1992_eatdis_deprivation,sub-b7da_assay-microstructure_cond-control.csv,food-2,Empty,68,0,68,0,100
1992_eatdis_deprivation,sub-b7da_assay-microstructure_cond-control.csv,group,Numeric,68,68,0,100,0
1992_eatdis_deprivation,sub-b7da_assay-microstructure_cond-control.csv,group-2,Empty,68,0,68,0,100
1992_eatdis_deprivation,sub-b7da_assay-microstructure_cond-control.csv,id,Categorical,68,68,0,100,0
1992_eatdis_deprivation,sub-b7da_assay-microstructure_cond-control.csv,start,Numeric,68,68,0,100,0
1992_eatdis_deprivation,sub-b7da_assay-microstructure_cond-control.csv,start-2,Empty,68,0,68,0,100
1992_eatdis_deprivation,sub-b7da_assay-microstructure_cond-control.csv,thirds,Categorical,68,68,0,100,0
1992_eatdis_deprivation,sub-b7da_assay-microstructure_cond-control.csv,thirds-2,Empty,68,0,68,0,100
1992_eatdis_deprivation,sub-b7da_assay-microstructure_cond-control.csv,time_1,Numeric,68,68,0,100,0
1992_eatdis_deprivation,sub-b7da_assay-microstructure_cond-control.csv,time_2,Numeric,68,68,0,100,0
1992_eatdis_deprivation,sub-b7da_assay-microstructure_cond-control.csv,time_2-1,Empty,68,0,68,0,100
1992_eatdis_deprivation,sub-b7da_assay-microstructure_cond-control.csv,time_2-2,Empty,68,0,68,0,100
1992_eatdis_deprivation,sub-b7da_assay-microstructure_cond-control.csv,trace,Numeric,68,68,0,100,0
1992_eatdis_deprivation,sub-b7da_assay-microstructure_cond-control.csv,trace-2,Empty,68,0,68,0,100
1992_eatdis_deprivation,sub-b7da_assay-microstructure_cond-deprivaiton.csv,activity,Numeric,166,166,0,100,0
1992_eatdis_deprivation,sub-b7da_assay-microstructure_cond-deprivaiton.csv,activity-2,Numeric,166,1,165,0.6,99.4
1992_eatdis_deprivation,sub-b7da_assay-microstructure_cond-deprivaiton.csv,cond,Categorical,166,166,0,100,0
1992_eatdis_deprivation,sub-b7da_assay-microstructure_cond-deprivaiton.csv,food,Categorical,166,166,0,100,0
1992_eatdis_deprivation,sub-b7da_assay-microstructure_cond-deprivaiton.csv,food-2,Empty,166,0,166,0,100
1992_eatdis_deprivation,sub-b7da_assay-microstructure_cond-deprivaiton.csv,group,Numeric,166,166,0,100,0
1992_eatdis_deprivation,sub-b7da_assay-microstructure_cond-deprivaiton.csv,group-2,Numeric,166,1,165,0.6,99.4
1992_eatdis_deprivation,sub-b7da_assay-microstructure_cond-deprivaiton.csv,id,Categorical,166,166,0,100,0
1992_eatdis_deprivation,sub-b7da_assay-microstructure_cond-deprivaiton.csv,start,Numeric,166,166,0,100,0
1992_eatdis_deprivation,sub-b7da_assay-microstructure_cond-deprivaiton.csv,start-2,Numeric,166,1,165,0.6,99.4
1992_eatdis_deprivation,sub-b7da_assay-microstructure_cond-deprivaiton.csv,thirds,Categorical,166,166,0,100,0
1992_eatdis_deprivation,sub-b7da_assay-microstructure_cond-deprivaiton.csv,thirds-2,Numeric,166,1,165,0.6,99.4
1992_eatdis_deprivation,sub-b7da_assay-microstructure_cond-deprivaiton.csv,time_1,Numeric,166,166,0,100,0
1992_eatdis_deprivation,sub-b7da_assay-microstructure_cond-deprivaiton.csv,time_2,Numeric,166,166,0,100,0
1992_eatdis_deprivation,sub-b7da_assay-microstructure_cond-deprivaiton.csv,time_2-1,Numeric,166,1,165,0.6,99.4
1992_eatdis_deprivation,sub-b7da_assay-microstructure_cond-deprivaiton.csv,time_2-2,Empty,166,0,166,0,100
1992_eatdis_deprivation,sub-b7da_assay-microstructure_cond-deprivaiton.csv,trace,Numeric,166,166,0,100,0
1992_eatdis_deprivation,sub-b7da_assay-microstructure_cond-deprivaiton.csv,trace-2,Numeric,166,1,165,0.6,99.4
1992_eatdis_deprivation,sub-bb2b_assay-microstructure_cond-control.csv,activity,Numeric,301,301,0,100,0
1992_eatdis_deprivation,sub-bb2b_assay-microstructure_cond-control.csv,activity-2,Numeric,301,12,289,3.99,96.01
1992_eatdis_deprivation,sub-bb2b_assay-microstructure_cond-control.csv,cond,Categorical,301,301,0,100,0
1992_eatdis_deprivation,sub-bb2b_assay-microstructure_cond-control.csv,food,Categorical,301,301,0,100,0
1992_eatdis_deprivation,sub-bb2b_assay-microstructure_cond-control.csv,food-2,Empty,301,0,301,0,100
1992_eatdis_deprivation,sub-bb2b_assay-microstructure_cond-control.csv,group,Numeric,301,301,0,100,0
1992_eatdis_deprivation,sub-bb2b_assay-microstructure_cond-control.csv,group-2,Numeric,301,12,289,3.99,96.01
1992_eatdis_deprivation,sub-bb2b_assay-microstructure_cond-control.csv,id,Categorical,301,301,0,100,0
1992_eatdis_deprivation,sub-bb2b_assay-microstructure_cond-control.csv,start,Numeric,301,301,0,100,0
1992_eatdis_deprivation,sub-bb2b_assay-microstructure_cond-control.csv,start-2,Numeric,301,12,289,3.99,96.01
1992_eatdis_deprivation,sub-bb2b_assay-microstructure_cond-control.csv,thirds,Categorical,301,301,0,100,0
1992_eatdis_deprivation,sub-bb2b_assay-microstructure_cond-control.csv,thirds-2,Numeric,301,12,289,3.99,96.01
1992_eatdis_deprivation,sub-bb2b_assay-microstructure_cond-control.csv,time_1,Numeric,301,301,0,100,0
1992_eatdis_deprivation,sub-bb2b_assay-microstructure_cond-control.csv,time_2,Numeric,301,301,0,100,0
1992_eatdis_deprivation,sub-bb2b_assay-microstructure_cond-control.csv,time_2-1,Numeric,301,12,289,3.99,96.01
1992_eatdis_deprivation,sub-bb2b_assay-microstructure_cond-control.csv,time_2-2,Empty,301,0,301,0,100
1992_eatdis_deprivation,sub-bb2b_assay-microstructure_cond-control.csv,trace,Numeric,301,301,0,100,0
1992_eatdis_deprivation,sub-bb2b_assay-microstructure_cond-control.csv,trace-2,Numeric,301,12,289,3.99,96.01
1992_eatdis_deprivation,sub-bb2b_assay-microstructure_cond-deprivaiton.csv,activity,Numeric,242,238,4,98.35,1.65
1992_eatdis_deprivation,sub-bb2b_assay-microstructure_cond-deprivaiton.csv,activity-2,Numeric,242,6,236,2.48,97.52
1992_eatdis_deprivation,sub-bb2b_assay-microstructure_cond-deprivaiton.csv,cond,Categorical,242,242,0,100,0
1992_eatdis_deprivation,sub-bb2b_assay-microstructure_cond-deprivaiton.csv,food,Categorical,242,238,4,98.35,1.65
1992_eatdis_deprivation,sub-bb2b_assay-microstructure_cond-deprivaiton.csv,food-2,Categorical,242,6,236,2.48,97.52
1992_eatdis_deprivation,sub-bb2b_assay-microstructure_cond-deprivaiton.csv,group,Numeric,242,238,4,98.35,1.65
1992_eatdis_deprivation,sub-bb2b_assay-microstructure_cond-deprivaiton.csv,group-2,Numeric,242,6,236,2.48,97.52
1992_eatdis_deprivation,sub-bb2b_assay-microstructure_cond-deprivaiton.csv,id,Categorical,242,242,0,100,0
1992_eatdis_deprivation,sub-bb2b_assay-microstructure_cond-deprivaiton.csv,start,Numeric,242,238,4,98.35,1.65
1992_eatdis_deprivation,sub-bb2b_assay-microstructure_cond-deprivaiton.csv,start-2,Numeric,242,6,236,2.48,97.52
1992_eatdis_deprivation,sub-bb2b_assay-microstructure_cond-deprivaiton.csv,thirds,Numeric,242,238,4,98.35,1.65
1992_eatdis_deprivation,sub-bb2b_assay-microstructure_cond-deprivaiton.csv,time_1,Numeric,242,238,4,98.35,1.65
1992_eatdis_deprivation,sub-bb2b_assay-microstructure_cond-deprivaiton.csv,time_2,Numeric,242,238,4,98.35,1.65
1992_eatdis_deprivation,sub-bb2b_assay-microstructure_cond-deprivaiton.csv,time_2-1,Numeric,242,6,236,2.48,97.52
1992_eatdis_deprivation,sub-bb2b_assay-microstructure_cond-deprivaiton.csv,time_2-2,Numeric,242,6,236,2.48,97.52
1992_eatdis_deprivation,sub-bb2b_assay-microstructure_cond-deprivaiton.csv,trace,Numeric,242,238,4,98.35,1.65
1992_eatdis_deprivation,sub-bb2b_assay-microstructure_cond-deprivaiton.csv,trace-2,Numeric,242,6,236,2.48,97.52
1992_eatdis_deprivation,sub-bb72_assay-microstructure_cond-control.csv,activity,Numeric,200,200,0,100,0
1992_eatdis_deprivation,sub-bb72_assay-microstructure_cond-control.csv,activity-2,Empty,200,0,200,0,100
1992_eatdis_deprivation,sub-bb72_assay-microstructure_cond-control.csv,cond,Categorical,200,200,0,100,0
1992_eatdis_deprivation,sub-bb72_assay-microstructure_cond-control.csv,food,Categorical,200,200,0,100,0
1992_eatdis_deprivation,sub-bb72_assay-microstructure_cond-control.csv,food-2,Empty,200,0,200,0,100
1992_eatdis_deprivation,sub-bb72_assay-microstructure_cond-control.csv,group,Numeric,200,200,0,100,0
1992_eatdis_deprivation,sub-bb72_assay-microstructure_cond-control.csv,group-2,Empty,200,0,200,0,100
1992_eatdis_deprivation,sub-bb72_assay-microstructure_cond-control.csv,id,Categorical,200,200,0,100,0
1992_eatdis_deprivation,sub-bb72_assay-microstructure_cond-control.csv,start,Numeric,200,200,0,100,0
1992_eatdis_deprivation,sub-bb72_assay-microstructure_cond-control.csv,start-2,Empty,200,0,200,0,100
1992_eatdis_deprivation,sub-bb72_assay-microstructure_cond-control.csv,thirds,Categorical,200,200,0,100,0
1992_eatdis_deprivation,sub-bb72_assay-microstructure_cond-control.csv,thirds-2,Empty,200,0,200,0,100
1992_eatdis_deprivation,sub-bb72_assay-microstructure_cond-control.csv,time_1,Numeric,200,200,0,100,0
1992_eatdis_deprivation,sub-bb72_assay-microstructure_cond-control.csv,time_2,Numeric,200,200,0,100,0
1992_eatdis_deprivation,sub-bb72_assay-microstructure_cond-control.csv,time_2-1,Empty,200,0,200,0,100
1992_eatdis_deprivation,sub-bb72_assay-microstructure_cond-control.csv,time_2-2,Empty,200,0,200,0,100
1992_eatdis_deprivation,sub-bb72_assay-microstructure_cond-control.csv,trace,Numeric,200,200,0,100,0
1992_eatdis_deprivation,sub-bb72_assay-microstructure_cond-control.csv,trace-2,Empty,200,0,200,0,100
1992_eatdis_deprivation,sub-bb72_assay-microstructure_cond-deprivaiton.csv,activity,Numeric,285,285,0,100,0
1992_eatdis_deprivation,sub-bb72_assay-microstructure_cond-deprivaiton.csv,activity-2,Numeric,285,9,276,3.16,96.84
1992_eatdis_deprivation,sub-bb72_assay-microstructure_cond-deprivaiton.csv,cond,Categorical,285,285,0,100,0
1992_eatdis_deprivation,sub-bb72_assay-microstructure_cond-deprivaiton.csv,food,Categorical,285,285,0,100,0
1992_eatdis_deprivation,sub-bb72_assay-microstructure_cond-deprivaiton.csv,food-2,Empty,285,0,285,0,100
1992_eatdis_deprivation,sub-bb72_assay-microstructure_cond-deprivaiton.csv,group,Numeric,285,285,0,100,0
1992_eatdis_deprivation,sub-bb72_assay-microstructure_cond-deprivaiton.csv,group-2,Numeric,285,9,276,3.16,96.84
1992_eatdis_deprivation,sub-bb72_assay-microstructure_cond-deprivaiton.csv,id,Categorical,285,285,0,100,0
1992_eatdis_deprivation,sub-bb72_assay-microstructure_cond-deprivaiton.csv,start,Numeric,285,285,0,100,0
1992_eatdis_deprivation,sub-bb72_assay-microstructure_cond-deprivaiton.csv,start-2,Numeric,285,9,276,3.16,96.84
1992_eatdis_deprivation,sub-bb72_assay-microstructure_cond-deprivaiton.csv,thirds,Categorical,285,285,0,100,0
1992_eatdis_deprivation,sub-bb72_assay-microstructure_cond-deprivaiton.csv,thirds-2,Empty,285,0,285,0,100
1992_eatdis_deprivation,sub-bb72_assay-microstructure_cond-deprivaiton.csv,time_1,Numeric,285,285,0,100,0
1992_eatdis_deprivation,sub-bb72_assay-microstructure_cond-deprivaiton.csv,time_2,Numeric,285,285,0,100,0
1992_eatdis_deprivation,sub-bb72_assay-microstructure_cond-deprivaiton.csv,time_2-1,Numeric,285,9,276,3.16,96.84
1992_eatdis_deprivation,sub-bb72_assay-microstructure_cond-deprivaiton.csv,time_2-2,Empty,285,0,285,0,100
1992_eatdis_deprivation,sub-bb72_assay-microstructure_cond-deprivaiton.csv,trace,Numeric,285,285,0,100,0
1992_eatdis_deprivation,sub-bb72_assay-microstructure_cond-deprivaiton.csv,trace-2,Numeric,285,9,276,3.16,96.84
1992_eatdis_deprivation,sub-bc10_assay-microstructure_cond-control.csv,activity,Numeric,114,114,0,100,0
1992_eatdis_deprivation,sub-bc10_assay-microstructure_cond-control.csv,activity-2,Empty,114,0,114,0,100
1992_eatdis_deprivation,sub-bc10_assay-microstructure_cond-control.csv,cond,Categorical,114,114,0,100,0
1992_eatdis_deprivation,sub-bc10_assay-microstructure_cond-control.csv,food,Categorical,114,114,0,100,0
1992_eatdis_deprivation,sub-bc10_assay-microstructure_cond-control.csv,food-2,Empty,114,0,114,0,100
1992_eatdis_deprivation,sub-bc10_assay-microstructure_cond-control.csv,group,Numeric,114,114,0,100,0
1992_eatdis_deprivation,sub-bc10_assay-microstructure_cond-control.csv,group-2,Empty,114,0,114,0,100
1992_eatdis_deprivation,sub-bc10_assay-microstructure_cond-control.csv,id,Categorical,114,114,0,100,0
1992_eatdis_deprivation,sub-bc10_assay-microstructure_cond-control.csv,start,Numeric,114,114,0,100,0
1992_eatdis_deprivation,sub-bc10_assay-microstructure_cond-control.csv,start-2,Empty,114,0,114,0,100
1992_eatdis_deprivation,sub-bc10_assay-microstructure_cond-control.csv,thirds,Categorical,114,114,0,100,0
1992_eatdis_deprivation,sub-bc10_assay-microstructure_cond-control.csv,thirds-2,Empty,114,0,114,0,100
1992_eatdis_deprivation,sub-bc10_assay-microstructure_cond-control.csv,time_1,Numeric,114,114,0,100,0
1992_eatdis_deprivation,sub-bc10_assay-microstructure_cond-control.csv,time_2,Numeric,114,114,0,100,0
1992_eatdis_deprivation,sub-bc10_assay-microstructure_cond-control.csv,time_2-1,Empty,114,0,114,0,100
1992_eatdis_deprivation,sub-bc10_assay-microstructure_cond-control.csv,time_2-2,Empty,114,0,114,0,100
1992_eatdis_deprivation,sub-bc10_assay-microstructure_cond-control.csv,trace,Numeric,114,114,0,100,0
1992_eatdis_deprivation,sub-bc10_assay-microstructure_cond-control.csv,trace-2,Empty,114,0,114,0,100
1992_eatdis_deprivation,sub-bc10_assay-microstructure_cond-deprivaiton.csv,activity,Numeric,90,90,0,100,0
1992_eatdis_deprivation,sub-bc10_assay-microstructure_cond-deprivaiton.csv,activity-2,Empty,90,0,90,0,100
1992_eatdis_deprivation,sub-bc10_assay-microstructure_cond-deprivaiton.csv,cond,Categorical,90,90,0,100,0
1992_eatdis_deprivation,sub-bc10_assay-microstructure_cond-deprivaiton.csv,food,Categorical,90,90,0,100,0
1992_eatdis_deprivation,sub-bc10_assay-microstructure_cond-deprivaiton.csv,food-2,Empty,90,0,90,0,100
1992_eatdis_deprivation,sub-bc10_assay-microstructure_cond-deprivaiton.csv,group,Numeric,90,90,0,100,0
1992_eatdis_deprivation,sub-bc10_assay-microstructure_cond-deprivaiton.csv,group-2,Empty,90,0,90,0,100
1992_eatdis_deprivation,sub-bc10_assay-microstructure_cond-deprivaiton.csv,id,Categorical,90,90,0,100,0
1992_eatdis_deprivation,sub-bc10_assay-microstructure_cond-deprivaiton.csv,start,Numeric,90,90,0,100,0
1992_eatdis_deprivation,sub-bc10_assay-microstructure_cond-deprivaiton.csv,start-2,Empty,90,0,90,0,100
1992_eatdis_deprivation,sub-bc10_assay-microstructure_cond-deprivaiton.csv,thirds,Categorical,90,90,0,100,0
1992_eatdis_deprivation,sub-bc10_assay-microstructure_cond-deprivaiton.csv,thirds-2,Empty,90,0,90,0,100
1992_eatdis_deprivation,sub-bc10_assay-microstructure_cond-deprivaiton.csv,time_1,Numeric,90,90,0,100,0
1992_eatdis_deprivation,sub-bc10_assay-microstructure_cond-deprivaiton.csv,time_2,Numeric,90,90,0,100,0
1992_eatdis_deprivation,sub-bc10_assay-microstructure_cond-deprivaiton.csv,time_2-1,Empty,90,0,90,0,100
1992_eatdis_deprivation,sub-bc10_assay-microstructure_cond-deprivaiton.csv,time_2-2,Empty,90,0,90,0,100
1992_eatdis_deprivation,sub-bc10_assay-microstructure_cond-deprivaiton.csv,trace,Numeric,90,90,0,100,0
1992_eatdis_deprivation,sub-bc10_assay-microstructure_cond-deprivaiton.csv,trace-2,Empty,90,0,90,0,100
1992_eatdis_deprivation,sub-be51_assay-microstructure_cond-control.csv,activity,Numeric,80,80,0,100,0
1992_eatdis_deprivation,sub-be51_assay-microstructure_cond-control.csv,activity-2,Empty,80,0,80,0,100
1992_eatdis_deprivation,sub-be51_assay-microstructure_cond-control.csv,cond,Categorical,80,80,0,100,0
1992_eatdis_deprivation,sub-be51_assay-microstructure_cond-control.csv,food,Categorical,80,80,0,100,0
1992_eatdis_deprivation,sub-be51_assay-microstructure_cond-control.csv,food-2,Empty,80,0,80,0,100
1992_eatdis_deprivation,sub-be51_assay-microstructure_cond-control.csv,group,Numeric,80,80,0,100,0
1992_eatdis_deprivation,sub-be51_assay-microstructure_cond-control.csv,group-2,Empty,80,0,80,0,100
1992_eatdis_deprivation,sub-be51_assay-microstructure_cond-control.csv,id,Categorical,80,80,0,100,0
1992_eatdis_deprivation,sub-be51_assay-microstructure_cond-control.csv,start,Numeric,80,80,0,100,0
1992_eatdis_deprivation,sub-be51_assay-microstructure_cond-control.csv,start-2,Empty,80,0,80,0,100
1992_eatdis_deprivation,sub-be51_assay-microstructure_cond-control.csv,thirds,Categorical,80,80,0,100,0
1992_eatdis_deprivation,sub-be51_assay-microstructure_cond-control.csv,thirds-2,Empty,80,0,80,0,100
1992_eatdis_deprivation,sub-be51_assay-microstructure_cond-control.csv,time_1,Numeric,80,80,0,100,0
1992_eatdis_deprivation,sub-be51_assay-microstructure_cond-control.csv,time_2,Numeric,80,80,0,100,0
1992_eatdis_deprivation,sub-be51_assay-microstructure_cond-control.csv,time_2-1,Empty,80,0,80,0,100
1992_eatdis_deprivation,sub-be51_assay-microstructure_cond-control.csv,time_2-2,Empty,80,0,80,0,100
1992_eatdis_deprivation,sub-be51_assay-microstructure_cond-control.csv,trace,Numeric,80,80,0,100,0
1992_eatdis_deprivation,sub-be51_assay-microstructure_cond-control.csv,trace-2,Empty,80,0,80,0,100
1992_eatdis_deprivation,sub-be51_assay-microstructure_cond-deprivaiton.csv,activity,Numeric,56,56,0,100,0
1992_eatdis_deprivation,sub-be51_assay-microstructure_cond-deprivaiton.csv,activity-2,Empty,56,0,56,0,100
1992_eatdis_deprivation,sub-be51_assay-microstructure_cond-deprivaiton.csv,cond,Categorical,56,56,0,100,0
1992_eatdis_deprivation,sub-be51_assay-microstructure_cond-deprivaiton.csv,food,Categorical,56,56,0,100,0
1992_eatdis_deprivation,sub-be51_assay-microstructure_cond-deprivaiton.csv,food-2,Empty,56,0,56,0,100
1992_eatdis_deprivation,sub-be51_assay-microstructure_cond-deprivaiton.csv,group,Numeric,56,56,0,100,0
1992_eatdis_deprivation,sub-be51_assay-microstructure_cond-deprivaiton.csv,group-2,Empty,56,0,56,0,100
1992_eatdis_deprivation,sub-be51_assay-microstructure_cond-deprivaiton.csv,id,Categorical,56,56,0,100,0
1992_eatdis_deprivation,sub-be51_assay-microstructure_cond-deprivaiton.csv,start,Numeric,56,56,0,100,0
1992_eatdis_deprivation,sub-be51_assay-microstructure_cond-deprivaiton.csv,start-2,Empty,56,0,56,0,100
1992_eatdis_deprivation,sub-be51_assay-microstructure_cond-deprivaiton.csv,thirds,Categorical,56,56,0,100,0
1992_eatdis_deprivation,sub-be51_assay-microstructure_cond-deprivaiton.csv,thirds-2,Empty,56,0,56,0,100
1992_eatdis_deprivation,sub-be51_assay-microstructure_cond-deprivaiton.csv,time_1,Numeric,56,56,0,100,0
1992_eatdis_deprivation,sub-be51_assay-microstructure_cond-deprivaiton.csv,time_2,Numeric,56,56,0,100,0
1992_eatdis_deprivation,sub-be51_assay-microstructure_cond-deprivaiton.csv,time_2-1,Empty,56,0,56,0,100
1992_eatdis_deprivation,sub-be51_assay-microstructure_cond-deprivaiton.csv,time_2-2,Empty,56,0,56,0,100
1992_eatdis_deprivation,sub-be51_assay-microstructure_cond-deprivaiton.csv,trace,Numeric,56,56,0,100,0
1992_eatdis_deprivation,sub-be51_assay-microstructure_cond-deprivaiton.csv,trace-2,Empty,56,0,56,0,100
1992_eatdis_deprivation,sub-bfb5_assay-microstructure_cond-control.csv,activity,Numeric,176,176,0,100,0
1992_eatdis_deprivation,sub-bfb5_assay-microstructure_cond-control.csv,activity-2,Empty,176,0,176,0,100
1992_eatdis_deprivation,sub-bfb5_assay-microstructure_cond-control.csv,cond,Categorical,176,176,0,100,0
1992_eatdis_deprivation,sub-bfb5_assay-microstructure_cond-control.csv,food,Categorical,176,176,0,100,0
1992_eatdis_deprivation,sub-bfb5_assay-microstructure_cond-control.csv,food-2,Empty,176,0,176,0,100
1992_eatdis_deprivation,sub-bfb5_assay-microstructure_cond-control.csv,group,Numeric,176,176,0,100,0
1992_eatdis_deprivation,sub-bfb5_assay-microstructure_cond-control.csv,group-2,Empty,176,0,176,0,100
1992_eatdis_deprivation,sub-bfb5_assay-microstructure_cond-control.csv,id,Categorical,176,176,0,100,0
1992_eatdis_deprivation,sub-bfb5_assay-microstructure_cond-control.csv,start,Numeric,176,176,0,100,0
1992_eatdis_deprivation,sub-bfb5_assay-microstructure_cond-control.csv,start-2,Empty,176,0,176,0,100
1992_eatdis_deprivation,sub-bfb5_assay-microstructure_cond-control.csv,thirds,Categorical,176,176,0,100,0
1992_eatdis_deprivation,sub-bfb5_assay-microstructure_cond-control.csv,thirds-2,Empty,176,0,176,0,100
1992_eatdis_deprivation,sub-bfb5_assay-microstructure_cond-control.csv,time_1,Numeric,176,176,0,100,0
1992_eatdis_deprivation,sub-bfb5_assay-microstructure_cond-control.csv,time_2,Numeric,176,176,0,100,0
1992_eatdis_deprivation,sub-bfb5_assay-microstructure_cond-control.csv,time_2-1,Empty,176,0,176,0,100
1992_eatdis_deprivation,sub-bfb5_assay-microstructure_cond-control.csv,time_2-2,Empty,176,0,176,0,100
1992_eatdis_deprivation,sub-bfb5_assay-microstructure_cond-control.csv,trace,Numeric,176,176,0,100,0
1992_eatdis_deprivation,sub-bfb5_assay-microstructure_cond-control.csv,trace-2,Empty,176,0,176,0,100
1992_eatdis_deprivation,sub-bfb5_assay-microstructure_cond-deprivaiton.csv,activity,Numeric,144,144,0,100,0
1992_eatdis_deprivation,sub-bfb5_assay-microstructure_cond-deprivaiton.csv,activity-2,Empty,144,0,144,0,100
1992_eatdis_deprivation,sub-bfb5_assay-microstructure_cond-deprivaiton.csv,cond,Categorical,144,144,0,100,0
1992_eatdis_deprivation,sub-bfb5_assay-microstructure_cond-deprivaiton.csv,food,Categorical,144,144,0,100,0
1992_eatdis_deprivation,sub-bfb5_assay-microstructure_cond-deprivaiton.csv,food-2,Empty,144,0,144,0,100
1992_eatdis_deprivation,sub-bfb5_assay-microstructure_cond-deprivaiton.csv,group,Numeric,144,144,0,100,0
1992_eatdis_deprivation,sub-bfb5_assay-microstructure_cond-deprivaiton.csv,group-2,Empty,144,0,144,0,100
1992_eatdis_deprivation,sub-bfb5_assay-microstructure_cond-deprivaiton.csv,id,Categorical,144,144,0,100,0
1992_eatdis_deprivation,sub-bfb5_assay-microstructure_cond-deprivaiton.csv,start,Numeric,144,144,0,100,0
1992_eatdis_deprivation,sub-bfb5_assay-microstructure_cond-deprivaiton.csv,start-2,Empty,144,0,144,0,100
1992_eatdis_deprivation,sub-bfb5_assay-microstructure_cond-deprivaiton.csv,thirds,Categorical,144,144,0,100,0
1992_eatdis_deprivation,sub-bfb5_assay-microstructure_cond-deprivaiton.csv,thirds-2,Empty,144,0,144,0,100
1992_eatdis_deprivation,sub-bfb5_assay-microstructure_cond-deprivaiton.csv,time_1,Numeric,144,144,0,100,0
1992_eatdis_deprivation,sub-bfb5_assay-microstructure_cond-deprivaiton.csv,time_2,Numeric,144,144,0,100,0
1992_eatdis_deprivation,sub-bfb5_assay-microstructure_cond-deprivaiton.csv,time_2-1,Empty,144,0,144,0,100
1992_eatdis_deprivation,sub-bfb5_assay-microstructure_cond-deprivaiton.csv,time_2-2,Empty,144,0,144,0,100
1992_eatdis_deprivation,sub-bfb5_assay-microstructure_cond-deprivaiton.csv,trace,Numeric,144,144,0,100,0
1992_eatdis_deprivation,sub-bfb5_assay-microstructure_cond-deprivaiton.csv,trace-2,Empty,144,0,144,0,100
1992_eatdis_deprivation,sub-c4a4_assay-microstructure_cond-control.csv,activity,Numeric,172,172,0,100,0
1992_eatdis_deprivation,sub-c4a4_assay-microstructure_cond-control.csv,activity-2,Empty,172,0,172,0,100
1992_eatdis_deprivation,sub-c4a4_assay-microstructure_cond-control.csv,cond,Categorical,172,172,0,100,0
1992_eatdis_deprivation,sub-c4a4_assay-microstructure_cond-control.csv,food,Categorical,172,172,0,100,0
1992_eatdis_deprivation,sub-c4a4_assay-microstructure_cond-control.csv,food-2,Empty,172,0,172,0,100
1992_eatdis_deprivation,sub-c4a4_assay-microstructure_cond-control.csv,group,Numeric,172,172,0,100,0
1992_eatdis_deprivation,sub-c4a4_assay-microstructure_cond-control.csv,group-2,Empty,172,0,172,0,100
1992_eatdis_deprivation,sub-c4a4_assay-microstructure_cond-control.csv,id,Categorical,172,172,0,100,0
1992_eatdis_deprivation,sub-c4a4_assay-microstructure_cond-control.csv,start,Numeric,172,172,0,100,0
1992_eatdis_deprivation,sub-c4a4_assay-microstructure_cond-control.csv,start-2,Empty,172,0,172,0,100
1992_eatdis_deprivation,sub-c4a4_assay-microstructure_cond-control.csv,thirds,Categorical,172,172,0,100,0
1992_eatdis_deprivation,sub-c4a4_assay-microstructure_cond-control.csv,thirds-2,Empty,172,0,172,0,100
1992_eatdis_deprivation,sub-c4a4_assay-microstructure_cond-control.csv,time_1,Numeric,172,172,0,100,0
1992_eatdis_deprivation,sub-c4a4_assay-microstructure_cond-control.csv,time_2,Numeric,172,172,0,100,0
1992_eatdis_deprivation,sub-c4a4_assay-microstructure_cond-control.csv,time_2-1,Empty,172,0,172,0,100
1992_eatdis_deprivation,sub-c4a4_assay-microstructure_cond-control.csv,time_2-2,Empty,172,0,172,0,100
1992_eatdis_deprivation,sub-c4a4_assay-microstructure_cond-control.csv,trace,Numeric,172,172,0,100,0
1992_eatdis_deprivation,sub-c4a4_assay-microstructure_cond-control.csv,trace-2,Empty,172,0,172,0,100
1992_eatdis_deprivation,sub-c4a4_assay-microstructure_cond-deprivaiton.csv,activity,Numeric,223,223,0,100,0
1992_eatdis_deprivation,sub-c4a4_assay-microstructure_cond-deprivaiton.csv,activity-2,Empty,223,0,223,0,100
1992_eatdis_deprivation,sub-c4a4_assay-microstructure_cond-deprivaiton.csv,cond,Categorical,223,223,0,100,0
1992_eatdis_deprivation,sub-c4a4_assay-microstructure_cond-deprivaiton.csv,food,Categorical,223,223,0,100,0
1992_eatdis_deprivation,sub-c4a4_assay-microstructure_cond-deprivaiton.csv,food-2,Empty,223,0,223,0,100
1992_eatdis_deprivation,sub-c4a4_assay-microstructure_cond-deprivaiton.csv,group,Numeric,223,223,0,100,0
1992_eatdis_deprivation,sub-c4a4_assay-microstructure_cond-deprivaiton.csv,group-2,Empty,223,0,223,0,100
1992_eatdis_deprivation,sub-c4a4_assay-microstructure_cond-deprivaiton.csv,id,Categorical,223,223,0,100,0
1992_eatdis_deprivation,sub-c4a4_assay-microstructure_cond-deprivaiton.csv,start,Numeric,223,223,0,100,0
1992_eatdis_deprivation,sub-c4a4_assay-microstructure_cond-deprivaiton.csv,start-2,Empty,223,0,223,0,100
1992_eatdis_deprivation,sub-c4a4_assay-microstructure_cond-deprivaiton.csv,thirds,Categorical,223,223,0,100,0
1992_eatdis_deprivation,sub-c4a4_assay-microstructure_cond-deprivaiton.csv,thirds-2,Empty,223,0,223,0,100
1992_eatdis_deprivation,sub-c4a4_assay-microstructure_cond-deprivaiton.csv,time_1,Numeric,223,223,0,100,0
1992_eatdis_deprivation,sub-c4a4_assay-microstructure_cond-deprivaiton.csv,time_2,Numeric,223,223,0,100,0
1992_eatdis_deprivation,sub-c4a4_assay-microstructure_cond-deprivaiton.csv,time_2-1,Empty,223,0,223,0,100
1992_eatdis_deprivation,sub-c4a4_assay-microstructure_cond-deprivaiton.csv,time_2-2,Empty,223,0,223,0,100
1992_eatdis_deprivation,sub-c4a4_assay-microstructure_cond-deprivaiton.csv,trace,Numeric,223,223,0,100,0
1992_eatdis_deprivation,sub-c4a4_assay-microstructure_cond-deprivaiton.csv,trace-2,Empty,223,0,223,0,100
1992_eatdis_deprivation,sub-c901_assay-microstructure_cond-control.csv,activity,Numeric,176,176,0,100,0
1992_eatdis_deprivation,sub-c901_assay-microstructure_cond-control.csv,activity-2,Empty,176,0,176,0,100
1992_eatdis_deprivation,sub-c901_assay-microstructure_cond-control.csv,cond,Categorical,176,176,0,100,0
1992_eatdis_deprivation,sub-c901_assay-microstructure_cond-control.csv,food,Categorical,176,176,0,100,0
1992_eatdis_deprivation,sub-c901_assay-microstructure_cond-control.csv,food-2,Empty,176,0,176,0,100
1992_eatdis_deprivation,sub-c901_assay-microstructure_cond-control.csv,group,Numeric,176,176,0,100,0
1992_eatdis_deprivation,sub-c901_assay-microstructure_cond-control.csv,group-2,Empty,176,0,176,0,100
1992_eatdis_deprivation,sub-c901_assay-microstructure_cond-control.csv,id,Categorical,176,176,0,100,0
1992_eatdis_deprivation,sub-c901_assay-microstructure_cond-control.csv,start,Numeric,176,176,0,100,0
1992_eatdis_deprivation,sub-c901_assay-microstructure_cond-control.csv,start-2,Empty,176,0,176,0,100
1992_eatdis_deprivation,sub-c901_assay-microstructure_cond-control.csv,thirds,Categorical,176,176,0,100,0
1992_eatdis_deprivation,sub-c901_assay-microstructure_cond-control.csv,thirds-2,Empty,176,0,176,0,100
1992_eatdis_deprivation,sub-c901_assay-microstructure_cond-control.csv,time_1,Numeric,176,176,0,100,0
1992_eatdis_deprivation,sub-c901_assay-microstructure_cond-control.csv,time_2,Numeric,176,176,0,100,0
1992_eatdis_deprivation,sub-c901_assay-microstructure_cond-control.csv,time_2-1,Empty,176,0,176,0,100
1992_eatdis_deprivation,sub-c901_assay-microstructure_cond-control.csv,time_2-2,Empty,176,0,176,0,100
1992_eatdis_deprivation,sub-c901_assay-microstructure_cond-control.csv,trace,Numeric,176,176,0,100,0
1992_eatdis_deprivation,sub-c901_assay-microstructure_cond-control.csv,trace-2,Empty,176,0,176,0,100
1992_eatdis_deprivation,sub-c901_assay-microstructure_cond-deprivaiton.csv,activity,Numeric,144,144,0,100,0
1992_eatdis_deprivation,sub-c901_assay-microstructure_cond-deprivaiton.csv,activity-2,Empty,144,0,144,0,100
1992_eatdis_deprivation,sub-c901_assay-microstructure_cond-deprivaiton.csv,cond,Categorical,144,144,0,100,0
1992_eatdis_deprivation,sub-c901_assay-microstructure_cond-deprivaiton.csv,food,Categorical,144,144,0,100,0
1992_eatdis_deprivation,sub-c901_assay-microstructure_cond-deprivaiton.csv,food-2,Empty,144,0,144,0,100
1992_eatdis_deprivation,sub-c901_assay-microstructure_cond-deprivaiton.csv,group,Numeric,144,144,0,100,0
1992_eatdis_deprivation,sub-c901_assay-microstructure_cond-deprivaiton.csv,group-2,Empty,144,0,144,0,100
1992_eatdis_deprivation,sub-c901_assay-microstructure_cond-deprivaiton.csv,id,Categorical,144,144,0,100,0
1992_eatdis_deprivation,sub-c901_assay-microstructure_cond-deprivaiton.csv,start,Numeric,144,144,0,100,0
1992_eatdis_deprivation,sub-c901_assay-microstructure_cond-deprivaiton.csv,start-2,Empty,144,0,144,0,100
1992_eatdis_deprivation,sub-c901_assay-microstructure_cond-deprivaiton.csv,thirds,Categorical,144,144,0,100,0
1992_eatdis_deprivation,sub-c901_assay-microstructure_cond-deprivaiton.csv,thirds-2,Empty,144,0,144,0,100
1992_eatdis_deprivation,sub-c901_assay-microstructure_cond-deprivaiton.csv,time_1,Numeric,144,144,0,100,0
1992_eatdis_deprivation,sub-c901_assay-microstructure_cond-deprivaiton.csv,time_2,Numeric,144,144,0,100,0
1992_eatdis_deprivation,sub-c901_assay-microstructure_cond-deprivaiton.csv,time_2-1,Empty,144,0,144,0,100
1992_eatdis_deprivation,sub-c901_assay-microstructure_cond-deprivaiton.csv,time_2-2,Empty,144,0,144,0,100
1992_eatdis_deprivation,sub-c901_assay-microstructure_cond-deprivaiton.csv,trace,Numeric,144,144,0,100,0
1992_eatdis_deprivation,sub-c901_assay-microstructure_cond-deprivaiton.csv,trace-2,Empty,144,0,144,0,100
1992_eatdis_deprivation,sub-cb3f_assay-microstructure_cond-control.csv,activity,Numeric,148,148,0,100,0
1992_eatdis_deprivation,sub-cb3f_assay-microstructure_cond-control.csv,activity-2,Empty,148,0,148,0,100
1992_eatdis_deprivation,sub-cb3f_assay-microstructure_cond-control.csv,cond,Categorical,148,148,0,100,0
1992_eatdis_deprivation,sub-cb3f_assay-microstructure_cond-control.csv,food,Categorical,148,148,0,100,0
1992_eatdis_deprivation,sub-cb3f_assay-microstructure_cond-control.csv,food-2,Empty,148,0,148,0,100
1992_eatdis_deprivation,sub-cb3f_assay-microstructure_cond-control.csv,group,Numeric,148,148,0,100,0
1992_eatdis_deprivation,sub-cb3f_assay-microstructure_cond-control.csv,group-2,Empty,148,0,148,0,100
1992_eatdis_deprivation,sub-cb3f_assay-microstructure_cond-control.csv,id,Categorical,148,148,0,100,0
1992_eatdis_deprivation,sub-cb3f_assay-microstructure_cond-control.csv,start,Numeric,148,148,0,100,0
1992_eatdis_deprivation,sub-cb3f_assay-microstructure_cond-control.csv,start-2,Empty,148,0,148,0,100
1992_eatdis_deprivation,sub-cb3f_assay-microstructure_cond-control.csv,thirds,Categorical,148,148,0,100,0
1992_eatdis_deprivation,sub-cb3f_assay-microstructure_cond-control.csv,thirds-2,Empty,148,0,148,0,100
1992_eatdis_deprivation,sub-cb3f_assay-microstructure_cond-control.csv,time_1,Numeric,148,148,0,100,0
1992_eatdis_deprivation,sub-cb3f_assay-microstructure_cond-control.csv,time_2,Numeric,148,148,0,100,0
1992_eatdis_deprivation,sub-cb3f_assay-microstructure_cond-control.csv,time_2-1,Empty,148,0,148,0,100
1992_eatdis_deprivation,sub-cb3f_assay-microstructure_cond-control.csv,time_2-2,Empty,148,0,148,0,100
1992_eatdis_deprivation,sub-cb3f_assay-microstructure_cond-control.csv,trace,Numeric,148,148,0,100,0
1992_eatdis_deprivation,sub-cb3f_assay-microstructure_cond-control.csv,trace-2,Empty,148,0,148,0,100
1992_eatdis_deprivation,sub-cb3f_assay-microstructure_cond-deprivaiton.csv,activity,Numeric,123,123,0,100,0
1992_eatdis_deprivation,sub-cb3f_assay-microstructure_cond-deprivaiton.csv,activity-2,Empty,123,0,123,0,100
1992_eatdis_deprivation,sub-cb3f_assay-microstructure_cond-deprivaiton.csv,cond,Categorical,123,123,0,100,0
1992_eatdis_deprivation,sub-cb3f_assay-microstructure_cond-deprivaiton.csv,food,Categorical,123,123,0,100,0
1992_eatdis_deprivation,sub-cb3f_assay-microstructure_cond-deprivaiton.csv,food-2,Empty,123,0,123,0,100
1992_eatdis_deprivation,sub-cb3f_assay-microstructure_cond-deprivaiton.csv,group,Numeric,123,123,0,100,0
1992_eatdis_deprivation,sub-cb3f_assay-microstructure_cond-deprivaiton.csv,group-2,Empty,123,0,123,0,100
1992_eatdis_deprivation,sub-cb3f_assay-microstructure_cond-deprivaiton.csv,id,Categorical,123,123,0,100,0
1992_eatdis_deprivation,sub-cb3f_assay-microstructure_cond-deprivaiton.csv,start,Numeric,123,123,0,100,0
1992_eatdis_deprivation,sub-cb3f_assay-microstructure_cond-deprivaiton.csv,start-2,Empty,123,0,123,0,100
1992_eatdis_deprivation,sub-cb3f_assay-microstructure_cond-deprivaiton.csv,thirds,Categorical,123,123,0,100,0
1992_eatdis_deprivation,sub-cb3f_assay-microstructure_cond-deprivaiton.csv,thirds-2,Empty,123,0,123,0,100
1992_eatdis_deprivation,sub-cb3f_assay-microstructure_cond-deprivaiton.csv,time_1,Numeric,123,123,0,100,0
1992_eatdis_deprivation,sub-cb3f_assay-microstructure_cond-deprivaiton.csv,time_2,Numeric,123,123,0,100,0
1992_eatdis_deprivation,sub-cb3f_assay-microstructure_cond-deprivaiton.csv,time_2-1,Empty,123,0,123,0,100
1992_eatdis_deprivation,sub-cb3f_assay-microstructure_cond-deprivaiton.csv,time_2-2,Empty,123,0,123,0,100
1992_eatdis_deprivation,sub-cb3f_assay-microstructure_cond-deprivaiton.csv,trace,Numeric,123,123,0,100,0
1992_eatdis_deprivation,sub-cb3f_assay-microstructure_cond-deprivaiton.csv,trace-2,Empty,123,0,123,0,100
1992_eatdis_deprivation,sub-cba4_assay-microstructure_cond-control.csv,activity,Numeric,192,192,0,100,0
1992_eatdis_deprivation,sub-cba4_assay-microstructure_cond-control.csv,activity-2,Empty,192,0,192,0,100
1992_eatdis_deprivation,sub-cba4_assay-microstructure_cond-control.csv,cond,Categorical,192,192,0,100,0
1992_eatdis_deprivation,sub-cba4_assay-microstructure_cond-control.csv,food,Categorical,192,192,0,100,0
1992_eatdis_deprivation,sub-cba4_assay-microstructure_cond-control.csv,food-2,Empty,192,0,192,0,100
1992_eatdis_deprivation,sub-cba4_assay-microstructure_cond-control.csv,group,Numeric,192,192,0,100,0
1992_eatdis_deprivation,sub-cba4_assay-microstructure_cond-control.csv,group-2,Empty,192,0,192,0,100
1992_eatdis_deprivation,sub-cba4_assay-microstructure_cond-control.csv,id,Categorical,192,192,0,100,0
1992_eatdis_deprivation,sub-cba4_assay-microstructure_cond-control.csv,start,Numeric,192,192,0,100,0
1992_eatdis_deprivation,sub-cba4_assay-microstructure_cond-control.csv,start-2,Empty,192,0,192,0,100
1992_eatdis_deprivation,sub-cba4_assay-microstructure_cond-control.csv,thirds,Categorical,192,192,0,100,0
1992_eatdis_deprivation,sub-cba4_assay-microstructure_cond-control.csv,thirds-2,Empty,192,0,192,0,100
1992_eatdis_deprivation,sub-cba4_assay-microstructure_cond-control.csv,time_1,Numeric,192,192,0,100,0
1992_eatdis_deprivation,sub-cba4_assay-microstructure_cond-control.csv,time_2,Numeric,192,192,0,100,0
1992_eatdis_deprivation,sub-cba4_assay-microstructure_cond-control.csv,time_2-1,Empty,192,0,192,0,100
1992_eatdis_deprivation,sub-cba4_assay-microstructure_cond-control.csv,time_2-2,Empty,192,0,192,0,100
1992_eatdis_deprivation,sub-cba4_assay-microstructure_cond-control.csv,trace,Numeric,192,192,0,100,0
1992_eatdis_deprivation,sub-cba4_assay-microstructure_cond-control.csv,trace-2,Empty,192,0,192,0,100
1992_eatdis_deprivation,sub-cba4_assay-microstructure_cond-deprivaiton.csv,activity,Numeric,188,188,0,100,0
1992_eatdis_deprivation,sub-cba4_assay-microstructure_cond-deprivaiton.csv,activity-2,Empty,188,0,188,0,100
1992_eatdis_deprivation,sub-cba4_assay-microstructure_cond-deprivaiton.csv,cond,Categorical,188,188,0,100,0
1992_eatdis_deprivation,sub-cba4_assay-microstructure_cond-deprivaiton.csv,food,Categorical,188,188,0,100,0
1992_eatdis_deprivation,sub-cba4_assay-microstructure_cond-deprivaiton.csv,food-2,Empty,188,0,188,0,100
1992_eatdis_deprivation,sub-cba4_assay-microstructure_cond-deprivaiton.csv,group,Numeric,188,188,0,100,0
1992_eatdis_deprivation,sub-cba4_assay-microstructure_cond-deprivaiton.csv,group-2,Empty,188,0,188,0,100
1992_eatdis_deprivation,sub-cba4_assay-microstructure_cond-deprivaiton.csv,id,Categorical,188,188,0,100,0
1992_eatdis_deprivation,sub-cba4_assay-microstructure_cond-deprivaiton.csv,start,Numeric,188,188,0,100,0
1992_eatdis_deprivation,sub-cba4_assay-microstructure_cond-deprivaiton.csv,start-2,Empty,188,0,188,0,100
1992_eatdis_deprivation,sub-cba4_assay-microstructure_cond-deprivaiton.csv,thirds,Categorical,188,188,0,100,0
1992_eatdis_deprivation,sub-cba4_assay-microstructure_cond-deprivaiton.csv,thirds-2,Empty,188,0,188,0,100
1992_eatdis_deprivation,sub-cba4_assay-microstructure_cond-deprivaiton.csv,time_1,Numeric,188,188,0,100,0
1992_eatdis_deprivation,sub-cba4_assay-microstructure_cond-deprivaiton.csv,time_2,Numeric,188,188,0,100,0
1992_eatdis_deprivation,sub-cba4_assay-microstructure_cond-deprivaiton.csv,time_2-1,Empty,188,0,188,0,100
1992_eatdis_deprivation,sub-cba4_assay-microstructure_cond-deprivaiton.csv,time_2-2,Empty,188,0,188,0,100
1992_eatdis_deprivation,sub-cba4_assay-microstructure_cond-deprivaiton.csv,trace,Numeric,188,188,0,100,0
1992_eatdis_deprivation,sub-cba4_assay-microstructure_cond-deprivaiton.csv,trace-2,Empty,188,0,188,0,100
1992_eatdis_deprivation,sub-d1b5_assay-microstructure_cond-control.csv,activity,Numeric,192,192,0,100,0
1992_eatdis_deprivation,sub-d1b5_assay-microstructure_cond-control.csv,activity-2,Empty,192,0,192,0,100
1992_eatdis_deprivation,sub-d1b5_assay-microstructure_cond-control.csv,cond,Categorical,192,192,0,100,0
1992_eatdis_deprivation,sub-d1b5_assay-microstructure_cond-control.csv,food,Categorical,192,192,0,100,0
1992_eatdis_deprivation,sub-d1b5_assay-microstructure_cond-control.csv,food-2,Empty,192,0,192,0,100
1992_eatdis_deprivation,sub-d1b5_assay-microstructure_cond-control.csv,group,Numeric,192,192,0,100,0
1992_eatdis_deprivation,sub-d1b5_assay-microstructure_cond-control.csv,group-2,Empty,192,0,192,0,100
1992_eatdis_deprivation,sub-d1b5_assay-microstructure_cond-control.csv,id,Categorical,192,192,0,100,0
1992_eatdis_deprivation,sub-d1b5_assay-microstructure_cond-control.csv,start,Numeric,192,192,0,100,0
1992_eatdis_deprivation,sub-d1b5_assay-microstructure_cond-control.csv,start-2,Empty,192,0,192,0,100
1992_eatdis_deprivation,sub-d1b5_assay-microstructure_cond-control.csv,thirds,Categorical,192,192,0,100,0
1992_eatdis_deprivation,sub-d1b5_assay-microstructure_cond-control.csv,thirds-2,Empty,192,0,192,0,100
1992_eatdis_deprivation,sub-d1b5_assay-microstructure_cond-control.csv,time_1,Numeric,192,192,0,100,0
1992_eatdis_deprivation,sub-d1b5_assay-microstructure_cond-control.csv,time_2,Numeric,192,192,0,100,0
1992_eatdis_deprivation,sub-d1b5_assay-microstructure_cond-control.csv,time_2-1,Empty,192,0,192,0,100
1992_eatdis_deprivation,sub-d1b5_assay-microstructure_cond-control.csv,time_2-2,Empty,192,0,192,0,100
1992_eatdis_deprivation,sub-d1b5_assay-microstructure_cond-control.csv,trace,Numeric,192,192,0,100,0
1992_eatdis_deprivation,sub-d1b5_assay-microstructure_cond-control.csv,trace-2,Empty,192,0,192,0,100
1992_eatdis_deprivation,sub-d1b5_assay-microstructure_cond-deprivaiton.csv,activity,Numeric,188,188,0,100,0
1992_eatdis_deprivation,sub-d1b5_assay-microstructure_cond-deprivaiton.csv,activity-2,Empty,188,0,188,0,100
1992_eatdis_deprivation,sub-d1b5_assay-microstructure_cond-deprivaiton.csv,cond,Categorical,188,188,0,100,0
1992_eatdis_deprivation,sub-d1b5_assay-microstructure_cond-deprivaiton.csv,food,Categorical,188,188,0,100,0
1992_eatdis_deprivation,sub-d1b5_assay-microstructure_cond-deprivaiton.csv,food-2,Empty,188,0,188,0,100
1992_eatdis_deprivation,sub-d1b5_assay-microstructure_cond-deprivaiton.csv,group,Numeric,188,188,0,100,0
1992_eatdis_deprivation,sub-d1b5_assay-microstructure_cond-deprivaiton.csv,group-2,Empty,188,0,188,0,100
1992_eatdis_deprivation,sub-d1b5_assay-microstructure_cond-deprivaiton.csv,id,Categorical,188,188,0,100,0
1992_eatdis_deprivation,sub-d1b5_assay-microstructure_cond-deprivaiton.csv,start,Numeric,188,188,0,100,0
1992_eatdis_deprivation,sub-d1b5_assay-microstructure_cond-deprivaiton.csv,start-2,Empty,188,0,188,0,100
1992_eatdis_deprivation,sub-d1b5_assay-microstructure_cond-deprivaiton.csv,thirds,Categorical,188,188,0,100,0
1992_eatdis_deprivation,sub-d1b5_assay-microstructure_cond-deprivaiton.csv,thirds-2,Empty,188,0,188,0,100
1992_eatdis_deprivation,sub-d1b5_assay-microstructure_cond-deprivaiton.csv,time_1,Numeric,188,188,0,100,0
1992_eatdis_deprivation,sub-d1b5_assay-microstructure_cond-deprivaiton.csv,time_2,Numeric,188,188,0,100,0
1992_eatdis_deprivation,sub-d1b5_assay-microstructure_cond-deprivaiton.csv,time_2-1,Empty,188,0,188,0,100
1992_eatdis_deprivation,sub-d1b5_assay-microstructure_cond-deprivaiton.csv,time_2-2,Empty,188,0,188,0,100
1992_eatdis_deprivation,sub-d1b5_assay-microstructure_cond-deprivaiton.csv,trace,Numeric,188,188,0,100,0
1992_eatdis_deprivation,sub-d1b5_assay-microstructure_cond-deprivaiton.csv,trace-2,Empty,188,0,188,0,100
1992_eatdis_deprivation,sub-d33f_assay-microstructure_cond-control.csv,activity,Numeric,89,89,0,100,0
1992_eatdis_deprivation,sub-d33f_assay-microstructure_cond-control.csv,activity-2,Empty,89,0,89,0,100
1992_eatdis_deprivation,sub-d33f_assay-microstructure_cond-control.csv,cond,Categorical,89,89,0,100,0
1992_eatdis_deprivation,sub-d33f_assay-microstructure_cond-control.csv,food,Categorical,89,89,0,100,0
1992_eatdis_deprivation,sub-d33f_assay-microstructure_cond-control.csv,food-2,Empty,89,0,89,0,100
1992_eatdis_deprivation,sub-d33f_assay-microstructure_cond-control.csv,group,Numeric,89,89,0,100,0
1992_eatdis_deprivation,sub-d33f_assay-microstructure_cond-control.csv,group-2,Empty,89,0,89,0,100
1992_eatdis_deprivation,sub-d33f_assay-microstructure_cond-control.csv,id,Categorical,89,89,0,100,0
1992_eatdis_deprivation,sub-d33f_assay-microstructure_cond-control.csv,start,Numeric,89,89,0,100,0
1992_eatdis_deprivation,sub-d33f_assay-microstructure_cond-control.csv,start-2,Empty,89,0,89,0,100
1992_eatdis_deprivation,sub-d33f_assay-microstructure_cond-control.csv,thirds,Categorical,89,89,0,100,0
1992_eatdis_deprivation,sub-d33f_assay-microstructure_cond-control.csv,thirds-2,Empty,89,0,89,0,100
1992_eatdis_deprivation,sub-d33f_assay-microstructure_cond-control.csv,time_1,Numeric,89,89,0,100,0
1992_eatdis_deprivation,sub-d33f_assay-microstructure_cond-control.csv,time_2,Numeric,89,89,0,100,0
1992_eatdis_deprivation,sub-d33f_assay-microstructure_cond-control.csv,time_2-1,Empty,89,0,89,0,100
1992_eatdis_deprivation,sub-d33f_assay-microstructure_cond-control.csv,time_2-2,Empty,89,0,89,0,100
1992_eatdis_deprivation,sub-d33f_assay-microstructure_cond-control.csv,trace,Numeric,89,89,0,100,0
1992_eatdis_deprivation,sub-d33f_assay-microstructure_cond-control.csv,trace-2,Empty,89,0,89,0,100
1992_eatdis_deprivation,sub-d33f_assay-microstructure_cond-deprivaiton.csv,activity,Numeric,40,40,0,100,0
1992_eatdis_deprivation,sub-d33f_assay-microstructure_cond-deprivaiton.csv,activity-2,Empty,40,0,40,0,100
1992_eatdis_deprivation,sub-d33f_assay-microstructure_cond-deprivaiton.csv,cond,Categorical,40,40,0,100,0
1992_eatdis_deprivation,sub-d33f_assay-microstructure_cond-deprivaiton.csv,food,Categorical,40,40,0,100,0
1992_eatdis_deprivation,sub-d33f_assay-microstructure_cond-deprivaiton.csv,food-2,Empty,40,0,40,0,100
1992_eatdis_deprivation,sub-d33f_assay-microstructure_cond-deprivaiton.csv,group,Numeric,40,40,0,100,0
1992_eatdis_deprivation,sub-d33f_assay-microstructure_cond-deprivaiton.csv,group-2,Empty,40,0,40,0,100
1992_eatdis_deprivation,sub-d33f_assay-microstructure_cond-deprivaiton.csv,id,Categorical,40,40,0,100,0
1992_eatdis_deprivation,sub-d33f_assay-microstructure_cond-deprivaiton.csv,start,Numeric,40,40,0,100,0
1992_eatdis_deprivation,sub-d33f_assay-microstructure_cond-deprivaiton.csv,start-2,Empty,40,0,40,0,100
1992_eatdis_deprivation,sub-d33f_assay-microstructure_cond-deprivaiton.csv,thirds,Categorical,40,40,0,100,0
1992_eatdis_deprivation,sub-d33f_assay-microstructure_cond-deprivaiton.csv,thirds-2,Empty,40,0,40,0,100
1992_eatdis_deprivation,sub-d33f_assay-microstructure_cond-deprivaiton.csv,time_1,Numeric,40,40,0,100,0
1992_eatdis_deprivation,sub-d33f_assay-microstructure_cond-deprivaiton.csv,time_2,Numeric,40,40,0,100,0
1992_eatdis_deprivation,sub-d33f_assay-microstructure_cond-deprivaiton.csv,time_2-1,Empty,40,0,40,0,100
1992_eatdis_deprivation,sub-d33f_assay-microstructure_cond-deprivaiton.csv,time_2-2,Empty,40,0,40,0,100
1992_eatdis_deprivation,sub-d33f_assay-microstructure_cond-deprivaiton.csv,trace,Numeric,40,40,0,100,0
1992_eatdis_deprivation,sub-d33f_assay-microstructure_cond-deprivaiton.csv,trace-2,Empty,40,0,40,0,100
1992_eatdis_deprivation,sub-d379_assay-microstructure_cond-control.csv,activity,Numeric,55,55,0,100,0
1992_eatdis_deprivation,sub-d379_assay-microstructure_cond-control.csv,activity-2,Empty,55,0,55,0,100
1992_eatdis_deprivation,sub-d379_assay-microstructure_cond-control.csv,cond,Categorical,55,55,0,100,0
1992_eatdis_deprivation,sub-d379_assay-microstructure_cond-control.csv,food,Categorical,55,55,0,100,0
1992_eatdis_deprivation,sub-d379_assay-microstructure_cond-control.csv,food-2,Empty,55,0,55,0,100
1992_eatdis_deprivation,sub-d379_assay-microstructure_cond-control.csv,group,Numeric,55,55,0,100,0
1992_eatdis_deprivation,sub-d379_assay-microstructure_cond-control.csv,group-2,Empty,55,0,55,0,100
1992_eatdis_deprivation,sub-d379_assay-microstructure_cond-control.csv,id,Categorical,55,55,0,100,0
1992_eatdis_deprivation,sub-d379_assay-microstructure_cond-control.csv,start,Numeric,55,55,0,100,0
1992_eatdis_deprivation,sub-d379_assay-microstructure_cond-control.csv,start-2,Empty,55,0,55,0,100
1992_eatdis_deprivation,sub-d379_assay-microstructure_cond-control.csv,thirds,Categorical,55,55,0,100,0
1992_eatdis_deprivation,sub-d379_assay-microstructure_cond-control.csv,thirds-2,Empty,55,0,55,0,100
1992_eatdis_deprivation,sub-d379_assay-microstructure_cond-control.csv,time_1,Numeric,55,55,0,100,0
1992_eatdis_deprivation,sub-d379_assay-microstructure_cond-control.csv,time_2,Numeric,55,55,0,100,0
1992_eatdis_deprivation,sub-d379_assay-microstructure_cond-control.csv,time_2-1,Empty,55,0,55,0,100
1992_eatdis_deprivation,sub-d379_assay-microstructure_cond-control.csv,time_2-2,Empty,55,0,55,0,100
1992_eatdis_deprivation,sub-d379_assay-microstructure_cond-control.csv,trace,Numeric,55,55,0,100,0
1992_eatdis_deprivation,sub-d379_assay-microstructure_cond-control.csv,trace-2,Empty,55,0,55,0,100
1992_eatdis_deprivation,sub-d379_assay-microstructure_cond-deprivaiton.csv,activity,Numeric,115,115,0,100,0
1992_eatdis_deprivation,sub-d379_assay-microstructure_cond-deprivaiton.csv,activity-2,Empty,115,0,115,0,100
1992_eatdis_deprivation,sub-d379_assay-microstructure_cond-deprivaiton.csv,cond,Categorical,115,115,0,100,0
1992_eatdis_deprivation,sub-d379_assay-microstructure_cond-deprivaiton.csv,food,Categorical,115,115,0,100,0
1992_eatdis_deprivation,sub-d379_assay-microstructure_cond-deprivaiton.csv,food-2,Empty,115,0,115,0,100
1992_eatdis_deprivation,sub-d379_assay-microstructure_cond-deprivaiton.csv,group,Numeric,115,115,0,100,0
1992_eatdis_deprivation,sub-d379_assay-microstructure_cond-deprivaiton.csv,group-2,Empty,115,0,115,0,100
1992_eatdis_deprivation,sub-d379_assay-microstructure_cond-deprivaiton.csv,id,Categorical,115,115,0,100,0
1992_eatdis_deprivation,sub-d379_assay-microstructure_cond-deprivaiton.csv,start,Numeric,115,115,0,100,0
1992_eatdis_deprivation,sub-d379_assay-microstructure_cond-deprivaiton.csv,start-2,Empty,115,0,115,0,100
1992_eatdis_deprivation,sub-d379_assay-microstructure_cond-deprivaiton.csv,thirds,Categorical,115,115,0,100,0
1992_eatdis_deprivation,sub-d379_assay-microstructure_cond-deprivaiton.csv,thirds-2,Empty,115,0,115,0,100
1992_eatdis_deprivation,sub-d379_assay-microstructure_cond-deprivaiton.csv,time_1,Numeric,115,115,0,100,0
1992_eatdis_deprivation,sub-d379_assay-microstructure_cond-deprivaiton.csv,time_2,Numeric,115,115,0,100,0
1992_eatdis_deprivation,sub-d379_assay-microstructure_cond-deprivaiton.csv,time_2-1,Empty,115,0,115,0,100
1992_eatdis_deprivation,sub-d379_assay-microstructure_cond-deprivaiton.csv,time_2-2,Empty,115,0,115,0,100
1992_eatdis_deprivation,sub-d379_assay-microstructure_cond-deprivaiton.csv,trace,Numeric,115,115,0,100,0
1992_eatdis_deprivation,sub-d379_assay-microstructure_cond-deprivaiton.csv,trace-2,Empty,115,0,115,0,100
1992_eatdis_deprivation,sub-d426_assay-microstructure_cond-control.csv,activity,Numeric,113,113,0,100,0
1992_eatdis_deprivation,sub-d426_assay-microstructure_cond-control.csv,activity-2,Empty,113,0,113,0,100
1992_eatdis_deprivation,sub-d426_assay-microstructure_cond-control.csv,cond,Categorical,113,113,0,100,0
1992_eatdis_deprivation,sub-d426_assay-microstructure_cond-control.csv,food,Categorical,113,113,0,100,0
1992_eatdis_deprivation,sub-d426_assay-microstructure_cond-control.csv,food-2,Empty,113,0,113,0,100
1992_eatdis_deprivation,sub-d426_assay-microstructure_cond-control.csv,id,Categorical,113,113,0,100,0
1992_eatdis_deprivation,sub-d426_assay-microstructure_cond-control.csv,start,Numeric,113,113,0,100,0
1992_eatdis_deprivation,sub-d426_assay-microstructure_cond-control.csv,start-2,Empty,113,0,113,0,100
1992_eatdis_deprivation,sub-d426_assay-microstructure_cond-control.csv,time_1,Numeric,113,113,0,100,0
1992_eatdis_deprivation,sub-d426_assay-microstructure_cond-control.csv,time_2,Numeric,113,113,0,100,0
1992_eatdis_deprivation,sub-d426_assay-microstructure_cond-control.csv,time_2-1,Empty,113,0,113,0,100
1992_eatdis_deprivation,sub-d426_assay-microstructure_cond-control.csv,time_2-2,Empty,113,0,113,0,100
1992_eatdis_deprivation,sub-d426_assay-microstructure_cond-control.csv,trace,Numeric,113,113,0,100,0
1992_eatdis_deprivation,sub-d426_assay-microstructure_cond-control.csv,trace-2,Empty,113,0,113,0,100
1992_eatdis_deprivation,sub-d426_assay-microstructure_cond-deprivaiton.csv,activity,Numeric,185,185,0,100,0
1992_eatdis_deprivation,sub-d426_assay-microstructure_cond-deprivaiton.csv,activity-2,Empty,185,0,185,0,100
1992_eatdis_deprivation,sub-d426_assay-microstructure_cond-deprivaiton.csv,cond,Categorical,185,185,0,100,0
1992_eatdis_deprivation,sub-d426_assay-microstructure_cond-deprivaiton.csv,food,Categorical,185,185,0,100,0
1992_eatdis_deprivation,sub-d426_assay-microstructure_cond-deprivaiton.csv,food-2,Empty,185,0,185,0,100
1992_eatdis_deprivation,sub-d426_assay-microstructure_cond-deprivaiton.csv,group,Numeric,185,185,0,100,0
1992_eatdis_deprivation,sub-d426_assay-microstructure_cond-deprivaiton.csv,group-2,Empty,185,0,185,0,100
1992_eatdis_deprivation,sub-d426_assay-microstructure_cond-deprivaiton.csv,id,Categorical,185,185,0,100,0
1992_eatdis_deprivation,sub-d426_assay-microstructure_cond-deprivaiton.csv,start,Numeric,185,185,0,100,0
1992_eatdis_deprivation,sub-d426_assay-microstructure_cond-deprivaiton.csv,start-2,Empty,185,0,185,0,100
1992_eatdis_deprivation,sub-d426_assay-microstructure_cond-deprivaiton.csv,time_1,Numeric,185,185,0,100,0
1992_eatdis_deprivation,sub-d426_assay-microstructure_cond-deprivaiton.csv,time_2,Numeric,185,185,0,100,0
1992_eatdis_deprivation,sub-d426_assay-microstructure_cond-deprivaiton.csv,time_2-1,Empty,185,0,185,0,100
1992_eatdis_deprivation,sub-d426_assay-microstructure_cond-deprivaiton.csv,time_2-2,Empty,185,0,185,0,100
1992_eatdis_deprivation,sub-d426_assay-microstructure_cond-deprivaiton.csv,trace,Numeric,185,185,0,100,0
1992_eatdis_deprivation,sub-d426_assay-microstructure_cond-deprivaiton.csv,trace-2,Empty,185,0,185,0,100
1992_eatdis_deprivation,sub-d706_assay-microstructure_cond-control.csv,activity,Numeric,137,137,0,100,0
1992_eatdis_deprivation,sub-d706_assay-microstructure_cond-control.csv,activity-2,Empty,137,0,137,0,100
1992_eatdis_deprivation,sub-d706_assay-microstructure_cond-control.csv,cond,Categorical,137,137,0,100,0
1992_eatdis_deprivation,sub-d706_assay-microstructure_cond-control.csv,food,Categorical,137,137,0,100,0
1992_eatdis_deprivation,sub-d706_assay-microstructure_cond-control.csv,food-2,Empty,137,0,137,0,100
1992_eatdis_deprivation,sub-d706_assay-microstructure_cond-control.csv,group,Numeric,137,137,0,100,0
1992_eatdis_deprivation,sub-d706_assay-microstructure_cond-control.csv,group-2,Empty,137,0,137,0,100
1992_eatdis_deprivation,sub-d706_assay-microstructure_cond-control.csv,id,Categorical,137,137,0,100,0
1992_eatdis_deprivation,sub-d706_assay-microstructure_cond-control.csv,start,Numeric,137,137,0,100,0
1992_eatdis_deprivation,sub-d706_assay-microstructure_cond-control.csv,start-2,Empty,137,0,137,0,100
1992_eatdis_deprivation,sub-d706_assay-microstructure_cond-control.csv,thirds,Categorical,137,137,0,100,0
1992_eatdis_deprivation,sub-d706_assay-microstructure_cond-control.csv,thirds-2,Empty,137,0,137,0,100
1992_eatdis_deprivation,sub-d706_assay-microstructure_cond-control.csv,time_1,Numeric,137,137,0,100,0
1992_eatdis_deprivation,sub-d706_assay-microstructure_cond-control.csv,time_2,Numeric,137,137,0,100,0
1992_eatdis_deprivation,sub-d706_assay-microstructure_cond-control.csv,time_2-1,Empty,137,0,137,0,100
1992_eatdis_deprivation,sub-d706_assay-microstructure_cond-control.csv,time_2-2,Empty,137,0,137,0,100
1992_eatdis_deprivation,sub-d706_assay-microstructure_cond-control.csv,trace,Numeric,137,137,0,100,0
1992_eatdis_deprivation,sub-d706_assay-microstructure_cond-control.csv,trace-2,Empty,137,0,137,0,100
1992_eatdis_deprivation,sub-d706_assay-microstructure_cond-deprivaiton.csv,activity,Numeric,157,157,0,100,0
1992_eatdis_deprivation,sub-d706_assay-microstructure_cond-deprivaiton.csv,activity-2,Empty,157,0,157,0,100
1992_eatdis_deprivation,sub-d706_assay-microstructure_cond-deprivaiton.csv,cond,Categorical,157,157,0,100,0
1992_eatdis_deprivation,sub-d706_assay-microstructure_cond-deprivaiton.csv,food,Categorical,157,157,0,100,0
1992_eatdis_deprivation,sub-d706_assay-microstructure_cond-deprivaiton.csv,food-2,Empty,157,0,157,0,100
1992_eatdis_deprivation,sub-d706_assay-microstructure_cond-deprivaiton.csv,group,Numeric,157,157,0,100,0
1992_eatdis_deprivation,sub-d706_assay-microstructure_cond-deprivaiton.csv,group-2,Empty,157,0,157,0,100
1992_eatdis_deprivation,sub-d706_assay-microstructure_cond-deprivaiton.csv,id,Categorical,157,157,0,100,0
1992_eatdis_deprivation,sub-d706_assay-microstructure_cond-deprivaiton.csv,start,Numeric,157,157,0,100,0
1992_eatdis_deprivation,sub-d706_assay-microstructure_cond-deprivaiton.csv,start-2,Empty,157,0,157,0,100
1992_eatdis_deprivation,sub-d706_assay-microstructure_cond-deprivaiton.csv,thirds,Categorical,157,157,0,100,0
1992_eatdis_deprivation,sub-d706_assay-microstructure_cond-deprivaiton.csv,thirds-2,Empty,157,0,157,0,100
1992_eatdis_deprivation,sub-d706_assay-microstructure_cond-deprivaiton.csv,time_1,Numeric,157,157,0,100,0
1992_eatdis_deprivation,sub-d706_assay-microstructure_cond-deprivaiton.csv,time_2,Numeric,157,157,0,100,0
1992_eatdis_deprivation,sub-d706_assay-microstructure_cond-deprivaiton.csv,time_2-1,Empty,157,0,157,0,100
1992_eatdis_deprivation,sub-d706_assay-microstructure_cond-deprivaiton.csv,time_2-2,Empty,157,0,157,0,100
1992_eatdis_deprivation,sub-d706_assay-microstructure_cond-deprivaiton.csv,trace,Numeric,157,157,0,100,0
1992_eatdis_deprivation,sub-d706_assay-microstructure_cond-deprivaiton.csv,trace-2,Empty,157,0,157,0,100
1992_eatdis_deprivation,sub-dc6d_assay-microstructure_cond-control.csv,activity,Numeric,28,28,0,100,0
1992_eatdis_deprivation,sub-dc6d_assay-microstructure_cond-control.csv,activity-2,Empty,28,0,28,0,100
1992_eatdis_deprivation,sub-dc6d_assay-microstructure_cond-control.csv,cond,Categorical,28,28,0,100,0
1992_eatdis_deprivation,sub-dc6d_assay-microstructure_cond-control.csv,food,Categorical,28,28,0,100,0
1992_eatdis_deprivation,sub-dc6d_assay-microstructure_cond-control.csv,food-2,Empty,28,0,28,0,100
1992_eatdis_deprivation,sub-dc6d_assay-microstructure_cond-control.csv,group,Numeric,28,28,0,100,0
1992_eatdis_deprivation,sub-dc6d_assay-microstructure_cond-control.csv,group-2,Empty,28,0,28,0,100
1992_eatdis_deprivation,sub-dc6d_assay-microstructure_cond-control.csv,id,Categorical,28,28,0,100,0
1992_eatdis_deprivation,sub-dc6d_assay-microstructure_cond-control.csv,start,Numeric,28,28,0,100,0
1992_eatdis_deprivation,sub-dc6d_assay-microstructure_cond-control.csv,start-2,Empty,28,0,28,0,100
1992_eatdis_deprivation,sub-dc6d_assay-microstructure_cond-control.csv,thirds,Categorical,28,28,0,100,0
1992_eatdis_deprivation,sub-dc6d_assay-microstructure_cond-control.csv,thirds-2,Empty,28,0,28,0,100
1992_eatdis_deprivation,sub-dc6d_assay-microstructure_cond-control.csv,time_1,Numeric,28,28,0,100,0
1992_eatdis_deprivation,sub-dc6d_assay-microstructure_cond-control.csv,time_2,Numeric,28,28,0,100,0
1992_eatdis_deprivation,sub-dc6d_assay-microstructure_cond-control.csv,time_2-1,Empty,28,0,28,0,100
1992_eatdis_deprivation,sub-dc6d_assay-microstructure_cond-control.csv,time_2-2,Empty,28,0,28,0,100
1992_eatdis_deprivation,sub-dc6d_assay-microstructure_cond-control.csv,trace,Numeric,28,28,0,100,0
1992_eatdis_deprivation,sub-dc6d_assay-microstructure_cond-control.csv,trace-2,Empty,28,0,28,0,100
1992_eatdis_deprivation,sub-dc6d_assay-microstructure_cond-deprivaiton.csv,activity,Numeric,21,21,0,100,0
1992_eatdis_deprivation,sub-dc6d_assay-microstructure_cond-deprivaiton.csv,activity-2,Empty,21,0,21,0,100
1992_eatdis_deprivation,sub-dc6d_assay-microstructure_cond-deprivaiton.csv,cond,Categorical,21,21,0,100,0
1992_eatdis_deprivation,sub-dc6d_assay-microstructure_cond-deprivaiton.csv,food,Categorical,21,21,0,100,0
1992_eatdis_deprivation,sub-dc6d_assay-microstructure_cond-deprivaiton.csv,food-2,Empty,21,0,21,0,100
1992_eatdis_deprivation,sub-dc6d_assay-microstructure_cond-deprivaiton.csv,group,Numeric,21,21,0,100,0
1992_eatdis_deprivation,sub-dc6d_assay-microstructure_cond-deprivaiton.csv,group-2,Empty,21,0,21,0,100
1992_eatdis_deprivation,sub-dc6d_assay-microstructure_cond-deprivaiton.csv,id,Categorical,21,21,0,100,0
1992_eatdis_deprivation,sub-dc6d_assay-microstructure_cond-deprivaiton.csv,start,Numeric,21,21,0,100,0
1992_eatdis_deprivation,sub-dc6d_assay-microstructure_cond-deprivaiton.csv,start-2,Empty,21,0,21,0,100
1992_eatdis_deprivation,sub-dc6d_assay-microstructure_cond-deprivaiton.csv,thirds,Categorical,21,21,0,100,0
1992_eatdis_deprivation,sub-dc6d_assay-microstructure_cond-deprivaiton.csv,thirds-2,Empty,21,0,21,0,100
1992_eatdis_deprivation,sub-dc6d_assay-microstructure_cond-deprivaiton.csv,time_1,Numeric,21,21,0,100,0
1992_eatdis_deprivation,sub-dc6d_assay-microstructure_cond-deprivaiton.csv,time_2,Numeric,21,21,0,100,0
1992_eatdis_deprivation,sub-dc6d_assay-microstructure_cond-deprivaiton.csv,time_2-1,Empty,21,0,21,0,100
1992_eatdis_deprivation,sub-dc6d_assay-microstructure_cond-deprivaiton.csv,time_2-2,Empty,21,0,21,0,100
1992_eatdis_deprivation,sub-dc6d_assay-microstructure_cond-deprivaiton.csv,trace,Numeric,21,21,0,100,0
1992_eatdis_deprivation,sub-dc6d_assay-microstructure_cond-deprivaiton.csv,trace-2,Empty,21,0,21,0,100
1992_eatdis_deprivation,sub-de79_assay-microstructure_cond-control.csv,activity,Numeric,131,131,0,100,0
1992_eatdis_deprivation,sub-de79_assay-microstructure_cond-control.csv,activity-2,Numeric,131,1,130,0.76,99.24
1992_eatdis_deprivation,sub-de79_assay-microstructure_cond-control.csv,cond,Categorical,131,131,0,100,0
1992_eatdis_deprivation,sub-de79_assay-microstructure_cond-control.csv,food,Categorical,131,131,0,100,0
1992_eatdis_deprivation,sub-de79_assay-microstructure_cond-control.csv,food-2,Empty,131,0,131,0,100
1992_eatdis_deprivation,sub-de79_assay-microstructure_cond-control.csv,group,Numeric,131,131,0,100,0
1992_eatdis_deprivation,sub-de79_assay-microstructure_cond-control.csv,group-2,Numeric,131,1,130,0.76,99.24
1992_eatdis_deprivation,sub-de79_assay-microstructure_cond-control.csv,id,Categorical,131,131,0,100,0
1992_eatdis_deprivation,sub-de79_assay-microstructure_cond-control.csv,start,Numeric,131,131,0,100,0
1992_eatdis_deprivation,sub-de79_assay-microstructure_cond-control.csv,start-2,Numeric,131,1,130,0.76,99.24
1992_eatdis_deprivation,sub-de79_assay-microstructure_cond-control.csv,thirds,Categorical,131,131,0,100,0
1992_eatdis_deprivation,sub-de79_assay-microstructure_cond-control.csv,thirds-2,Empty,131,0,131,0,100
1992_eatdis_deprivation,sub-de79_assay-microstructure_cond-control.csv,time_1,Numeric,131,131,0,100,0
1992_eatdis_deprivation,sub-de79_assay-microstructure_cond-control.csv,time_2,Numeric,131,131,0,100,0
1992_eatdis_deprivation,sub-de79_assay-microstructure_cond-control.csv,time_2-1,Numeric,131,1,130,0.76,99.24
1992_eatdis_deprivation,sub-de79_assay-microstructure_cond-control.csv,time_2-2,Empty,131,0,131,0,100
1992_eatdis_deprivation,sub-de79_assay-microstructure_cond-control.csv,trace,Numeric,131,131,0,100,0
1992_eatdis_deprivation,sub-de79_assay-microstructure_cond-control.csv,trace-2,Numeric,131,1,130,0.76,99.24
1992_eatdis_deprivation,sub-de79_assay-microstructure_cond-deprivaiton.csv,activity,Numeric,187,187,0,100,0
1992_eatdis_deprivation,sub-de79_assay-microstructure_cond-deprivaiton.csv,activity-2,Empty,187,0,187,0,100
1992_eatdis_deprivation,sub-de79_assay-microstructure_cond-deprivaiton.csv,cond,Categorical,187,187,0,100,0
1992_eatdis_deprivation,sub-de79_assay-microstructure_cond-deprivaiton.csv,food,Categorical,187,187,0,100,0
1992_eatdis_deprivation,sub-de79_assay-microstructure_cond-deprivaiton.csv,food-2,Empty,187,0,187,0,100
1992_eatdis_deprivation,sub-de79_assay-microstructure_cond-deprivaiton.csv,group,Numeric,187,187,0,100,0
1992_eatdis_deprivation,sub-de79_assay-microstructure_cond-deprivaiton.csv,group-2,Empty,187,0,187,0,100
1992_eatdis_deprivation,sub-de79_assay-microstructure_cond-deprivaiton.csv,id,Categorical,187,187,0,100,0
1992_eatdis_deprivation,sub-de79_assay-microstructure_cond-deprivaiton.csv,start,Numeric,187,187,0,100,0
1992_eatdis_deprivation,sub-de79_assay-microstructure_cond-deprivaiton.csv,start-2,Empty,187,0,187,0,100
1992_eatdis_deprivation,sub-de79_assay-microstructure_cond-deprivaiton.csv,thirds,Categorical,187,187,0,100,0
1992_eatdis_deprivation,sub-de79_assay-microstructure_cond-deprivaiton.csv,thirds-2,Empty,187,0,187,0,100
1992_eatdis_deprivation,sub-de79_assay-microstructure_cond-deprivaiton.csv,time_1,Numeric,187,187,0,100,0
1992_eatdis_deprivation,sub-de79_assay-microstructure_cond-deprivaiton.csv,time_2,Numeric,187,187,0,100,0
1992_eatdis_deprivation,sub-de79_assay-microstructure_cond-deprivaiton.csv,time_2-1,Empty,187,0,187,0,100
1992_eatdis_deprivation,sub-de79_assay-microstructure_cond-deprivaiton.csv,time_2-2,Empty,187,0,187,0,100
1992_eatdis_deprivation,sub-de79_assay-microstructure_cond-deprivaiton.csv,trace,Numeric,187,187,0,100,0
1992_eatdis_deprivation,sub-de79_assay-microstructure_cond-deprivaiton.csv,trace-2,Empty,187,0,187,0,100
1992_eatdis_deprivation,sub-df5d_assay-microstructure_cond-control.csv,activity,Numeric,55,55,0,100,0
1992_eatdis_deprivation,sub-df5d_assay-microstructure_cond-control.csv,activity-2,Empty,55,0,55,0,100
1992_eatdis_deprivation,sub-df5d_assay-microstructure_cond-control.csv,cond,Categorical,55,55,0,100,0
1992_eatdis_deprivation,sub-df5d_assay-microstructure_cond-control.csv,food,Categorical,55,55,0,100,0
1992_eatdis_deprivation,sub-df5d_assay-microstructure_cond-control.csv,food-2,Empty,55,0,55,0,100
1992_eatdis_deprivation,sub-df5d_assay-microstructure_cond-control.csv,group,Numeric,55,55,0,100,0
1992_eatdis_deprivation,sub-df5d_assay-microstructure_cond-control.csv,group-2,Empty,55,0,55,0,100
1992_eatdis_deprivation,sub-df5d_assay-microstructure_cond-control.csv,id,Categorical,55,55,0,100,0
1992_eatdis_deprivation,sub-df5d_assay-microstructure_cond-control.csv,start,Numeric,55,55,0,100,0
1992_eatdis_deprivation,sub-df5d_assay-microstructure_cond-control.csv,start-2,Empty,55,0,55,0,100
1992_eatdis_deprivation,sub-df5d_assay-microstructure_cond-control.csv,thirds,Categorical,55,55,0,100,0
1992_eatdis_deprivation,sub-df5d_assay-microstructure_cond-control.csv,thirds-2,Empty,55,0,55,0,100
1992_eatdis_deprivation,sub-df5d_assay-microstructure_cond-control.csv,time_1,Numeric,55,55,0,100,0
1992_eatdis_deprivation,sub-df5d_assay-microstructure_cond-control.csv,time_2,Numeric,55,55,0,100,0
1992_eatdis_deprivation,sub-df5d_assay-microstructure_cond-control.csv,time_2-1,Empty,55,0,55,0,100
1992_eatdis_deprivation,sub-df5d_assay-microstructure_cond-control.csv,time_2-2,Empty,55,0,55,0,100
1992_eatdis_deprivation,sub-df5d_assay-microstructure_cond-control.csv,trace,Numeric,55,55,0,100,0
1992_eatdis_deprivation,sub-df5d_assay-microstructure_cond-control.csv,trace-2,Empty,55,0,55,0,100
1992_eatdis_deprivation,sub-df5d_assay-microstructure_cond-deprivaiton.csv,activity,Numeric,115,115,0,100,0
1992_eatdis_deprivation,sub-df5d_assay-microstructure_cond-deprivaiton.csv,activity-2,Empty,115,0,115,0,100
1992_eatdis_deprivation,sub-df5d_assay-microstructure_cond-deprivaiton.csv,cond,Categorical,115,115,0,100,0
1992_eatdis_deprivation,sub-df5d_assay-microstructure_cond-deprivaiton.csv,food,Categorical,115,115,0,100,0
1992_eatdis_deprivation,sub-df5d_assay-microstructure_cond-deprivaiton.csv,food-2,Empty,115,0,115,0,100
1992_eatdis_deprivation,sub-df5d_assay-microstructure_cond-deprivaiton.csv,group,Numeric,115,115,0,100,0
1992_eatdis_deprivation,sub-df5d_assay-microstructure_cond-deprivaiton.csv,group-2,Empty,115,0,115,0,100
1992_eatdis_deprivation,sub-df5d_assay-microstructure_cond-deprivaiton.csv,id,Categorical,115,115,0,100,0
1992_eatdis_deprivation,sub-df5d_assay-microstructure_cond-deprivaiton.csv,start,Numeric,115,115,0,100,0
1992_eatdis_deprivation,sub-df5d_assay-microstructure_cond-deprivaiton.csv,start-2,Empty,115,0,115,0,100
1992_eatdis_deprivation,sub-df5d_assay-microstructure_cond-deprivaiton.csv,thirds,Categorical,115,115,0,100,0
1992_eatdis_deprivation,sub-df5d_assay-microstructure_cond-deprivaiton.csv,thirds-2,Empty,115,0,115,0,100
1992_eatdis_deprivation,sub-df5d_assay-microstructure_cond-deprivaiton.csv,time_1,Numeric,115,115,0,100,0
1992_eatdis_deprivation,sub-df5d_assay-microstructure_cond-deprivaiton.csv,time_2,Numeric,115,115,0,100,0
1992_eatdis_deprivation,sub-df5d_assay-microstructure_cond-deprivaiton.csv,time_2-1,Empty,115,0,115,0,100
1992_eatdis_deprivation,sub-df5d_assay-microstructure_cond-deprivaiton.csv,time_2-2,Empty,115,0,115,0,100
1992_eatdis_deprivation,sub-df5d_assay-microstructure_cond-deprivaiton.csv,trace,Numeric,115,115,0,100,0
1992_eatdis_deprivation,sub-df5d_assay-microstructure_cond-deprivaiton.csv,trace-2,Empty,115,0,115,0,100
1992_eatdis_deprivation,sub-e3c3_assay-microstructure_cond-control.csv,activity,Numeric,180,180,0,100,0
1992_eatdis_deprivation,sub-e3c3_assay-microstructure_cond-control.csv,activity-2,Empty,180,0,180,0,100
1992_eatdis_deprivation,sub-e3c3_assay-microstructure_cond-control.csv,cond,Categorical,180,180,0,100,0
1992_eatdis_deprivation,sub-e3c3_assay-microstructure_cond-control.csv,food,Categorical,180,180,0,100,0
1992_eatdis_deprivation,sub-e3c3_assay-microstructure_cond-control.csv,food-2,Empty,180,0,180,0,100
1992_eatdis_deprivation,sub-e3c3_assay-microstructure_cond-control.csv,group,Numeric,180,180,0,100,0
1992_eatdis_deprivation,sub-e3c3_assay-microstructure_cond-control.csv,group-2,Empty,180,0,180,0,100
1992_eatdis_deprivation,sub-e3c3_assay-microstructure_cond-control.csv,id,Categorical,180,180,0,100,0
1992_eatdis_deprivation,sub-e3c3_assay-microstructure_cond-control.csv,start,Numeric,180,180,0,100,0
1992_eatdis_deprivation,sub-e3c3_assay-microstructure_cond-control.csv,start-2,Empty,180,0,180,0,100
1992_eatdis_deprivation,sub-e3c3_assay-microstructure_cond-control.csv,thirds,Categorical,180,180,0,100,0
1992_eatdis_deprivation,sub-e3c3_assay-microstructure_cond-control.csv,thirds-2,Empty,180,0,180,0,100
1992_eatdis_deprivation,sub-e3c3_assay-microstructure_cond-control.csv,time_1,Numeric,180,180,0,100,0
1992_eatdis_deprivation,sub-e3c3_assay-microstructure_cond-control.csv,time_2,Numeric,180,180,0,100,0
1992_eatdis_deprivation,sub-e3c3_assay-microstructure_cond-control.csv,time_2-1,Empty,180,0,180,0,100
1992_eatdis_deprivation,sub-e3c3_assay-microstructure_cond-control.csv,time_2-2,Empty,180,0,180,0,100
1992_eatdis_deprivation,sub-e3c3_assay-microstructure_cond-control.csv,trace,Numeric,180,180,0,100,0
1992_eatdis_deprivation,sub-e3c3_assay-microstructure_cond-control.csv,trace-2,Empty,180,0,180,0,100
1992_eatdis_deprivation,sub-e3c3_assay-microstructure_cond-deprivaiton.csv,activity,Numeric,184,184,0,100,0
1992_eatdis_deprivation,sub-e3c3_assay-microstructure_cond-deprivaiton.csv,activity-2,Empty,184,0,184,0,100
1992_eatdis_deprivation,sub-e3c3_assay-microstructure_cond-deprivaiton.csv,cond,Categorical,184,184,0,100,0
1992_eatdis_deprivation,sub-e3c3_assay-microstructure_cond-deprivaiton.csv,food,Categorical,184,184,0,100,0
1992_eatdis_deprivation,sub-e3c3_assay-microstructure_cond-deprivaiton.csv,food-2,Empty,184,0,184,0,100
1992_eatdis_deprivation,sub-e3c3_assay-microstructure_cond-deprivaiton.csv,group,Numeric,184,184,0,100,0
1992_eatdis_deprivation,sub-e3c3_assay-microstructure_cond-deprivaiton.csv,group-2,Empty,184,0,184,0,100
1992_eatdis_deprivation,sub-e3c3_assay-microstructure_cond-deprivaiton.csv,id,Categorical,184,184,0,100,0
1992_eatdis_deprivation,sub-e3c3_assay-microstructure_cond-deprivaiton.csv,start,Numeric,184,184,0,100,0
1992_eatdis_deprivation,sub-e3c3_assay-microstructure_cond-deprivaiton.csv,start-2,Empty,184,0,184,0,100
1992_eatdis_deprivation,sub-e3c3_assay-microstructure_cond-deprivaiton.csv,thirds,Categorical,184,184,0,100,0
1992_eatdis_deprivation,sub-e3c3_assay-microstructure_cond-deprivaiton.csv,thirds-2,Empty,184,0,184,0,100
1992_eatdis_deprivation,sub-e3c3_assay-microstructure_cond-deprivaiton.csv,time_1,Numeric,184,184,0,100,0
1992_eatdis_deprivation,sub-e3c3_assay-microstructure_cond-deprivaiton.csv,time_2,Numeric,184,184,0,100,0
1992_eatdis_deprivation,sub-e3c3_assay-microstructure_cond-deprivaiton.csv,time_2-1,Empty,184,0,184,0,100
1992_eatdis_deprivation,sub-e3c3_assay-microstructure_cond-deprivaiton.csv,time_2-2,Empty,184,0,184,0,100
1992_eatdis_deprivation,sub-e3c3_assay-microstructure_cond-deprivaiton.csv,trace,Numeric,184,184,0,100,0
1992_eatdis_deprivation,sub-e3c3_assay-microstructure_cond-deprivaiton.csv,trace-2,Empty,184,0,184,0,100
1992_eatdis_deprivation,sub-e7ac_assay-microstructure_cond-control.csv,activity,Numeric,91,91,0,100,0
1992_eatdis_deprivation,sub-e7ac_assay-microstructure_cond-control.csv,activity-2,Empty,91,0,91,0,100
1992_eatdis_deprivation,sub-e7ac_assay-microstructure_cond-control.csv,cond,Categorical,91,91,0,100,0
1992_eatdis_deprivation,sub-e7ac_assay-microstructure_cond-control.csv,food,Categorical,91,91,0,100,0
1992_eatdis_deprivation,sub-e7ac_assay-microstructure_cond-control.csv,food-2,Empty,91,0,91,0,100
1992_eatdis_deprivation,sub-e7ac_assay-microstructure_cond-control.csv,group,Numeric,91,91,0,100,0
1992_eatdis_deprivation,sub-e7ac_assay-microstructure_cond-control.csv,group-2,Empty,91,0,91,0,100
1992_eatdis_deprivation,sub-e7ac_assay-microstructure_cond-control.csv,id,Categorical,91,91,0,100,0
1992_eatdis_deprivation,sub-e7ac_assay-microstructure_cond-control.csv,start,Numeric,91,91,0,100,0
1992_eatdis_deprivation,sub-e7ac_assay-microstructure_cond-control.csv,start-2,Empty,91,0,91,0,100
1992_eatdis_deprivation,sub-e7ac_assay-microstructure_cond-control.csv,thirds,Categorical,91,91,0,100,0
1992_eatdis_deprivation,sub-e7ac_assay-microstructure_cond-control.csv,thirds-2,Empty,91,0,91,0,100
1992_eatdis_deprivation,sub-e7ac_assay-microstructure_cond-control.csv,time_1,Numeric,91,91,0,100,0
1992_eatdis_deprivation,sub-e7ac_assay-microstructure_cond-control.csv,time_2,Numeric,91,91,0,100,0
1992_eatdis_deprivation,sub-e7ac_assay-microstructure_cond-control.csv,time_2-1,Empty,91,0,91,0,100
1992_eatdis_deprivation,sub-e7ac_assay-microstructure_cond-control.csv,time_2-2,Empty,91,0,91,0,100
1992_eatdis_deprivation,sub-e7ac_assay-microstructure_cond-control.csv,trace,Numeric,91,91,0,100,0
1992_eatdis_deprivation,sub-e7ac_assay-microstructure_cond-control.csv,trace-2,Empty,91,0,91,0,100
1992_eatdis_deprivation,sub-e7ac_assay-microstructure_cond-deprivaiton.csv,activity,Numeric,90,90,0,100,0
1992_eatdis_deprivation,sub-e7ac_assay-microstructure_cond-deprivaiton.csv,activity-2,Empty,90,0,90,0,100
1992_eatdis_deprivation,sub-e7ac_assay-microstructure_cond-deprivaiton.csv,cond,Categorical,90,90,0,100,0
1992_eatdis_deprivation,sub-e7ac_assay-microstructure_cond-deprivaiton.csv,food,Categorical,90,90,0,100,0
1992_eatdis_deprivation,sub-e7ac_assay-microstructure_cond-deprivaiton.csv,food-2,Empty,90,0,90,0,100
1992_eatdis_deprivation,sub-e7ac_assay-microstructure_cond-deprivaiton.csv,group,Numeric,90,90,0,100,0
1992_eatdis_deprivation,sub-e7ac_assay-microstructure_cond-deprivaiton.csv,group-2,Empty,90,0,90,0,100
1992_eatdis_deprivation,sub-e7ac_assay-microstructure_cond-deprivaiton.csv,id,Categorical,90,90,0,100,0
1992_eatdis_deprivation,sub-e7ac_assay-microstructure_cond-deprivaiton.csv,start,Numeric,90,90,0,100,0
1992_eatdis_deprivation,sub-e7ac_assay-microstructure_cond-deprivaiton.csv,start-2,Empty,90,0,90,0,100
1992_eatdis_deprivation,sub-e7ac_assay-microstructure_cond-deprivaiton.csv,thirds,Categorical,90,90,0,100,0
1992_eatdis_deprivation,sub-e7ac_assay-microstructure_cond-deprivaiton.csv,thirds-2,Empty,90,0,90,0,100
1992_eatdis_deprivation,sub-e7ac_assay-microstructure_cond-deprivaiton.csv,time_1,Numeric,90,90,0,100,0
1992_eatdis_deprivation,sub-e7ac_assay-microstructure_cond-deprivaiton.csv,time_2,Numeric,90,90,0,100,0
1992_eatdis_deprivation,sub-e7ac_assay-microstructure_cond-deprivaiton.csv,time_2-1,Empty,90,0,90,0,100
1992_eatdis_deprivation,sub-e7ac_assay-microstructure_cond-deprivaiton.csv,time_2-2,Empty,90,0,90,0,100
1992_eatdis_deprivation,sub-e7ac_assay-microstructure_cond-deprivaiton.csv,trace,Numeric,90,90,0,100,0
1992_eatdis_deprivation,sub-e7ac_assay-microstructure_cond-deprivaiton.csv,trace-2,Empty,90,0,90,0,100
1992_eatdis_deprivation,sub-e874_assay-microstructure_cond-control.csv,activity,Numeric,97,97,0,100,0
1992_eatdis_deprivation,sub-e874_assay-microstructure_cond-control.csv,activity-2,Empty,97,0,97,0,100
1992_eatdis_deprivation,sub-e874_assay-microstructure_cond-control.csv,cond,Categorical,97,97,0,100,0
1992_eatdis_deprivation,sub-e874_assay-microstructure_cond-control.csv,food,Categorical,97,97,0,100,0
1992_eatdis_deprivation,sub-e874_assay-microstructure_cond-control.csv,food-2,Empty,97,0,97,0,100
1992_eatdis_deprivation,sub-e874_assay-microstructure_cond-control.csv,group,Numeric,97,97,0,100,0
1992_eatdis_deprivation,sub-e874_assay-microstructure_cond-control.csv,group-2,Empty,97,0,97,0,100
1992_eatdis_deprivation,sub-e874_assay-microstructure_cond-control.csv,id,Categorical,97,97,0,100,0
1992_eatdis_deprivation,sub-e874_assay-microstructure_cond-control.csv,start,Numeric,97,97,0,100,0
1992_eatdis_deprivation,sub-e874_assay-microstructure_cond-control.csv,start-2,Empty,97,0,97,0,100
1992_eatdis_deprivation,sub-e874_assay-microstructure_cond-control.csv,thirds,Categorical,97,97,0,100,0
1992_eatdis_deprivation,sub-e874_assay-microstructure_cond-control.csv,thirds-2,Empty,97,0,97,0,100
1992_eatdis_deprivation,sub-e874_assay-microstructure_cond-control.csv,time_1,Numeric,97,97,0,100,0
1992_eatdis_deprivation,sub-e874_assay-microstructure_cond-control.csv,time_2,Numeric,97,97,0,100,0
1992_eatdis_deprivation,sub-e874_assay-microstructure_cond-control.csv,time_2-1,Empty,97,0,97,0,100
1992_eatdis_deprivation,sub-e874_assay-microstructure_cond-control.csv,time_2-2,Empty,97,0,97,0,100
1992_eatdis_deprivation,sub-e874_assay-microstructure_cond-control.csv,trace,Numeric,97,97,0,100,0
1992_eatdis_deprivation,sub-e874_assay-microstructure_cond-control.csv,trace-2,Empty,97,0,97,0,100
1992_eatdis_deprivation,sub-e874_assay-microstructure_cond-deprivaiton.csv,activity,Numeric,117,117,0,100,0
1992_eatdis_deprivation,sub-e874_assay-microstructure_cond-deprivaiton.csv,activity-2,Empty,117,0,117,0,100
1992_eatdis_deprivation,sub-e874_assay-microstructure_cond-deprivaiton.csv,cond,Categorical,117,117,0,100,0
1992_eatdis_deprivation,sub-e874_assay-microstructure_cond-deprivaiton.csv,food,Categorical,117,117,0,100,0
1992_eatdis_deprivation,sub-e874_assay-microstructure_cond-deprivaiton.csv,food-2,Empty,117,0,117,0,100
1992_eatdis_deprivation,sub-e874_assay-microstructure_cond-deprivaiton.csv,group,Numeric,117,117,0,100,0
1992_eatdis_deprivation,sub-e874_assay-microstructure_cond-deprivaiton.csv,group-2,Empty,117,0,117,0,100
1992_eatdis_deprivation,sub-e874_assay-microstructure_cond-deprivaiton.csv,id,Categorical,117,117,0,100,0
1992_eatdis_deprivation,sub-e874_assay-microstructure_cond-deprivaiton.csv,start,Numeric,117,117,0,100,0
1992_eatdis_deprivation,sub-e874_assay-microstructure_cond-deprivaiton.csv,start-2,Empty,117,0,117,0,100
1992_eatdis_deprivation,sub-e874_assay-microstructure_cond-deprivaiton.csv,thirds,Categorical,117,117,0,100,0
1992_eatdis_deprivation,sub-e874_assay-microstructure_cond-deprivaiton.csv,thirds-2,Empty,117,0,117,0,100
1992_eatdis_deprivation,sub-e874_assay-microstructure_cond-deprivaiton.csv,time_1,Numeric,117,117,0,100,0
1992_eatdis_deprivation,sub-e874_assay-microstructure_cond-deprivaiton.csv,time_2,Numeric,117,117,0,100,0
1992_eatdis_deprivation,sub-e874_assay-microstructure_cond-deprivaiton.csv,time_2-1,Empty,117,0,117,0,100
1992_eatdis_deprivation,sub-e874_assay-microstructure_cond-deprivaiton.csv,time_2-2,Empty,117,0,117,0,100
1992_eatdis_deprivation,sub-e874_assay-microstructure_cond-deprivaiton.csv,trace,Numeric,117,117,0,100,0
1992_eatdis_deprivation,sub-e874_assay-microstructure_cond-deprivaiton.csv,trace-2,Empty,117,0,117,0,100
1992_eatdis_deprivation,sub-ef17_assay-microstructure_cond-control.csv,activity,Numeric,112,112,0,100,0
1992_eatdis_deprivation,sub-ef17_assay-microstructure_cond-control.csv,activity-2,Empty,112,0,112,0,100
1992_eatdis_deprivation,sub-ef17_assay-microstructure_cond-control.csv,cond,Categorical,112,112,0,100,0
1992_eatdis_deprivation,sub-ef17_assay-microstructure_cond-control.csv,food,Categorical,112,112,0,100,0
1992_eatdis_deprivation,sub-ef17_assay-microstructure_cond-control.csv,food-2,Empty,112,0,112,0,100
1992_eatdis_deprivation,sub-ef17_assay-microstructure_cond-control.csv,group,Numeric,112,112,0,100,0
1992_eatdis_deprivation,sub-ef17_assay-microstructure_cond-control.csv,group-2,Empty,112,0,112,0,100
1992_eatdis_deprivation,sub-ef17_assay-microstructure_cond-control.csv,id,Categorical,112,112,0,100,0
1992_eatdis_deprivation,sub-ef17_assay-microstructure_cond-control.csv,start,Numeric,112,112,0,100,0
1992_eatdis_deprivation,sub-ef17_assay-microstructure_cond-control.csv,start-2,Empty,112,0,112,0,100
1992_eatdis_deprivation,sub-ef17_assay-microstructure_cond-control.csv,thirds,Categorical,112,112,0,100,0
1992_eatdis_deprivation,sub-ef17_assay-microstructure_cond-control.csv,thirds-2,Empty,112,0,112,0,100
1992_eatdis_deprivation,sub-ef17_assay-microstructure_cond-control.csv,time_1,Numeric,112,112,0,100,0
1992_eatdis_deprivation,sub-ef17_assay-microstructure_cond-control.csv,time_2,Numeric,112,112,0,100,0
1992_eatdis_deprivation,sub-ef17_assay-microstructure_cond-control.csv,time_2-1,Empty,112,0,112,0,100
1992_eatdis_deprivation,sub-ef17_assay-microstructure_cond-control.csv,time_2-2,Empty,112,0,112,0,100
1992_eatdis_deprivation,sub-ef17_assay-microstructure_cond-control.csv,trace,Numeric,112,112,0,100,0
1992_eatdis_deprivation,sub-ef17_assay-microstructure_cond-control.csv,trace-2,Empty,112,0,112,0,100
1992_eatdis_deprivation,sub-ef17_assay-microstructure_cond-deprivaiton.csv,activity,Numeric,126,125,1,99.21,0.79
1992_eatdis_deprivation,sub-ef17_assay-microstructure_cond-deprivaiton.csv,activity-2,Empty,126,0,126,0,100
1992_eatdis_deprivation,sub-ef17_assay-microstructure_cond-deprivaiton.csv,cond,Categorical,126,126,0,100,0
1992_eatdis_deprivation,sub-ef17_assay-microstructure_cond-deprivaiton.csv,food,Categorical,126,125,1,99.21,0.79
1992_eatdis_deprivation,sub-ef17_assay-microstructure_cond-deprivaiton.csv,food-2,Empty,126,0,126,0,100
1992_eatdis_deprivation,sub-ef17_assay-microstructure_cond-deprivaiton.csv,group,Numeric,126,125,1,99.21,0.79
1992_eatdis_deprivation,sub-ef17_assay-microstructure_cond-deprivaiton.csv,group-2,Empty,126,0,126,0,100
1992_eatdis_deprivation,sub-ef17_assay-microstructure_cond-deprivaiton.csv,id,Categorical,126,126,0,100,0
1992_eatdis_deprivation,sub-ef17_assay-microstructure_cond-deprivaiton.csv,start,Numeric,126,125,1,99.21,0.79
1992_eatdis_deprivation,sub-ef17_assay-microstructure_cond-deprivaiton.csv,start-2,Empty,126,0,126,0,100
1992_eatdis_deprivation,sub-ef17_assay-microstructure_cond-deprivaiton.csv,thirds,Categorical,126,125,1,99.21,0.79
1992_eatdis_deprivation,sub-ef17_assay-microstructure_cond-deprivaiton.csv,thirds-2,Empty,126,0,126,0,100
1992_eatdis_deprivation,sub-ef17_assay-microstructure_cond-deprivaiton.csv,time_1,Numeric,126,125,1,99.21,0.79
1992_eatdis_deprivation,sub-ef17_assay-microstructure_cond-deprivaiton.csv,time_2,Numeric,126,125,1,99.21,0.79
1992_eatdis_deprivation,sub-ef17_assay-microstructure_cond-deprivaiton.csv,time_2-1,Empty,126,0,126,0,100
1992_eatdis_deprivation,sub-ef17_assay-microstructure_cond-deprivaiton.csv,time_2-2,Empty,126,0,126,0,100
1992_eatdis_deprivation,sub-ef17_assay-microstructure_cond-deprivaiton.csv,trace,Numeric,126,125,1,99.21,0.79
1992_eatdis_deprivation,sub-ef17_assay-microstructure_cond-deprivaiton.csv,trace-2,Empty,126,0,126,0,100
1992_eatdis_deprivation,sub-f47d_assay-microstructure_cond-control.csv,activity,Numeric,60,60,0,100,0
1992_eatdis_deprivation,sub-f47d_assay-microstructure_cond-control.csv,activity-2,Empty,60,0,60,0,100
1992_eatdis_deprivation,sub-f47d_assay-microstructure_cond-control.csv,cond,Categorical,60,60,0,100,0
1992_eatdis_deprivation,sub-f47d_assay-microstructure_cond-control.csv,food,Categorical,60,60,0,100,0
1992_eatdis_deprivation,sub-f47d_assay-microstructure_cond-control.csv,food-2,Empty,60,0,60,0,100
1992_eatdis_deprivation,sub-f47d_assay-microstructure_cond-control.csv,group,Numeric,60,60,0,100,0
1992_eatdis_deprivation,sub-f47d_assay-microstructure_cond-control.csv,group-2,Empty,60,0,60,0,100
1992_eatdis_deprivation,sub-f47d_assay-microstructure_cond-control.csv,id,Categorical,60,60,0,100,0
1992_eatdis_deprivation,sub-f47d_assay-microstructure_cond-control.csv,start,Numeric,60,60,0,100,0
1992_eatdis_deprivation,sub-f47d_assay-microstructure_cond-control.csv,start-2,Empty,60,0,60,0,100
1992_eatdis_deprivation,sub-f47d_assay-microstructure_cond-control.csv,thirds,Categorical,60,60,0,100,0
1992_eatdis_deprivation,sub-f47d_assay-microstructure_cond-control.csv,thirds-2,Empty,60,0,60,0,100
1992_eatdis_deprivation,sub-f47d_assay-microstructure_cond-control.csv,time_1,Numeric,60,60,0,100,0
1992_eatdis_deprivation,sub-f47d_assay-microstructure_cond-control.csv,time_2,Numeric,60,60,0,100,0
1992_eatdis_deprivation,sub-f47d_assay-microstructure_cond-control.csv,time_2-1,Empty,60,0,60,0,100
1992_eatdis_deprivation,sub-f47d_assay-microstructure_cond-control.csv,time_2-2,Empty,60,0,60,0,100
1992_eatdis_deprivation,sub-f47d_assay-microstructure_cond-control.csv,trace,Numeric,60,60,0,100,0
1992_eatdis_deprivation,sub-f47d_assay-microstructure_cond-control.csv,trace-2,Empty,60,0,60,0,100
1992_eatdis_deprivation,sub-f47d_assay-microstructure_cond-deprivaiton.csv,activity,Numeric,56,56,0,100,0
1992_eatdis_deprivation,sub-f47d_assay-microstructure_cond-deprivaiton.csv,activity-2,Empty,56,0,56,0,100
1992_eatdis_deprivation,sub-f47d_assay-microstructure_cond-deprivaiton.csv,cond,Categorical,56,56,0,100,0
1992_eatdis_deprivation,sub-f47d_assay-microstructure_cond-deprivaiton.csv,food,Categorical,56,56,0,100,0
1992_eatdis_deprivation,sub-f47d_assay-microstructure_cond-deprivaiton.csv,food-2,Empty,56,0,56,0,100
1992_eatdis_deprivation,sub-f47d_assay-microstructure_cond-deprivaiton.csv,group,Numeric,56,56,0,100,0
1992_eatdis_deprivation,sub-f47d_assay-microstructure_cond-deprivaiton.csv,group-2,Empty,56,0,56,0,100
1992_eatdis_deprivation,sub-f47d_assay-microstructure_cond-deprivaiton.csv,id,Categorical,56,56,0,100,0
1992_eatdis_deprivation,sub-f47d_assay-microstructure_cond-deprivaiton.csv,start,Numeric,56,56,0,100,0
1992_eatdis_deprivation,sub-f47d_assay-microstructure_cond-deprivaiton.csv,start-2,Empty,56,0,56,0,100
1992_eatdis_deprivation,sub-f47d_assay-microstructure_cond-deprivaiton.csv,thirds,Categorical,56,56,0,100,0
1992_eatdis_deprivation,sub-f47d_assay-microstructure_cond-deprivaiton.csv,thirds-2,Empty,56,0,56,0,100
1992_eatdis_deprivation,sub-f47d_assay-microstructure_cond-deprivaiton.csv,time_1,Numeric,56,56,0,100,0
1992_eatdis_deprivation,sub-f47d_assay-microstructure_cond-deprivaiton.csv,time_2,Numeric,56,56,0,100,0
1992_eatdis_deprivation,sub-f47d_assay-microstructure_cond-deprivaiton.csv,time_2-1,Empty,56,0,56,0,100
1992_eatdis_deprivation,sub-f47d_assay-microstructure_cond-deprivaiton.csv,time_2-2,Empty,56,0,56,0,100
1992_eatdis_deprivation,sub-f47d_assay-microstructure_cond-deprivaiton.csv,trace,Numeric,56,56,0,100,0
1992_eatdis_deprivation,sub-f47d_assay-microstructure_cond-deprivaiton.csv,trace-2,Empty,56,0,56,0,100
1992_eatdis_deprivation,sub-f5ab_assay-microstructure_cond-control.csv,activity,Numeric,36,36,0,100,0
1992_eatdis_deprivation,sub-f5ab_assay-microstructure_cond-control.csv,activity-2,Empty,36,0,36,0,100
1992_eatdis_deprivation,sub-f5ab_assay-microstructure_cond-control.csv,cond,Categorical,36,36,0,100,0
1992_eatdis_deprivation,sub-f5ab_assay-microstructure_cond-control.csv,food,Categorical,36,36,0,100,0
1992_eatdis_deprivation,sub-f5ab_assay-microstructure_cond-control.csv,food-2,Empty,36,0,36,0,100
1992_eatdis_deprivation,sub-f5ab_assay-microstructure_cond-control.csv,id,Categorical,36,36,0,100,0
1992_eatdis_deprivation,sub-f5ab_assay-microstructure_cond-control.csv,start,Numeric,36,36,0,100,0
1992_eatdis_deprivation,sub-f5ab_assay-microstructure_cond-control.csv,start-2,Empty,36,0,36,0,100
1992_eatdis_deprivation,sub-f5ab_assay-microstructure_cond-control.csv,time_1,Numeric,36,36,0,100,0
1992_eatdis_deprivation,sub-f5ab_assay-microstructure_cond-control.csv,time_2,Numeric,36,36,0,100,0
1992_eatdis_deprivation,sub-f5ab_assay-microstructure_cond-control.csv,time_2-1,Empty,36,0,36,0,100
1992_eatdis_deprivation,sub-f5ab_assay-microstructure_cond-control.csv,time_2-2,Empty,36,0,36,0,100
1992_eatdis_deprivation,sub-f5ab_assay-microstructure_cond-control.csv,trace,Numeric,36,36,0,100,0
1992_eatdis_deprivation,sub-f5ab_assay-microstructure_cond-control.csv,trace-2,Empty,36,0,36,0,100
1992_eatdis_deprivation,sub-f5ab_assay-microstructure_cond-deprivaiton.csv,activity,Numeric,58,58,0,100,0
1992_eatdis_deprivation,sub-f5ab_assay-microstructure_cond-deprivaiton.csv,activity-2,Empty,58,0,58,0,100
1992_eatdis_deprivation,sub-f5ab_assay-microstructure_cond-deprivaiton.csv,cond,Categorical,58,58,0,100,0
1992_eatdis_deprivation,sub-f5ab_assay-microstructure_cond-deprivaiton.csv,food,Categorical,58,58,0,100,0
1992_eatdis_deprivation,sub-f5ab_assay-microstructure_cond-deprivaiton.csv,food-2,Empty,58,0,58,0,100
1992_eatdis_deprivation,sub-f5ab_assay-microstructure_cond-deprivaiton.csv,id,Categorical,58,58,0,100,0
1992_eatdis_deprivation,sub-f5ab_assay-microstructure_cond-deprivaiton.csv,start,Numeric,58,58,0,100,0
1992_eatdis_deprivation,sub-f5ab_assay-microstructure_cond-deprivaiton.csv,start-2,Empty,58,0,58,0,100
1992_eatdis_deprivation,sub-f5ab_assay-microstructure_cond-deprivaiton.csv,time_1,Numeric,58,58,0,100,0
1992_eatdis_deprivation,sub-f5ab_assay-microstructure_cond-deprivaiton.csv,time_2,Numeric,58,58,0,100,0
1992_eatdis_deprivation,sub-f5ab_assay-microstructure_cond-deprivaiton.csv,time_2-1,Empty,58,0,58,0,100
1992_eatdis_deprivation,sub-f5ab_assay-microstructure_cond-deprivaiton.csv,time_2-2,Empty,58,0,58,0,100
1992_eatdis_deprivation,sub-f5ab_assay-microstructure_cond-deprivaiton.csv,trace,Numeric,58,58,0,100,0
1992_eatdis_deprivation,sub-f5ab_assay-microstructure_cond-deprivaiton.csv,trace-2,Empty,58,0,58,0,100
1992_eatdis_mealtime,sub-015c_assay-microstructure_timepoint-a.csv,activity,Numeric,308,308,0,100,0
1992_eatdis_mealtime,sub-015c_assay-microstructure_timepoint-a.csv,food,Categorical,308,308,0,100,0
1992_eatdis_mealtime,sub-015c_assay-microstructure_timepoint-a.csv,group,Numeric,308,308,0,100,0
1992_eatdis_mealtime,sub-015c_assay-microstructure_timepoint-a.csv,id,Categorical,308,308,0,100,0
1992_eatdis_mealtime,sub-015c_assay-microstructure_timepoint-a.csv,start,Numeric,308,308,0,100,0
1992_eatdis_mealtime,sub-015c_assay-microstructure_timepoint-a.csv,time1,Numeric,308,308,0,100,0
1992_eatdis_mealtime,sub-015c_assay-microstructure_timepoint-a.csv,time2,Numeric,308,308,0,100,0
1992_eatdis_mealtime,sub-015c_assay-microstructure_timepoint-a.csv,timepoint,Numeric,308,308,0,100,0
1992_eatdis_mealtime,sub-015c_assay-microstructure_timepoint-a.csv,trace,Numeric,308,308,0,100,0
1992_eatdis_mealtime,sub-015c_assay-microstructure_timepoint-b.csv,activity,Numeric,128,128,0,100,0
1992_eatdis_mealtime,sub-015c_assay-microstructure_timepoint-b.csv,food,Categorical,128,128,0,100,0
1992_eatdis_mealtime,sub-015c_assay-microstructure_timepoint-b.csv,group,Numeric,128,128,0,100,0
1992_eatdis_mealtime,sub-015c_assay-microstructure_timepoint-b.csv,id,Categorical,128,128,0,100,0
1992_eatdis_mealtime,sub-015c_assay-microstructure_timepoint-b.csv,start,Numeric,128,128,0,100,0
1992_eatdis_mealtime,sub-015c_assay-microstructure_timepoint-b.csv,time1,Numeric,128,128,0,100,0
1992_eatdis_mealtime,sub-015c_assay-microstructure_timepoint-b.csv,time2,Numeric,128,128,0,100,0
1992_eatdis_mealtime,sub-015c_assay-microstructure_timepoint-b.csv,timepoint,Numeric,128,128,0,100,0
1992_eatdis_mealtime,sub-015c_assay-microstructure_timepoint-b.csv,trace,Numeric,128,128,0,100,0
1992_eatdis_mealtime,sub-044b_assay-microstructure_timepoint-a.csv,activity,Numeric,151,151,0,100,0
1992_eatdis_mealtime,sub-044b_assay-microstructure_timepoint-a.csv,food,Categorical,151,151,0,100,0
1992_eatdis_mealtime,sub-044b_assay-microstructure_timepoint-a.csv,group,Numeric,151,151,0,100,0
1992_eatdis_mealtime,sub-044b_assay-microstructure_timepoint-a.csv,id,Categorical,151,151,0,100,0
1992_eatdis_mealtime,sub-044b_assay-microstructure_timepoint-a.csv,start,Numeric,151,151,0,100,0
1992_eatdis_mealtime,sub-044b_assay-microstructure_timepoint-a.csv,time1,Numeric,151,151,0,100,0
1992_eatdis_mealtime,sub-044b_assay-microstructure_timepoint-a.csv,time2,Numeric,151,151,0,100,0
1992_eatdis_mealtime,sub-044b_assay-microstructure_timepoint-a.csv,timepoint,Numeric,151,151,0,100,0
1992_eatdis_mealtime,sub-044b_assay-microstructure_timepoint-a.csv,trace,Numeric,151,151,0,100,0
1992_eatdis_mealtime,sub-044b_assay-microstructure_timepoint-b.csv,activity,Numeric,133,133,0,100,0
1992_eatdis_mealtime,sub-044b_assay-microstructure_timepoint-b.csv,food,Categorical,133,133,0,100,0
1992_eatdis_mealtime,sub-044b_assay-microstructure_timepoint-b.csv,group,Numeric,133,133,0,100,0
1992_eatdis_mealtime,sub-044b_assay-microstructure_timepoint-b.csv,id,Categorical,133,133,0,100,0
1992_eatdis_mealtime,sub-044b_assay-microstructure_timepoint-b.csv,start,Numeric,133,133,0,100,0
1992_eatdis_mealtime,sub-044b_assay-microstructure_timepoint-b.csv,time1,Numeric,133,133,0,100,0
1992_eatdis_mealtime,sub-044b_assay-microstructure_timepoint-b.csv,time2,Numeric,133,133,0,100,0
1992_eatdis_mealtime,sub-044b_assay-microstructure_timepoint-b.csv,timepoint,Numeric,133,133,0,100,0
1992_eatdis_mealtime,sub-044b_assay-microstructure_timepoint-b.csv,trace,Numeric,133,133,0,100,0
1992_eatdis_mealtime,sub-117e_assay-microstructure_timepoint-a.csv,activity,Numeric,161,161,0,100,0
1992_eatdis_mealtime,sub-117e_assay-microstructure_timepoint-a.csv,food,Categorical,161,161,0,100,0
1992_eatdis_mealtime,sub-117e_assay-microstructure_timepoint-a.csv,group,Numeric,161,161,0,100,0
1992_eatdis_mealtime,sub-117e_assay-microstructure_timepoint-a.csv,id,Categorical,161,161,0,100,0
1992_eatdis_mealtime,sub-117e_assay-microstructure_timepoint-a.csv,start,Numeric,161,161,0,100,0
1992_eatdis_mealtime,sub-117e_assay-microstructure_timepoint-a.csv,time1,Numeric,161,161,0,100,0
1992_eatdis_mealtime,sub-117e_assay-microstructure_timepoint-a.csv,time2,Numeric,161,161,0,100,0
1992_eatdis_mealtime,sub-117e_assay-microstructure_timepoint-a.csv,timepoint,Numeric,161,161,0,100,0
1992_eatdis_mealtime,sub-117e_assay-microstructure_timepoint-a.csv,trace,Numeric,161,161,0,100,0
1992_eatdis_mealtime,sub-117e_assay-microstructure_timepoint-b.csv,activity,Numeric,150,150,0,100,0
1992_eatdis_mealtime,sub-117e_assay-microstructure_timepoint-b.csv,food,Categorical,150,150,0,100,0
1992_eatdis_mealtime,sub-117e_assay-microstructure_timepoint-b.csv,group,Numeric,150,150,0,100,0
1992_eatdis_mealtime,sub-117e_assay-microstructure_timepoint-b.csv,id,Categorical,150,150,0,100,0
1992_eatdis_mealtime,sub-117e_assay-microstructure_timepoint-b.csv,start,Numeric,150,150,0,100,0
1992_eatdis_mealtime,sub-117e_assay-microstructure_timepoint-b.csv,time1,Numeric,150,150,0,100,0
1992_eatdis_mealtime,sub-117e_assay-microstructure_timepoint-b.csv,time2,Numeric,150,150,0,100,0
1992_eatdis_mealtime,sub-117e_assay-microstructure_timepoint-b.csv,timepoint,Numeric,150,150,0,100,0
1992_eatdis_mealtime,sub-117e_assay-microstructure_timepoint-b.csv,trace,Numeric,150,150,0,100,0
1992_eatdis_mealtime,sub-12e3_assay-microstructure_timepoint-a.csv,activity,Numeric,151,151,0,100,0
1992_eatdis_mealtime,sub-12e3_assay-microstructure_timepoint-a.csv,food,Categorical,151,151,0,100,0
1992_eatdis_mealtime,sub-12e3_assay-microstructure_timepoint-a.csv,group,Numeric,151,151,0,100,0
1992_eatdis_mealtime,sub-12e3_assay-microstructure_timepoint-a.csv,id,Numeric,151,151,0,100,0
1992_eatdis_mealtime,sub-12e3_assay-microstructure_timepoint-a.csv,start,Numeric,151,151,0,100,0
1992_eatdis_mealtime,sub-12e3_assay-microstructure_timepoint-a.csv,time1,Numeric,151,151,0,100,0
1992_eatdis_mealtime,sub-12e3_assay-microstructure_timepoint-a.csv,time2,Numeric,151,151,0,100,0
1992_eatdis_mealtime,sub-12e3_assay-microstructure_timepoint-a.csv,timepoint,Numeric,151,151,0,100,0
1992_eatdis_mealtime,sub-12e3_assay-microstructure_timepoint-a.csv,trace,Numeric,151,151,0,100,0
1992_eatdis_mealtime,sub-12e3_assay-microstructure_timepoint-b.csv,activity,Numeric,133,133,0,100,0
1992_eatdis_mealtime,sub-12e3_assay-microstructure_timepoint-b.csv,food,Categorical,133,133,0,100,0
1992_eatdis_mealtime,sub-12e3_assay-microstructure_timepoint-b.csv,group,Numeric,133,133,0,100,0
1992_eatdis_mealtime,sub-12e3_assay-microstructure_timepoint-b.csv,id,Numeric,133,133,0,100,0
1992_eatdis_mealtime,sub-12e3_assay-microstructure_timepoint-b.csv,start,Numeric,133,133,0,100,0
1992_eatdis_mealtime,sub-12e3_assay-microstructure_timepoint-b.csv,time1,Numeric,133,133,0,100,0
1992_eatdis_mealtime,sub-12e3_assay-microstructure_timepoint-b.csv,time2,Numeric,133,133,0,100,0
1992_eatdis_mealtime,sub-12e3_assay-microstructure_timepoint-b.csv,timepoint,Numeric,133,133,0,100,0
1992_eatdis_mealtime,sub-12e3_assay-microstructure_timepoint-b.csv,trace,Numeric,133,133,0,100,0
1992_eatdis_mealtime,sub-26b1_assay-microstructure_timepoint-a.csv,activity,Numeric,92,92,0,100,0
1992_eatdis_mealtime,sub-26b1_assay-microstructure_timepoint-a.csv,food,Categorical,92,92,0,100,0
1992_eatdis_mealtime,sub-26b1_assay-microstructure_timepoint-a.csv,group,Numeric,92,92,0,100,0
1992_eatdis_mealtime,sub-26b1_assay-microstructure_timepoint-a.csv,id,Categorical,92,92,0,100,0
1992_eatdis_mealtime,sub-26b1_assay-microstructure_timepoint-a.csv,start,Numeric,92,92,0,100,0
1992_eatdis_mealtime,sub-26b1_assay-microstructure_timepoint-a.csv,time1,Numeric,92,92,0,100,0
1992_eatdis_mealtime,sub-26b1_assay-microstructure_timepoint-a.csv,time2,Numeric,92,92,0,100,0
1992_eatdis_mealtime,sub-26b1_assay-microstructure_timepoint-a.csv,timepoint,Numeric,92,92,0,100,0
1992_eatdis_mealtime,sub-26b1_assay-microstructure_timepoint-a.csv,trace,Numeric,92,92,0,100,0
1992_eatdis_mealtime,sub-26b1_assay-microstructure_timepoint-b.csv,activity,Numeric,82,82,0,100,0
1992_eatdis_mealtime,sub-26b1_assay-microstructure_timepoint-b.csv,food,Categorical,82,82,0,100,0
1992_eatdis_mealtime,sub-26b1_assay-microstructure_timepoint-b.csv,group,Numeric,82,82,0,100,0
1992_eatdis_mealtime,sub-26b1_assay-microstructure_timepoint-b.csv,id,Categorical,82,82,0,100,0
1992_eatdis_mealtime,sub-26b1_assay-microstructure_timepoint-b.csv,start,Numeric,82,82,0,100,0
1992_eatdis_mealtime,sub-26b1_assay-microstructure_timepoint-b.csv,time1,Numeric,82,82,0,100,0
1992_eatdis_mealtime,sub-26b1_assay-microstructure_timepoint-b.csv,time2,Numeric,82,82,0,100,0
1992_eatdis_mealtime,sub-26b1_assay-microstructure_timepoint-b.csv,timepoint,Numeric,82,82,0,100,0
1992_eatdis_mealtime,sub-26b1_assay-microstructure_timepoint-b.csv,trace,Numeric,82,82,0,100,0
1992_eatdis_mealtime,sub-2a94_assay-microstructure_timepoint-a.csv,activity,Numeric,133,133,0,100,0
1992_eatdis_mealtime,sub-2a94_assay-microstructure_timepoint-a.csv,food,Categorical,133,133,0,100,0
1992_eatdis_mealtime,sub-2a94_assay-microstructure_timepoint-a.csv,group,Numeric,133,133,0,100,0
1992_eatdis_mealtime,sub-2a94_assay-microstructure_timepoint-a.csv,id,Categorical,133,133,0,100,0
1992_eatdis_mealtime,sub-2a94_assay-microstructure_timepoint-a.csv,start,Numeric,133,133,0,100,0
1992_eatdis_mealtime,sub-2a94_assay-microstructure_timepoint-a.csv,time1,Numeric,133,133,0,100,0
1992_eatdis_mealtime,sub-2a94_assay-microstructure_timepoint-a.csv,time2,Numeric,133,133,0,100,0
1992_eatdis_mealtime,sub-2a94_assay-microstructure_timepoint-a.csv,timepoint,Numeric,133,133,0,100,0
1992_eatdis_mealtime,sub-2a94_assay-microstructure_timepoint-a.csv,trace,Numeric,133,133,0,100,0
1992_eatdis_mealtime,sub-2a94_assay-microstructure_timepoint-b.csv,activity,Numeric,152,152,0,100,0
1992_eatdis_mealtime,sub-2a94_assay-microstructure_timepoint-b.csv,food,Categorical,152,152,0,100,0
1992_eatdis_mealtime,sub-2a94_assay-microstructure_timepoint-b.csv,group,Numeric,152,152,0,100,0
1992_eatdis_mealtime,sub-2a94_assay-microstructure_timepoint-b.csv,id,Categorical,152,152,0,100,0
1992_eatdis_mealtime,sub-2a94_assay-microstructure_timepoint-b.csv,start,Numeric,152,152,0,100,0
1992_eatdis_mealtime,sub-2a94_assay-microstructure_timepoint-b.csv,time1,Numeric,152,152,0,100,0
1992_eatdis_mealtime,sub-2a94_assay-microstructure_timepoint-b.csv,time2,Numeric,152,152,0,100,0
1992_eatdis_mealtime,sub-2a94_assay-microstructure_timepoint-b.csv,timepoint,Numeric,152,152,0,100,0
1992_eatdis_mealtime,sub-2a94_assay-microstructure_timepoint-b.csv,trace,Numeric,152,152,0,100,0
1992_eatdis_mealtime,sub-31e8_assay-microstructure_timepoint-a.csv,activity,Numeric,1,1,0,100,0
1992_eatdis_mealtime,sub-31e8_assay-microstructure_timepoint-a.csv,food,Categorical,1,1,0,100,0
1992_eatdis_mealtime,sub-31e8_assay-microstructure_timepoint-a.csv,group,Numeric,1,1,0,100,0
1992_eatdis_mealtime,sub-31e8_assay-microstructure_timepoint-a.csv,id,Numeric,1,1,0,100,0
1992_eatdis_mealtime,sub-31e8_assay-microstructure_timepoint-a.csv,start,Numeric,1,1,0,100,0
1992_eatdis_mealtime,sub-31e8_assay-microstructure_timepoint-a.csv,time1,Numeric,1,1,0,100,0
1992_eatdis_mealtime,sub-31e8_assay-microstructure_timepoint-a.csv,time2,Numeric,1,1,0,100,0
1992_eatdis_mealtime,sub-31e8_assay-microstructure_timepoint-a.csv,timepoint,Numeric,1,1,0,100,0
1992_eatdis_mealtime,sub-31e8_assay-microstructure_timepoint-a.csv,trace,Numeric,1,1,0,100,0
1992_eatdis_mealtime,sub-31e8_assay-microstructure_timepoint-b.csv,activity,Numeric,137,137,0,100,0
1992_eatdis_mealtime,sub-31e8_assay-microstructure_timepoint-b.csv,food,Categorical,137,137,0,100,0
1992_eatdis_mealtime,sub-31e8_assay-microstructure_timepoint-b.csv,group,Numeric,137,137,0,100,0
1992_eatdis_mealtime,sub-31e8_assay-microstructure_timepoint-b.csv,id,Numeric,137,137,0,100,0
1992_eatdis_mealtime,sub-31e8_assay-microstructure_timepoint-b.csv,start,Numeric,137,137,0,100,0
1992_eatdis_mealtime,sub-31e8_assay-microstructure_timepoint-b.csv,time1,Numeric,137,137,0,100,0
1992_eatdis_mealtime,sub-31e8_assay-microstructure_timepoint-b.csv,time2,Numeric,137,137,0,100,0
1992_eatdis_mealtime,sub-31e8_assay-microstructure_timepoint-b.csv,timepoint,Numeric,137,137,0,100,0
1992_eatdis_mealtime,sub-31e8_assay-microstructure_timepoint-b.csv,trace,Numeric,137,137,0,100,0
1992_eatdis_mealtime,sub-3520_assay-microstructure_timepoint-a.csv,activity,Numeric,151,151,0,100,0
1992_eatdis_mealtime,sub-3520_assay-microstructure_timepoint-a.csv,food,Categorical,151,151,0,100,0
1992_eatdis_mealtime,sub-3520_assay-microstructure_timepoint-a.csv,group,Numeric,151,151,0,100,0
1992_eatdis_mealtime,sub-3520_assay-microstructure_timepoint-a.csv,id,Numeric,151,151,0,100,0
1992_eatdis_mealtime,sub-3520_assay-microstructure_timepoint-a.csv,start,Numeric,151,151,0,100,0
1992_eatdis_mealtime,sub-3520_assay-microstructure_timepoint-a.csv,time1,Numeric,151,151,0,100,0
1992_eatdis_mealtime,sub-3520_assay-microstructure_timepoint-a.csv,time2,Numeric,151,151,0,100,0
1992_eatdis_mealtime,sub-3520_assay-microstructure_timepoint-a.csv,timepoint,Numeric,151,151,0,100,0
1992_eatdis_mealtime,sub-3520_assay-microstructure_timepoint-a.csv,trace,Numeric,151,151,0,100,0
1992_eatdis_mealtime,sub-3520_assay-microstructure_timepoint-b.csv,activity,Numeric,133,133,0,100,0
1992_eatdis_mealtime,sub-3520_assay-microstructure_timepoint-b.csv,food,Categorical,133,133,0,100,0
1992_eatdis_mealtime,sub-3520_assay-microstructure_timepoint-b.csv,group,Numeric,133,133,0,100,0
1992_eatdis_mealtime,sub-3520_assay-microstructure_timepoint-b.csv,id,Numeric,133,133,0,100,0
1992_eatdis_mealtime,sub-3520_assay-microstructure_timepoint-b.csv,start,Numeric,133,133,0,100,0
1992_eatdis_mealtime,sub-3520_assay-microstructure_timepoint-b.csv,time1,Numeric,133,133,0,100,0
1992_eatdis_mealtime,sub-3520_assay-microstructure_timepoint-b.csv,time2,Numeric,133,133,0,100,0
1992_eatdis_mealtime,sub-3520_assay-microstructure_timepoint-b.csv,timepoint,Numeric,133,133,0,100,0
1992_eatdis_mealtime,sub-3520_assay-microstructure_timepoint-b.csv,trace,Numeric,133,133,0,100,0
1992_eatdis_mealtime,sub-3749_assay-microstructure_timepoint-a.csv,activity,Numeric,308,308,0,100,0
1992_eatdis_mealtime,sub-3749_assay-microstructure_timepoint-a.csv,food,Categorical,308,308,0,100,0
1992_eatdis_mealtime,sub-3749_assay-microstructure_timepoint-a.csv,group,Numeric,308,308,0,100,0
1992_eatdis_mealtime,sub-3749_assay-microstructure_timepoint-a.csv,id,Numeric,308,308,0,100,0
1992_eatdis_mealtime,sub-3749_assay-microstructure_timepoint-a.csv,start,Numeric,308,308,0,100,0
1992_eatdis_mealtime,sub-3749_assay-microstructure_timepoint-a.csv,time1,Numeric,308,308,0,100,0
1992_eatdis_mealtime,sub-3749_assay-microstructure_timepoint-a.csv,time2,Numeric,308,308,0,100,0
1992_eatdis_mealtime,sub-3749_assay-microstructure_timepoint-a.csv,timepoint,Numeric,308,308,0,100,0
1992_eatdis_mealtime,sub-3749_assay-microstructure_timepoint-a.csv,trace,Numeric,308,308,0,100,0
1992_eatdis_mealtime,sub-3749_assay-microstructure_timepoint-b.csv,activity,Numeric,128,128,0,100,0
1992_eatdis_mealtime,sub-3749_assay-microstructure_timepoint-b.csv,food,Categorical,128,128,0,100,0
1992_eatdis_mealtime,sub-3749_assay-microstructure_timepoint-b.csv,group,Numeric,128,128,0,100,0
1992_eatdis_mealtime,sub-3749_assay-microstructure_timepoint-b.csv,id,Numeric,128,128,0,100,0
1992_eatdis_mealtime,sub-3749_assay-microstructure_timepoint-b.csv,start,Numeric,128,128,0,100,0
1992_eatdis_mealtime,sub-3749_assay-microstructure_timepoint-b.csv,time1,Numeric,128,128,0,100,0
1992_eatdis_mealtime,sub-3749_assay-microstructure_timepoint-b.csv,time2,Numeric,128,128,0,100,0
1992_eatdis_mealtime,sub-3749_assay-microstructure_timepoint-b.csv,timepoint,Numeric,128,128,0,100,0
1992_eatdis_mealtime,sub-3749_assay-microstructure_timepoint-b.csv,trace,Numeric,128,128,0,100,0
1992_eatdis_mealtime,sub-3ba4_assay-microstructure_timepoint-a.csv,activity,Numeric,62,62,0,100,0
1992_eatdis_mealtime,sub-3ba4_assay-microstructure_timepoint-a.csv,food,Categorical,62,62,0,100,0
1992_eatdis_mealtime,sub-3ba4_assay-microstructure_timepoint-a.csv,group,Numeric,62,62,0,100,0
1992_eatdis_mealtime,sub-3ba4_assay-microstructure_timepoint-a.csv,id,Categorical,62,62,0,100,0
1992_eatdis_mealtime,sub-3ba4_assay-microstructure_timepoint-a.csv,start,Numeric,62,62,0,100,0
1992_eatdis_mealtime,sub-3ba4_assay-microstructure_timepoint-a.csv,time1,Numeric,62,62,0,100,0
1992_eatdis_mealtime,sub-3ba4_assay-microstructure_timepoint-a.csv,time2,Numeric,62,62,0,100,0
1992_eatdis_mealtime,sub-3ba4_assay-microstructure_timepoint-a.csv,timepoint,Numeric,62,62,0,100,0
1992_eatdis_mealtime,sub-3ba4_assay-microstructure_timepoint-a.csv,trace,Numeric,62,62,0,100,0
1992_eatdis_mealtime,sub-3ba4_assay-microstructure_timepoint-b.csv,activity,Numeric,63,63,0,100,0
1992_eatdis_mealtime,sub-3ba4_assay-microstructure_timepoint-b.csv,food,Categorical,63,63,0,100,0
1992_eatdis_mealtime,sub-3ba4_assay-microstructure_timepoint-b.csv,group,Numeric,63,63,0,100,0
1992_eatdis_mealtime,sub-3ba4_assay-microstructure_timepoint-b.csv,id,Categorical,63,63,0,100,0
1992_eatdis_mealtime,sub-3ba4_assay-microstructure_timepoint-b.csv,start,Numeric,63,63,0,100,0
1992_eatdis_mealtime,sub-3ba4_assay-microstructure_timepoint-b.csv,time1,Numeric,63,63,0,100,0
1992_eatdis_mealtime,sub-3ba4_assay-microstructure_timepoint-b.csv,time2,Numeric,63,63,0,100,0
1992_eatdis_mealtime,sub-3ba4_assay-microstructure_timepoint-b.csv,timepoint,Numeric,63,63,0,100,0
1992_eatdis_mealtime,sub-3ba4_assay-microstructure_timepoint-b.csv,trace,Numeric,63,63,0,100,0
1992_eatdis_mealtime,sub-4299_assay-microstructure_timepoint-a.csv,activity,Numeric,308,308,0,100,0
1992_eatdis_mealtime,sub-4299_assay-microstructure_timepoint-a.csv,food,Categorical,308,308,0,100,0
1992_eatdis_mealtime,sub-4299_assay-microstructure_timepoint-a.csv,group,Numeric,308,308,0,100,0
1992_eatdis_mealtime,sub-4299_assay-microstructure_timepoint-a.csv,id,Numeric,308,308,0,100,0
1992_eatdis_mealtime,sub-4299_assay-microstructure_timepoint-a.csv,start,Numeric,308,308,0,100,0
1992_eatdis_mealtime,sub-4299_assay-microstructure_timepoint-a.csv,time1,Numeric,308,308,0,100,0
1992_eatdis_mealtime,sub-4299_assay-microstructure_timepoint-a.csv,time2,Numeric,308,308,0,100,0
1992_eatdis_mealtime,sub-4299_assay-microstructure_timepoint-a.csv,timepoint,Numeric,308,308,0,100,0
1992_eatdis_mealtime,sub-4299_assay-microstructure_timepoint-a.csv,trace,Numeric,308,308,0,100,0
1992_eatdis_mealtime,sub-4299_assay-microstructure_timepoint-b.csv,activity,Numeric,128,128,0,100,0
1992_eatdis_mealtime,sub-4299_assay-microstructure_timepoint-b.csv,food,Categorical,128,128,0,100,0
1992_eatdis_mealtime,sub-4299_assay-microstructure_timepoint-b.csv,group,Numeric,128,128,0,100,0
1992_eatdis_mealtime,sub-4299_assay-microstructure_timepoint-b.csv,id,Numeric,128,128,0,100,0
1992_eatdis_mealtime,sub-4299_assay-microstructure_timepoint-b.csv,start,Numeric,128,128,0,100,0
1992_eatdis_mealtime,sub-4299_assay-microstructure_timepoint-b.csv,time1,Numeric,128,128,0,100,0
1992_eatdis_mealtime,sub-4299_assay-microstructure_timepoint-b.csv,time2,Numeric,128,128,0,100,0
1992_eatdis_mealtime,sub-4299_assay-microstructure_timepoint-b.csv,timepoint,Numeric,128,128,0,100,0
1992_eatdis_mealtime,sub-4299_assay-microstructure_timepoint-b.csv,trace,Numeric,128,128,0,100,0
1992_eatdis_mealtime,sub-42ff_assay-microstructure_timepoint-a.csv,activity,Numeric,1,1,0,100,0
1992_eatdis_mealtime,sub-42ff_assay-microstructure_timepoint-a.csv,food,Categorical,1,1,0,100,0
1992_eatdis_mealtime,sub-42ff_assay-microstructure_timepoint-a.csv,group,Numeric,1,1,0,100,0
1992_eatdis_mealtime,sub-42ff_assay-microstructure_timepoint-a.csv,id,Categorical,1,1,0,100,0
1992_eatdis_mealtime,sub-42ff_assay-microstructure_timepoint-a.csv,start,Numeric,1,1,0,100,0
1992_eatdis_mealtime,sub-42ff_assay-microstructure_timepoint-a.csv,time1,Numeric,1,1,0,100,0
1992_eatdis_mealtime,sub-42ff_assay-microstructure_timepoint-a.csv,time2,Numeric,1,1,0,100,0
1992_eatdis_mealtime,sub-42ff_assay-microstructure_timepoint-a.csv,timepoint,Numeric,1,1,0,100,0
1992_eatdis_mealtime,sub-42ff_assay-microstructure_timepoint-a.csv,trace,Numeric,1,1,0,100,0
1992_eatdis_mealtime,sub-42ff_assay-microstructure_timepoint-b.csv,activity,Numeric,137,137,0,100,0
1992_eatdis_mealtime,sub-42ff_assay-microstructure_timepoint-b.csv,food,Categorical,137,137,0,100,0
1992_eatdis_mealtime,sub-42ff_assay-microstructure_timepoint-b.csv,group,Numeric,137,137,0,100,0
1992_eatdis_mealtime,sub-42ff_assay-microstructure_timepoint-b.csv,id,Categorical,137,137,0,100,0
1992_eatdis_mealtime,sub-42ff_assay-microstructure_timepoint-b.csv,start,Numeric,137,137,0,100,0
1992_eatdis_mealtime,sub-42ff_assay-microstructure_timepoint-b.csv,time1,Numeric,137,137,0,100,0
1992_eatdis_mealtime,sub-42ff_assay-microstructure_timepoint-b.csv,time2,Numeric,137,137,0,100,0
1992_eatdis_mealtime,sub-42ff_assay-microstructure_timepoint-b.csv,timepoint,Numeric,137,137,0,100,0
1992_eatdis_mealtime,sub-42ff_assay-microstructure_timepoint-b.csv,trace,Numeric,137,137,0,100,0
1992_eatdis_mealtime,sub-4325_assay-microstructure_timepoint-a.csv,activity,Numeric,62,62,0,100,0
1992_eatdis_mealtime,sub-4325_assay-microstructure_timepoint-a.csv,food,Categorical,62,62,0,100,0
1992_eatdis_mealtime,sub-4325_assay-microstructure_timepoint-a.csv,group,Numeric,62,62,0,100,0
1992_eatdis_mealtime,sub-4325_assay-microstructure_timepoint-a.csv,id,Numeric,62,62,0,100,0
1992_eatdis_mealtime,sub-4325_assay-microstructure_timepoint-a.csv,start,Numeric,62,62,0,100,0
1992_eatdis_mealtime,sub-4325_assay-microstructure_timepoint-a.csv,time1,Numeric,62,62,0,100,0
1992_eatdis_mealtime,sub-4325_assay-microstructure_timepoint-a.csv,time2,Numeric,62,62,0,100,0
1992_eatdis_mealtime,sub-4325_assay-microstructure_timepoint-a.csv,timepoint,Numeric,62,62,0,100,0
1992_eatdis_mealtime,sub-4325_assay-microstructure_timepoint-a.csv,trace,Numeric,62,62,0,100,0
1992_eatdis_mealtime,sub-4325_assay-microstructure_timepoint-b.csv,activity,Numeric,63,63,0,100,0
1992_eatdis_mealtime,sub-4325_assay-microstructure_timepoint-b.csv,food,Categorical,63,63,0,100,0
1992_eatdis_mealtime,sub-4325_assay-microstructure_timepoint-b.csv,group,Numeric,63,63,0,100,0
1992_eatdis_mealtime,sub-4325_assay-microstructure_timepoint-b.csv,id,Numeric,63,63,0,100,0
1992_eatdis_mealtime,sub-4325_assay-microstructure_timepoint-b.csv,start,Numeric,63,63,0,100,0
1992_eatdis_mealtime,sub-4325_assay-microstructure_timepoint-b.csv,time1,Numeric,63,63,0,100,0
1992_eatdis_mealtime,sub-4325_assay-microstructure_timepoint-b.csv,time2,Numeric,63,63,0,100,0
1992_eatdis_mealtime,sub-4325_assay-microstructure_timepoint-b.csv,timepoint,Numeric,63,63,0,100,0
1992_eatdis_mealtime,sub-4325_assay-microstructure_timepoint-b.csv,trace,Numeric,63,63,0,100,0
1992_eatdis_mealtime,sub-43c1_assay-microstructure_timepoint-a.csv,activity,Numeric,120,120,0,100,0
1992_eatdis_mealtime,sub-43c1_assay-microstructure_timepoint-a.csv,food,Categorical,120,120,0,100,0
1992_eatdis_mealtime,sub-43c1_assay-microstructure_timepoint-a.csv,group,Numeric,120,120,0,100,0
1992_eatdis_mealtime,sub-43c1_assay-microstructure_timepoint-a.csv,id,Categorical,120,120,0,100,0
1992_eatdis_mealtime,sub-43c1_assay-microstructure_timepoint-a.csv,start,Numeric,120,120,0,100,0
1992_eatdis_mealtime,sub-43c1_assay-microstructure_timepoint-a.csv,time1,Numeric,120,120,0,100,0
1992_eatdis_mealtime,sub-43c1_assay-microstructure_timepoint-a.csv,time2,Numeric,120,120,0,100,0
1992_eatdis_mealtime,sub-43c1_assay-microstructure_timepoint-a.csv,timepoint,Numeric,120,120,0,100,0
1992_eatdis_mealtime,sub-43c1_assay-microstructure_timepoint-a.csv,trace,Numeric,120,120,0,100,0
1992_eatdis_mealtime,sub-43c1_assay-microstructure_timepoint-b.csv,activity,Numeric,93,93,0,100,0
1992_eatdis_mealtime,sub-43c1_assay-microstructure_timepoint-b.csv,food,Categorical,93,93,0,100,0
1992_eatdis_mealtime,sub-43c1_assay-microstructure_timepoint-b.csv,group,Numeric,93,93,0,100,0
1992_eatdis_mealtime,sub-43c1_assay-microstructure_timepoint-b.csv,id,Categorical,93,93,0,100,0
1992_eatdis_mealtime,sub-43c1_assay-microstructure_timepoint-b.csv,start,Numeric,93,93,0,100,0
1992_eatdis_mealtime,sub-43c1_assay-microstructure_timepoint-b.csv,time1,Numeric,93,93,0,100,0
1992_eatdis_mealtime,sub-43c1_assay-microstructure_timepoint-b.csv,time2,Numeric,93,93,0,100,0
1992_eatdis_mealtime,sub-43c1_assay-microstructure_timepoint-b.csv,timepoint,Numeric,93,93,0,100,0
1992_eatdis_mealtime,sub-43c1_assay-microstructure_timepoint-b.csv,trace,Numeric,93,93,0,100,0
1992_eatdis_mealtime,sub-4805_assay-microstructure_timepoint-a.csv,activity,Numeric,230,230,0,100,0
1992_eatdis_mealtime,sub-4805_assay-microstructure_timepoint-a.csv,food,Categorical,230,230,0,100,0
1992_eatdis_mealtime,sub-4805_assay-microstructure_timepoint-a.csv,group,Numeric,230,230,0,100,0
1992_eatdis_mealtime,sub-4805_assay-microstructure_timepoint-a.csv,id,Numeric,230,230,0,100,0
1992_eatdis_mealtime,sub-4805_assay-microstructure_timepoint-a.csv,start,Numeric,230,230,0,100,0
1992_eatdis_mealtime,sub-4805_assay-microstructure_timepoint-a.csv,time1,Numeric,230,230,0,100,0
1992_eatdis_mealtime,sub-4805_assay-microstructure_timepoint-a.csv,time2,Numeric,230,230,0,100,0
1992_eatdis_mealtime,sub-4805_assay-microstructure_timepoint-a.csv,timepoint,Numeric,230,230,0,100,0
1992_eatdis_mealtime,sub-4805_assay-microstructure_timepoint-a.csv,trace,Numeric,230,230,0,100,0
1992_eatdis_mealtime,sub-4805_assay-microstructure_timepoint-b.csv,activity,Numeric,209,209,0,100,0
1992_eatdis_mealtime,sub-4805_assay-microstructure_timepoint-b.csv,food,Categorical,209,209,0,100,0
1992_eatdis_mealtime,sub-4805_assay-microstructure_timepoint-b.csv,group,Numeric,209,209,0,100,0
1992_eatdis_mealtime,sub-4805_assay-microstructure_timepoint-b.csv,id,Numeric,209,209,0,100,0
1992_eatdis_mealtime,sub-4805_assay-microstructure_timepoint-b.csv,start,Numeric,209,209,0,100,0
1992_eatdis_mealtime,sub-4805_assay-microstructure_timepoint-b.csv,time1,Numeric,209,209,0,100,0
1992_eatdis_mealtime,sub-4805_assay-microstructure_timepoint-b.csv,time2,Numeric,209,209,0,100,0
1992_eatdis_mealtime,sub-4805_assay-microstructure_timepoint-b.csv,timepoint,Numeric,209,209,0,100,0
1992_eatdis_mealtime,sub-4805_assay-microstructure_timepoint-b.csv,trace,Numeric,209,209,0,100,0
1992_eatdis_mealtime,sub-4b22_assay-microstructure_timepoint-a.csv,activity,Numeric,133,133,0,100,0
1992_eatdis_mealtime,sub-4b22_assay-microstructure_timepoint-a.csv,food,Categorical,133,133,0,100,0
1992_eatdis_mealtime,sub-4b22_assay-microstructure_timepoint-a.csv,group,Numeric,133,133,0,100,0
1992_eatdis_mealtime,sub-4b22_assay-microstructure_timepoint-a.csv,id,Categorical,133,133,0,100,0
1992_eatdis_mealtime,sub-4b22_assay-microstructure_timepoint-a.csv,start,Numeric,133,133,0,100,0
1992_eatdis_mealtime,sub-4b22_assay-microstructure_timepoint-a.csv,time1,Numeric,133,133,0,100,0
1992_eatdis_mealtime,sub-4b22_assay-microstructure_timepoint-a.csv,time2,Numeric,133,133,0,100,0
1992_eatdis_mealtime,sub-4b22_assay-microstructure_timepoint-a.csv,timepoint,Numeric,133,133,0,100,0
1992_eatdis_mealtime,sub-4b22_assay-microstructure_timepoint-a.csv,trace,Numeric,133,133,0,100,0
1992_eatdis_mealtime,sub-4b22_assay-microstructure_timepoint-b.csv,activity,Numeric,152,152,0,100,0
1992_eatdis_mealtime,sub-4b22_assay-microstructure_timepoint-b.csv,food,Categorical,152,152,0,100,0
1992_eatdis_mealtime,sub-4b22_assay-microstructure_timepoint-b.csv,group,Numeric,152,152,0,100,0
1992_eatdis_mealtime,sub-4b22_assay-microstructure_timepoint-b.csv,id,Categorical,152,152,0,100,0
1992_eatdis_mealtime,sub-4b22_assay-microstructure_timepoint-b.csv,start,Numeric,152,152,0,100,0
1992_eatdis_mealtime,sub-4b22_assay-microstructure_timepoint-b.csv,time1,Numeric,152,152,0,100,0
1992_eatdis_mealtime,sub-4b22_assay-microstructure_timepoint-b.csv,time2,Numeric,152,152,0,100,0
1992_eatdis_mealtime,sub-4b22_assay-microstructure_timepoint-b.csv,timepoint,Numeric,152,152,0,100,0
1992_eatdis_mealtime,sub-4b22_assay-microstructure_timepoint-b.csv,trace,Numeric,152,152,0,100,0
1992_eatdis_mealtime,sub-4d17_assay-microstructure_timepoint-a.csv,activity,Numeric,92,92,0,100,0
1992_eatdis_mealtime,sub-4d17_assay-microstructure_timepoint-a.csv,food,Categorical,92,92,0,100,0
1992_eatdis_mealtime,sub-4d17_assay-microstructure_timepoint-a.csv,group,Numeric,92,92,0,100,0
1992_eatdis_mealtime,sub-4d17_assay-microstructure_timepoint-a.csv,id,Categorical,92,92,0,100,0
1992_eatdis_mealtime,sub-4d17_assay-microstructure_timepoint-a.csv,start,Numeric,92,92,0,100,0
1992_eatdis_mealtime,sub-4d17_assay-microstructure_timepoint-a.csv,time1,Numeric,92,92,0,100,0
1992_eatdis_mealtime,sub-4d17_assay-microstructure_timepoint-a.csv,time2,Numeric,92,92,0,100,0
1992_eatdis_mealtime,sub-4d17_assay-microstructure_timepoint-a.csv,timepoint,Numeric,92,92,0,100,0
1992_eatdis_mealtime,sub-4d17_assay-microstructure_timepoint-a.csv,trace,Numeric,92,92,0,100,0
1992_eatdis_mealtime,sub-4d17_assay-microstructure_timepoint-b.csv,activity,Numeric,82,82,0,100,0
1992_eatdis_mealtime,sub-4d17_assay-microstructure_timepoint-b.csv,food,Categorical,82,82,0,100,0
1992_eatdis_mealtime,sub-4d17_assay-microstructure_timepoint-b.csv,group,Numeric,82,82,0,100,0
1992_eatdis_mealtime,sub-4d17_assay-microstructure_timepoint-b.csv,id,Categorical,82,82,0,100,0
1992_eatdis_mealtime,sub-4d17_assay-microstructure_timepoint-b.csv,start,Numeric,82,82,0,100,0
1992_eatdis_mealtime,sub-4d17_assay-microstructure_timepoint-b.csv,time1,Numeric,82,82,0,100,0
1992_eatdis_mealtime,sub-4d17_assay-microstructure_timepoint-b.csv,time2,Numeric,82,82,0,100,0
1992_eatdis_mealtime,sub-4d17_assay-microstructure_timepoint-b.csv,timepoint,Numeric,82,82,0,100,0
1992_eatdis_mealtime,sub-4d17_assay-microstructure_timepoint-b.csv,trace,Numeric,82,82,0,100,0
1992_eatdis_mealtime,sub-54a6_assay-microstructure_timepoint-a.csv,activity,Numeric,121,121,0,100,0
1992_eatdis_mealtime,sub-54a6_assay-microstructure_timepoint-a.csv,food,Categorical,121,121,0,100,0
1992_eatdis_mealtime,sub-54a6_assay-microstructure_timepoint-a.csv,group,Numeric,121,121,0,100,0
1992_eatdis_mealtime,sub-54a6_assay-microstructure_timepoint-a.csv,id,Categorical,121,121,0,100,0
1992_eatdis_mealtime,sub-54a6_assay-microstructure_timepoint-a.csv,start,Numeric,121,121,0,100,0
1992_eatdis_mealtime,sub-54a6_assay-microstructure_timepoint-a.csv,time1,Numeric,121,121,0,100,0
1992_eatdis_mealtime,sub-54a6_assay-microstructure_timepoint-a.csv,time2,Numeric,121,121,0,100,0
1992_eatdis_mealtime,sub-54a6_assay-microstructure_timepoint-a.csv,timepoint,Numeric,121,121,0,100,0
1992_eatdis_mealtime,sub-54a6_assay-microstructure_timepoint-a.csv,trace,Numeric,121,121,0,100,0
1992_eatdis_mealtime,sub-54a6_assay-microstructure_timepoint-b.csv,activity,Numeric,123,123,0,100,0
1992_eatdis_mealtime,sub-54a6_assay-microstructure_timepoint-b.csv,food,Categorical,123,123,0,100,0
1992_eatdis_mealtime,sub-54a6_assay-microstructure_timepoint-b.csv,group,Numeric,123,123,0,100,0
1992_eatdis_mealtime,sub-54a6_assay-microstructure_timepoint-b.csv,id,Categorical,123,123,0,100,0
1992_eatdis_mealtime,sub-54a6_assay-microstructure_timepoint-b.csv,start,Numeric,123,123,0,100,0
1992_eatdis_mealtime,sub-54a6_assay-microstructure_timepoint-b.csv,time1,Numeric,123,123,0,100,0
1992_eatdis_mealtime,sub-54a6_assay-microstructure_timepoint-b.csv,time2,Numeric,123,123,0,100,0
1992_eatdis_mealtime,sub-54a6_assay-microstructure_timepoint-b.csv,timepoint,Numeric,123,123,0,100,0
1992_eatdis_mealtime,sub-54a6_assay-microstructure_timepoint-b.csv,trace,Numeric,123,123,0,100,0
1992_eatdis_mealtime,sub-570b_assay-microstructure_timepoint-a.csv,activity,Numeric,121,121,0,100,0
1992_eatdis_mealtime,sub-570b_assay-microstructure_timepoint-a.csv,food,Categorical,121,121,0,100,0
1992_eatdis_mealtime,sub-570b_assay-microstructure_timepoint-a.csv,group,Numeric,121,121,0,100,0
1992_eatdis_mealtime,sub-570b_assay-microstructure_timepoint-a.csv,id,Categorical,121,121,0,100,0
1992_eatdis_mealtime,sub-570b_assay-microstructure_timepoint-a.csv,start,Numeric,121,121,0,100,0
1992_eatdis_mealtime,sub-570b_assay-microstructure_timepoint-a.csv,time1,Numeric,121,121,0,100,0
1992_eatdis_mealtime,sub-570b_assay-microstructure_timepoint-a.csv,time2,Numeric,121,121,0,100,0
1992_eatdis_mealtime,sub-570b_assay-microstructure_timepoint-a.csv,timepoint,Numeric,121,121,0,100,0
1992_eatdis_mealtime,sub-570b_assay-microstructure_timepoint-a.csv,trace,Numeric,121,121,0,100,0
1992_eatdis_mealtime,sub-570b_assay-microstructure_timepoint-b.csv,activity,Numeric,123,123,0,100,0
1992_eatdis_mealtime,sub-570b_assay-microstructure_timepoint-b.csv,food,Categorical,123,123,0,100,0
1992_eatdis_mealtime,sub-570b_assay-microstructure_timepoint-b.csv,group,Numeric,123,123,0,100,0
1992_eatdis_mealtime,sub-570b_assay-microstructure_timepoint-b.csv,id,Categorical,123,123,0,100,0
1992_eatdis_mealtime,sub-570b_assay-microstructure_timepoint-b.csv,start,Numeric,123,123,0,100,0
1992_eatdis_mealtime,sub-570b_assay-microstructure_timepoint-b.csv,time1,Numeric,123,123,0,100,0
1992_eatdis_mealtime,sub-570b_assay-microstructure_timepoint-b.csv,time2,Numeric,123,123,0,100,0
1992_eatdis_mealtime,sub-570b_assay-microstructure_timepoint-b.csv,timepoint,Numeric,123,123,0,100,0
1992_eatdis_mealtime,sub-570b_assay-microstructure_timepoint-b.csv,trace,Numeric,123,123,0,100,0
1992_eatdis_mealtime,sub-57f5_assay-microstructure_timepoint-a.csv,activity,Numeric,492,492,0,100,0
1992_eatdis_mealtime,sub-57f5_assay-microstructure_timepoint-a.csv,food,Categorical,492,492,0,100,0
1992_eatdis_mealtime,sub-57f5_assay-microstructure_timepoint-a.csv,group,Numeric,492,492,0,100,0
1992_eatdis_mealtime,sub-57f5_assay-microstructure_timepoint-a.csv,id,Categorical,492,492,0,100,0
1992_eatdis_mealtime,sub-57f5_assay-microstructure_timepoint-a.csv,start,Numeric,492,492,0,100,0
1992_eatdis_mealtime,sub-57f5_assay-microstructure_timepoint-a.csv,time1,Numeric,492,492,0,100,0
1992_eatdis_mealtime,sub-57f5_assay-microstructure_timepoint-a.csv,time2,Numeric,492,492,0,100,0
1992_eatdis_mealtime,sub-57f5_assay-microstructure_timepoint-a.csv,timepoint,Numeric,492,492,0,100,0
1992_eatdis_mealtime,sub-57f5_assay-microstructure_timepoint-a.csv,trace,Numeric,492,492,0,100,0
1992_eatdis_mealtime,sub-57f5_assay-microstructure_timepoint-b.csv,activity,Numeric,275,275,0,100,0
1992_eatdis_mealtime,sub-57f5_assay-microstructure_timepoint-b.csv,food,Categorical,275,275,0,100,0
1992_eatdis_mealtime,sub-57f5_assay-microstructure_timepoint-b.csv,group,Numeric,275,275,0,100,0
1992_eatdis_mealtime,sub-57f5_assay-microstructure_timepoint-b.csv,id,Categorical,275,275,0,100,0
1992_eatdis_mealtime,sub-57f5_assay-microstructure_timepoint-b.csv,start,Numeric,275,275,0,100,0
1992_eatdis_mealtime,sub-57f5_assay-microstructure_timepoint-b.csv,time1,Numeric,275,275,0,100,0
1992_eatdis_mealtime,sub-57f5_assay-microstructure_timepoint-b.csv,time2,Numeric,275,275,0,100,0
1992_eatdis_mealtime,sub-57f5_assay-microstructure_timepoint-b.csv,timepoint,Numeric,275,275,0,100,0
1992_eatdis_mealtime,sub-57f5_assay-microstructure_timepoint-b.csv,trace,Numeric,275,275,0,100,0
1992_eatdis_mealtime,sub-612c_assay-microstructure_timepoint-a.csv,activity,Numeric,113,113,0,100,0
1992_eatdis_mealtime,sub-612c_assay-microstructure_timepoint-a.csv,food,Categorical,113,113,0,100,0
1992_eatdis_mealtime,sub-612c_assay-microstructure_timepoint-a.csv,group,Numeric,113,113,0,100,0
1992_eatdis_mealtime,sub-612c_assay-microstructure_timepoint-a.csv,id,Categorical,113,113,0,100,0
1992_eatdis_mealtime,sub-612c_assay-microstructure_timepoint-a.csv,start,Numeric,113,113,0,100,0
1992_eatdis_mealtime,sub-612c_assay-microstructure_timepoint-a.csv,time1,Numeric,113,113,0,100,0
1992_eatdis_mealtime,sub-612c_assay-microstructure_timepoint-a.csv,time2,Numeric,113,113,0,100,0
1992_eatdis_mealtime,sub-612c_assay-microstructure_timepoint-a.csv,timepoint,Numeric,113,113,0,100,0
1992_eatdis_mealtime,sub-612c_assay-microstructure_timepoint-a.csv,trace,Numeric,113,113,0,100,0
1992_eatdis_mealtime,sub-612c_assay-microstructure_timepoint-b.csv,activity,Numeric,66,66,0,100,0
1992_eatdis_mealtime,sub-612c_assay-microstructure_timepoint-b.csv,food,Categorical,66,66,0,100,0
1992_eatdis_mealtime,sub-612c_assay-microstructure_timepoint-b.csv,group,Numeric,66,66,0,100,0
1992_eatdis_mealtime,sub-612c_assay-microstructure_timepoint-b.csv,id,Categorical,66,66,0,100,0
1992_eatdis_mealtime,sub-612c_assay-microstructure_timepoint-b.csv,start,Numeric,66,66,0,100,0
1992_eatdis_mealtime,sub-612c_assay-microstructure_timepoint-b.csv,time1,Numeric,66,66,0,100,0
1992_eatdis_mealtime,sub-612c_assay-microstructure_timepoint-b.csv,time2,Numeric,66,66,0,100,0
1992_eatdis_mealtime,sub-612c_assay-microstructure_timepoint-b.csv,timepoint,Numeric,66,66,0,100,0
1992_eatdis_mealtime,sub-612c_assay-microstructure_timepoint-b.csv,trace,Numeric,66,66,0,100,0
1992_eatdis_mealtime,sub-68fb_assay-microstructure_timepoint-a.csv,activity,Numeric,113,113,0,100,0
1992_eatdis_mealtime,sub-68fb_assay-microstructure_timepoint-a.csv,food,Categorical,113,113,0,100,0
1992_eatdis_mealtime,sub-68fb_assay-microstructure_timepoint-a.csv,group,Numeric,113,113,0,100,0
1992_eatdis_mealtime,sub-68fb_assay-microstructure_timepoint-a.csv,id,Categorical,113,113,0,100,0
1992_eatdis_mealtime,sub-68fb_assay-microstructure_timepoint-a.csv,start,Numeric,113,113,0,100,0
1992_eatdis_mealtime,sub-68fb_assay-microstructure_timepoint-a.csv,time1,Numeric,113,113,0,100,0
1992_eatdis_mealtime,sub-68fb_assay-microstructure_timepoint-a.csv,time2,Numeric,113,113,0,100,0
1992_eatdis_mealtime,sub-68fb_assay-microstructure_timepoint-a.csv,timepoint,Numeric,113,113,0,100,0
1992_eatdis_mealtime,sub-68fb_assay-microstructure_timepoint-a.csv,trace,Numeric,113,113,0,100,0
1992_eatdis_mealtime,sub-68fb_assay-microstructure_timepoint-b.csv,activity,Numeric,66,66,0,100,0
1992_eatdis_mealtime,sub-68fb_assay-microstructure_timepoint-b.csv,food,Categorical,66,66,0,100,0
1992_eatdis_mealtime,sub-68fb_assay-microstructure_timepoint-b.csv,group,Numeric,66,66,0,100,0
1992_eatdis_mealtime,sub-68fb_assay-microstructure_timepoint-b.csv,id,Categorical,66,66,0,100,0
1992_eatdis_mealtime,sub-68fb_assay-microstructure_timepoint-b.csv,start,Numeric,66,66,0,100,0
1992_eatdis_mealtime,sub-68fb_assay-microstructure_timepoint-b.csv,time1,Numeric,66,66,0,100,0
1992_eatdis_mealtime,sub-68fb_assay-microstructure_timepoint-b.csv,time2,Numeric,66,66,0,100,0
1992_eatdis_mealtime,sub-68fb_assay-microstructure_timepoint-b.csv,timepoint,Numeric,66,66,0,100,0
1992_eatdis_mealtime,sub-68fb_assay-microstructure_timepoint-b.csv,trace,Numeric,66,66,0,100,0
1992_eatdis_mealtime,sub-6fa9_assay-microstructure_timepoint-a.csv,activity,Numeric,161,161,0,100,0
1992_eatdis_mealtime,sub-6fa9_assay-microstructure_timepoint-a.csv,food,Categorical,161,161,0,100,0
1992_eatdis_mealtime,sub-6fa9_assay-microstructure_timepoint-a.csv,group,Numeric,161,161,0,100,0
1992_eatdis_mealtime,sub-6fa9_assay-microstructure_timepoint-a.csv,id,Categorical,161,161,0,100,0
1992_eatdis_mealtime,sub-6fa9_assay-microstructure_timepoint-a.csv,start,Numeric,161,161,0,100,0
1992_eatdis_mealtime,sub-6fa9_assay-microstructure_timepoint-a.csv,time1,Numeric,161,161,0,100,0
1992_eatdis_mealtime,sub-6fa9_assay-microstructure_timepoint-a.csv,time2,Numeric,161,161,0,100,0
1992_eatdis_mealtime,sub-6fa9_assay-microstructure_timepoint-a.csv,timepoint,Numeric,161,161,0,100,0
1992_eatdis_mealtime,sub-6fa9_assay-microstructure_timepoint-a.csv,trace,Numeric,161,161,0,100,0
1992_eatdis_mealtime,sub-6fa9_assay-microstructure_timepoint-b.csv,activity,Numeric,150,150,0,100,0
1992_eatdis_mealtime,sub-6fa9_assay-microstructure_timepoint-b.csv,food,Categorical,150,150,0,100,0
1992_eatdis_mealtime,sub-6fa9_assay-microstructure_timepoint-b.csv,group,Numeric,150,150,0,100,0
1992_eatdis_mealtime,sub-6fa9_assay-microstructure_timepoint-b.csv,id,Categorical,150,150,0,100,0
1992_eatdis_mealtime,sub-6fa9_assay-microstructure_timepoint-b.csv,start,Numeric,150,150,0,100,0
1992_eatdis_mealtime,sub-6fa9_assay-microstructure_timepoint-b.csv,time1,Numeric,150,150,0,100,0
1992_eatdis_mealtime,sub-6fa9_assay-microstructure_timepoint-b.csv,time2,Numeric,150,150,0,100,0
1992_eatdis_mealtime,sub-6fa9_assay-microstructure_timepoint-b.csv,timepoint,Numeric,150,150,0,100,0
1992_eatdis_mealtime,sub-6fa9_assay-microstructure_timepoint-b.csv,trace,Numeric,150,150,0,100,0
1992_eatdis_mealtime,sub-761f_assay-microstructure_timepoint-a.csv,activity,Numeric,87,87,0,100,0
1992_eatdis_mealtime,sub-761f_assay-microstructure_timepoint-a.csv,food,Categorical,87,87,0,100,0
1992_eatdis_mealtime,sub-761f_assay-microstructure_timepoint-a.csv,group,Numeric,87,87,0,100,0
1992_eatdis_mealtime,sub-761f_assay-microstructure_timepoint-a.csv,id,Categorical,87,87,0,100,0
1992_eatdis_mealtime,sub-761f_assay-microstructure_timepoint-a.csv,start,Numeric,87,87,0,100,0
1992_eatdis_mealtime,sub-761f_assay-microstructure_timepoint-a.csv,time1,Numeric,87,87,0,100,0
1992_eatdis_mealtime,sub-761f_assay-microstructure_timepoint-a.csv,time2,Numeric,87,87,0,100,0
1992_eatdis_mealtime,sub-761f_assay-microstructure_timepoint-a.csv,timepoint,Numeric,87,87,0,100,0
1992_eatdis_mealtime,sub-761f_assay-microstructure_timepoint-a.csv,trace,Numeric,87,87,0,100,0
1992_eatdis_mealtime,sub-761f_assay-microstructure_timepoint-b.csv,activity,Numeric,139,139,0,100,0
1992_eatdis_mealtime,sub-761f_assay-microstructure_timepoint-b.csv,food,Categorical,139,139,0,100,0
1992_eatdis_mealtime,sub-761f_assay-microstructure_timepoint-b.csv,group,Numeric,139,139,0,100,0
1992_eatdis_mealtime,sub-761f_assay-microstructure_timepoint-b.csv,id,Categorical,139,139,0,100,0
1992_eatdis_mealtime,sub-761f_assay-microstructure_timepoint-b.csv,start,Numeric,139,139,0,100,0
1992_eatdis_mealtime,sub-761f_assay-microstructure_timepoint-b.csv,time1,Numeric,139,139,0,100,0
1992_eatdis_mealtime,sub-761f_assay-microstructure_timepoint-b.csv,time2,Numeric,139,139,0,100,0
1992_eatdis_mealtime,sub-761f_assay-microstructure_timepoint-b.csv,timepoint,Numeric,139,139,0,100,0
1992_eatdis_mealtime,sub-761f_assay-microstructure_timepoint-b.csv,trace,Numeric,139,139,0,100,0
1992_eatdis_mealtime,sub-79fb_assay-microstructure_timepoint-a.csv,activity,Numeric,92,92,0,100,0
1992_eatdis_mealtime,sub-79fb_assay-microstructure_timepoint-a.csv,food,Categorical,92,92,0,100,0
1992_eatdis_mealtime,sub-79fb_assay-microstructure_timepoint-a.csv,group,Numeric,92,92,0,100,0
1992_eatdis_mealtime,sub-79fb_assay-microstructure_timepoint-a.csv,id,Categorical,92,92,0,100,0
1992_eatdis_mealtime,sub-79fb_assay-microstructure_timepoint-a.csv,start,Numeric,92,92,0,100,0
1992_eatdis_mealtime,sub-79fb_assay-microstructure_timepoint-a.csv,time1,Numeric,92,92,0,100,0
1992_eatdis_mealtime,sub-79fb_assay-microstructure_timepoint-a.csv,time2,Numeric,92,92,0,100,0
1992_eatdis_mealtime,sub-79fb_assay-microstructure_timepoint-a.csv,timepoint,Numeric,92,92,0,100,0
1992_eatdis_mealtime,sub-79fb_assay-microstructure_timepoint-a.csv,trace,Numeric,92,92,0,100,0
1992_eatdis_mealtime,sub-79fb_assay-microstructure_timepoint-b.csv,activity,Numeric,82,82,0,100,0
1992_eatdis_mealtime,sub-79fb_assay-microstructure_timepoint-b.csv,food,Categorical,82,82,0,100,0
1992_eatdis_mealtime,sub-79fb_assay-microstructure_timepoint-b.csv,group,Numeric,82,82,0,100,0
1992_eatdis_mealtime,sub-79fb_assay-microstructure_timepoint-b.csv,id,Categorical,82,82,0,100,0
1992_eatdis_mealtime,sub-79fb_assay-microstructure_timepoint-b.csv,start,Numeric,82,82,0,100,0
1992_eatdis_mealtime,sub-79fb_assay-microstructure_timepoint-b.csv,time1,Numeric,82,82,0,100,0
1992_eatdis_mealtime,sub-79fb_assay-microstructure_timepoint-b.csv,time2,Numeric,82,82,0,100,0
1992_eatdis_mealtime,sub-79fb_assay-microstructure_timepoint-b.csv,timepoint,Numeric,82,82,0,100,0
1992_eatdis_mealtime,sub-79fb_assay-microstructure_timepoint-b.csv,trace,Numeric,82,82,0,100,0
1992_eatdis_mealtime,sub-86cd_assay-microstructure_timepoint-a.csv,activity,Numeric,102,102,0,100,0
1992_eatdis_mealtime,sub-86cd_assay-microstructure_timepoint-a.csv,food,Categorical,102,102,0,100,0
1992_eatdis_mealtime,sub-86cd_assay-microstructure_timepoint-a.csv,group,Numeric,102,102,0,100,0
1992_eatdis_mealtime,sub-86cd_assay-microstructure_timepoint-a.csv,id,Categorical,102,102,0,100,0
1992_eatdis_mealtime,sub-86cd_assay-microstructure_timepoint-a.csv,start,Numeric,102,102,0,100,0
1992_eatdis_mealtime,sub-86cd_assay-microstructure_timepoint-a.csv,time1,Numeric,102,102,0,100,0
1992_eatdis_mealtime,sub-86cd_assay-microstructure_timepoint-a.csv,time2,Numeric,102,102,0,100,0
1992_eatdis_mealtime,sub-86cd_assay-microstructure_timepoint-a.csv,timepoint,Numeric,102,102,0,100,0
1992_eatdis_mealtime,sub-86cd_assay-microstructure_timepoint-a.csv,trace,Numeric,102,102,0,100,0
1992_eatdis_mealtime,sub-86cd_assay-microstructure_timepoint-b.csv,activity,Numeric,106,106,0,100,0
1992_eatdis_mealtime,sub-86cd_assay-microstructure_timepoint-b.csv,food,Categorical,106,106,0,100,0
1992_eatdis_mealtime,sub-86cd_assay-microstructure_timepoint-b.csv,group,Numeric,106,106,0,100,0
1992_eatdis_mealtime,sub-86cd_assay-microstructure_timepoint-b.csv,id,Categorical,106,106,0,100,0
1992_eatdis_mealtime,sub-86cd_assay-microstructure_timepoint-b.csv,start,Numeric,106,106,0,100,0
1992_eatdis_mealtime,sub-86cd_assay-microstructure_timepoint-b.csv,time1,Numeric,106,106,0,100,0
1992_eatdis_mealtime,sub-86cd_assay-microstructure_timepoint-b.csv,time2,Numeric,106,106,0,100,0
1992_eatdis_mealtime,sub-86cd_assay-microstructure_timepoint-b.csv,timepoint,Numeric,106,106,0,100,0
1992_eatdis_mealtime,sub-86cd_assay-microstructure_timepoint-b.csv,trace,Numeric,106,106,0,100,0
1992_eatdis_mealtime,sub-8b39_assay-microstructure_timepoint-a.csv,activity,Numeric,62,62,0,100,0
1992_eatdis_mealtime,sub-8b39_assay-microstructure_timepoint-a.csv,food,Categorical,62,62,0,100,0
1992_eatdis_mealtime,sub-8b39_assay-microstructure_timepoint-a.csv,group,Numeric,62,62,0,100,0
1992_eatdis_mealtime,sub-8b39_assay-microstructure_timepoint-a.csv,id,Categorical,62,62,0,100,0
1992_eatdis_mealtime,sub-8b39_assay-microstructure_timepoint-a.csv,start,Numeric,62,62,0,100,0
1992_eatdis_mealtime,sub-8b39_assay-microstructure_timepoint-a.csv,time1,Numeric,62,62,0,100,0
1992_eatdis_mealtime,sub-8b39_assay-microstructure_timepoint-a.csv,time2,Numeric,62,62,0,100,0
1992_eatdis_mealtime,sub-8b39_assay-microstructure_timepoint-a.csv,timepoint,Numeric,62,62,0,100,0
1992_eatdis_mealtime,sub-8b39_assay-microstructure_timepoint-a.csv,trace,Numeric,62,62,0,100,0
1992_eatdis_mealtime,sub-8b39_assay-microstructure_timepoint-b.csv,activity,Numeric,63,63,0,100,0
1992_eatdis_mealtime,sub-8b39_assay-microstructure_timepoint-b.csv,food,Categorical,63,63,0,100,0
1992_eatdis_mealtime,sub-8b39_assay-microstructure_timepoint-b.csv,group,Numeric,63,63,0,100,0
1992_eatdis_mealtime,sub-8b39_assay-microstructure_timepoint-b.csv,id,Categorical,63,63,0,100,0
1992_eatdis_mealtime,sub-8b39_assay-microstructure_timepoint-b.csv,start,Numeric,63,63,0,100,0
1992_eatdis_mealtime,sub-8b39_assay-microstructure_timepoint-b.csv,time1,Numeric,63,63,0,100,0
1992_eatdis_mealtime,sub-8b39_assay-microstructure_timepoint-b.csv,time2,Numeric,63,63,0,100,0
1992_eatdis_mealtime,sub-8b39_assay-microstructure_timepoint-b.csv,timepoint,Numeric,63,63,0,100,0
1992_eatdis_mealtime,sub-8b39_assay-microstructure_timepoint-b.csv,trace,Numeric,63,63,0,100,0
1992_eatdis_mealtime,sub-960c_assay-microstructure_timepoint-a.csv,activity,Numeric,87,87,0,100,0
1992_eatdis_mealtime,sub-960c_assay-microstructure_timepoint-a.csv,food,Categorical,87,87,0,100,0
1992_eatdis_mealtime,sub-960c_assay-microstructure_timepoint-a.csv,group,Numeric,87,87,0,100,0
1992_eatdis_mealtime,sub-960c_assay-microstructure_timepoint-a.csv,id,Categorical,87,87,0,100,0
1992_eatdis_mealtime,sub-960c_assay-microstructure_timepoint-a.csv,start,Numeric,87,87,0,100,0
1992_eatdis_mealtime,sub-960c_assay-microstructure_timepoint-a.csv,time1,Numeric,87,87,0,100,0
1992_eatdis_mealtime,sub-960c_assay-microstructure_timepoint-a.csv,time2,Numeric,87,87,0,100,0
1992_eatdis_mealtime,sub-960c_assay-microstructure_timepoint-a.csv,timepoint,Numeric,87,87,0,100,0
1992_eatdis_mealtime,sub-960c_assay-microstructure_timepoint-a.csv,trace,Numeric,87,87,0,100,0
1992_eatdis_mealtime,sub-960c_assay-microstructure_timepoint-b.csv,activity,Numeric,139,139,0,100,0
1992_eatdis_mealtime,sub-960c_assay-microstructure_timepoint-b.csv,food,Categorical,139,139,0,100,0
1992_eatdis_mealtime,sub-960c_assay-microstructure_timepoint-b.csv,group,Numeric,139,139,0,100,0
1992_eatdis_mealtime,sub-960c_assay-microstructure_timepoint-b.csv,id,Categorical,139,139,0,100,0
1992_eatdis_mealtime,sub-960c_assay-microstructure_timepoint-b.csv,start,Numeric,139,139,0,100,0
1992_eatdis_mealtime,sub-960c_assay-microstructure_timepoint-b.csv,time1,Numeric,139,139,0,100,0
1992_eatdis_mealtime,sub-960c_assay-microstructure_timepoint-b.csv,time2,Numeric,139,139,0,100,0
1992_eatdis_mealtime,sub-960c_assay-microstructure_timepoint-b.csv,timepoint,Numeric,139,139,0,100,0
1992_eatdis_mealtime,sub-960c_assay-microstructure_timepoint-b.csv,trace,Numeric,139,139,0,100,0
1992_eatdis_mealtime,sub-9746_assay-microstructure_timepoint-a.csv,activity,Numeric,102,102,0,100,0
1992_eatdis_mealtime,sub-9746_assay-microstructure_timepoint-a.csv,food,Categorical,102,102,0,100,0
1992_eatdis_mealtime,sub-9746_assay-microstructure_timepoint-a.csv,group,Numeric,102,102,0,100,0
1992_eatdis_mealtime,sub-9746_assay-microstructure_timepoint-a.csv,id,Numeric,102,102,0,100,0
1992_eatdis_mealtime,sub-9746_assay-microstructure_timepoint-a.csv,start,Numeric,102,102,0,100,0
1992_eatdis_mealtime,sub-9746_assay-microstructure_timepoint-a.csv,time1,Numeric,102,102,0,100,0
1992_eatdis_mealtime,sub-9746_assay-microstructure_timepoint-a.csv,time2,Numeric,102,102,0,100,0
1992_eatdis_mealtime,sub-9746_assay-microstructure_timepoint-a.csv,timepoint,Numeric,102,102,0,100,0
1992_eatdis_mealtime,sub-9746_assay-microstructure_timepoint-a.csv,trace,Numeric,102,102,0,100,0
1992_eatdis_mealtime,sub-9746_assay-microstructure_timepoint-b.csv,activity,Numeric,106,106,0,100,0
1992_eatdis_mealtime,sub-9746_assay-microstructure_timepoint-b.csv,food,Categorical,106,106,0,100,0
1992_eatdis_mealtime,sub-9746_assay-microstructure_timepoint-b.csv,group,Numeric,106,106,0,100,0
1992_eatdis_mealtime,sub-9746_assay-microstructure_timepoint-b.csv,id,Numeric,106,106,0,100,0
1992_eatdis_mealtime,sub-9746_assay-microstructure_timepoint-b.csv,start,Numeric,106,106,0,100,0
1992_eatdis_mealtime,sub-9746_assay-microstructure_timepoint-b.csv,time1,Numeric,106,106,0,100,0
1992_eatdis_mealtime,sub-9746_assay-microstructure_timepoint-b.csv,time2,Numeric,106,106,0,100,0
1992_eatdis_mealtime,sub-9746_assay-microstructure_timepoint-b.csv,timepoint,Numeric,106,106,0,100,0
1992_eatdis_mealtime,sub-9746_assay-microstructure_timepoint-b.csv,trace,Numeric,106,106,0,100,0
1992_eatdis_mealtime,sub-9935_assay-microstructure_timepoint-a.csv,activity,Numeric,121,121,0,100,0
1992_eatdis_mealtime,sub-9935_assay-microstructure_timepoint-a.csv,food,Categorical,121,121,0,100,0
1992_eatdis_mealtime,sub-9935_assay-microstructure_timepoint-a.csv,group,Numeric,121,121,0,100,0
1992_eatdis_mealtime,sub-9935_assay-microstructure_timepoint-a.csv,id,Numeric,121,121,0,100,0
1992_eatdis_mealtime,sub-9935_assay-microstructure_timepoint-a.csv,start,Numeric,121,121,0,100,0
1992_eatdis_mealtime,sub-9935_assay-microstructure_timepoint-a.csv,time1,Numeric,121,121,0,100,0
1992_eatdis_mealtime,sub-9935_assay-microstructure_timepoint-a.csv,time2,Numeric,121,121,0,100,0
1992_eatdis_mealtime,sub-9935_assay-microstructure_timepoint-a.csv,timepoint,Numeric,121,121,0,100,0
1992_eatdis_mealtime,sub-9935_assay-microstructure_timepoint-a.csv,trace,Numeric,121,121,0,100,0
1992_eatdis_mealtime,sub-9935_assay-microstructure_timepoint-b.csv,activity,Numeric,70,70,0,100,0
1992_eatdis_mealtime,sub-9935_assay-microstructure_timepoint-b.csv,food,Categorical,70,70,0,100,0
1992_eatdis_mealtime,sub-9935_assay-microstructure_timepoint-b.csv,group,Numeric,70,70,0,100,0
1992_eatdis_mealtime,sub-9935_assay-microstructure_timepoint-b.csv,id,Numeric,70,70,0,100,0
1992_eatdis_mealtime,sub-9935_assay-microstructure_timepoint-b.csv,start,Numeric,70,70,0,100,0
1992_eatdis_mealtime,sub-9935_assay-microstructure_timepoint-b.csv,time1,Numeric,70,70,0,100,0
1992_eatdis_mealtime,sub-9935_assay-microstructure_timepoint-b.csv,time2,Numeric,70,70,0,100,0
1992_eatdis_mealtime,sub-9935_assay-microstructure_timepoint-b.csv,timepoint,Numeric,70,70,0,100,0
1992_eatdis_mealtime,sub-9935_assay-microstructure_timepoint-b.csv,trace,Numeric,70,70,0,100,0
1992_eatdis_mealtime,sub-9996_assay-microstructure_timepoint-a.csv,activity,Numeric,121,121,0,100,0
1992_eatdis_mealtime,sub-9996_assay-microstructure_timepoint-a.csv,food,Categorical,121,121,0,100,0
1992_eatdis_mealtime,sub-9996_assay-microstructure_timepoint-a.csv,group,Numeric,121,121,0,100,0
1992_eatdis_mealtime,sub-9996_assay-microstructure_timepoint-a.csv,id,Numeric,121,121,0,100,0
1992_eatdis_mealtime,sub-9996_assay-microstructure_timepoint-a.csv,start,Numeric,121,121,0,100,0
1992_eatdis_mealtime,sub-9996_assay-microstructure_timepoint-a.csv,time1,Numeric,121,121,0,100,0
1992_eatdis_mealtime,sub-9996_assay-microstructure_timepoint-a.csv,time2,Numeric,121,121,0,100,0
1992_eatdis_mealtime,sub-9996_assay-microstructure_timepoint-a.csv,timepoint,Numeric,121,121,0,100,0
1992_eatdis_mealtime,sub-9996_assay-microstructure_timepoint-a.csv,trace,Numeric,121,121,0,100,0
1992_eatdis_mealtime,sub-9996_assay-microstructure_timepoint-b.csv,activity,Numeric,70,70,0,100,0
1992_eatdis_mealtime,sub-9996_assay-microstructure_timepoint-b.csv,food,Categorical,70,70,0,100,0
1992_eatdis_mealtime,sub-9996_assay-microstructure_timepoint-b.csv,group,Numeric,70,70,0,100,0
1992_eatdis_mealtime,sub-9996_assay-microstructure_timepoint-b.csv,id,Numeric,70,70,0,100,0
1992_eatdis_mealtime,sub-9996_assay-microstructure_timepoint-b.csv,start,Numeric,70,70,0,100,0
1992_eatdis_mealtime,sub-9996_assay-microstructure_timepoint-b.csv,time1,Numeric,70,70,0,100,0
1992_eatdis_mealtime,sub-9996_assay-microstructure_timepoint-b.csv,time2,Numeric,70,70,0,100,0
1992_eatdis_mealtime,sub-9996_assay-microstructure_timepoint-b.csv,timepoint,Numeric,70,70,0,100,0
1992_eatdis_mealtime,sub-9996_assay-microstructure_timepoint-b.csv,trace,Numeric,70,70,0,100,0
1992_eatdis_mealtime,sub-9d62_assay-microstructure_timepoint-a.csv,activity,Numeric,116,116,0,100,0
1992_eatdis_mealtime,sub-9d62_assay-microstructure_timepoint-a.csv,food,Categorical,116,116,0,100,0
1992_eatdis_mealtime,sub-9d62_assay-microstructure_timepoint-a.csv,group,Numeric,116,116,0,100,0
1992_eatdis_mealtime,sub-9d62_assay-microstructure_timepoint-a.csv,id,Categorical,116,116,0,100,0
1992_eatdis_mealtime,sub-9d62_assay-microstructure_timepoint-a.csv,start,Numeric,116,116,0,100,0
1992_eatdis_mealtime,sub-9d62_assay-microstructure_timepoint-a.csv,time1,Numeric,116,116,0,100,0
1992_eatdis_mealtime,sub-9d62_assay-microstructure_timepoint-a.csv,time2,Numeric,116,116,0,100,0
1992_eatdis_mealtime,sub-9d62_assay-microstructure_timepoint-a.csv,timepoint,Numeric,116,116,0,100,0
1992_eatdis_mealtime,sub-9d62_assay-microstructure_timepoint-a.csv,trace,Numeric,116,116,0,100,0
1992_eatdis_mealtime,sub-9d62_assay-microstructure_timepoint-b.csv,activity,Numeric,91,91,0,100,0
1992_eatdis_mealtime,sub-9d62_assay-microstructure_timepoint-b.csv,food,Categorical,91,91,0,100,0
1992_eatdis_mealtime,sub-9d62_assay-microstructure_timepoint-b.csv,group,Numeric,91,91,0,100,0
1992_eatdis_mealtime,sub-9d62_assay-microstructure_timepoint-b.csv,id,Categorical,91,91,0,100,0
1992_eatdis_mealtime,sub-9d62_assay-microstructure_timepoint-b.csv,start,Numeric,91,91,0,100,0
1992_eatdis_mealtime,sub-9d62_assay-microstructure_timepoint-b.csv,time1,Numeric,91,91,0,100,0
1992_eatdis_mealtime,sub-9d62_assay-microstructure_timepoint-b.csv,time2,Numeric,91,91,0,100,0
1992_eatdis_mealtime,sub-9d62_assay-microstructure_timepoint-b.csv,timepoint,Numeric,91,91,0,100,0
1992_eatdis_mealtime,sub-9d62_assay-microstructure_timepoint-b.csv,trace,Numeric,91,91,0,100,0
1992_eatdis_mealtime,sub-9ec8_assay-microstructure_timepoint-a.csv,activity,Numeric,492,492,0,100,0
1992_eatdis_mealtime,sub-9ec8_assay-microstructure_timepoint-a.csv,food,Categorical,492,492,0,100,0
1992_eatdis_mealtime,sub-9ec8_assay-microstructure_timepoint-a.csv,group,Numeric,492,492,0,100,0
1992_eatdis_mealtime,sub-9ec8_assay-microstructure_timepoint-a.csv,id,Categorical,492,492,0,100,0
1992_eatdis_mealtime,sub-9ec8_assay-microstructure_timepoint-a.csv,start,Numeric,492,492,0,100,0
1992_eatdis_mealtime,sub-9ec8_assay-microstructure_timepoint-a.csv,time1,Numeric,492,492,0,100,0
1992_eatdis_mealtime,sub-9ec8_assay-microstructure_timepoint-a.csv,time2,Numeric,492,492,0,100,0
1992_eatdis_mealtime,sub-9ec8_assay-microstructure_timepoint-a.csv,timepoint,Numeric,492,492,0,100,0
1992_eatdis_mealtime,sub-9ec8_assay-microstructure_timepoint-a.csv,trace,Numeric,492,492,0,100,0
1992_eatdis_mealtime,sub-9ec8_assay-microstructure_timepoint-b.csv,activity,Numeric,275,275,0,100,0
1992_eatdis_mealtime,sub-9ec8_assay-microstructure_timepoint-b.csv,food,Categorical,275,275,0,100,0
1992_eatdis_mealtime,sub-9ec8_assay-microstructure_timepoint-b.csv,group,Numeric,275,275,0,100,0
1992_eatdis_mealtime,sub-9ec8_assay-microstructure_timepoint-b.csv,id,Categorical,275,275,0,100,0
1992_eatdis_mealtime,sub-9ec8_assay-microstructure_timepoint-b.csv,start,Numeric,275,275,0,100,0
1992_eatdis_mealtime,sub-9ec8_assay-microstructure_timepoint-b.csv,time1,Numeric,275,275,0,100,0
1992_eatdis_mealtime,sub-9ec8_assay-microstructure_timepoint-b.csv,time2,Numeric,275,275,0,100,0
1992_eatdis_mealtime,sub-9ec8_assay-microstructure_timepoint-b.csv,timepoint,Numeric,275,275,0,100,0
1992_eatdis_mealtime,sub-9ec8_assay-microstructure_timepoint-b.csv,trace,Numeric,275,275,0,100,0
1992_eatdis_mealtime,sub-a72e_assay-microstructure_timepoint-a.csv,activity,Numeric,116,116,0,100,0
1992_eatdis_mealtime,sub-a72e_assay-microstructure_timepoint-a.csv,food,Categorical,116,116,0,100,0
1992_eatdis_mealtime,sub-a72e_assay-microstructure_timepoint-a.csv,group,Numeric,116,116,0,100,0
1992_eatdis_mealtime,sub-a72e_assay-microstructure_timepoint-a.csv,id,Categorical,116,116,0,100,0
1992_eatdis_mealtime,sub-a72e_assay-microstructure_timepoint-a.csv,start,Numeric,116,116,0,100,0
1992_eatdis_mealtime,sub-a72e_assay-microstructure_timepoint-a.csv,time1,Numeric,116,116,0,100,0
1992_eatdis_mealtime,sub-a72e_assay-microstructure_timepoint-a.csv,time2,Numeric,116,116,0,100,0
1992_eatdis_mealtime,sub-a72e_assay-microstructure_timepoint-a.csv,timepoint,Numeric,116,116,0,100,0
1992_eatdis_mealtime,sub-a72e_assay-microstructure_timepoint-a.csv,trace,Numeric,116,116,0,100,0
1992_eatdis_mealtime,sub-a72e_assay-microstructure_timepoint-b.csv,activity,Numeric,91,91,0,100,0
1992_eatdis_mealtime,sub-a72e_assay-microstructure_timepoint-b.csv,food,Categorical,91,91,0,100,0
1992_eatdis_mealtime,sub-a72e_assay-microstructure_timepoint-b.csv,group,Numeric,91,91,0,100,0
1992_eatdis_mealtime,sub-a72e_assay-microstructure_timepoint-b.csv,id,Categorical,91,91,0,100,0
1992_eatdis_mealtime,sub-a72e_assay-microstructure_timepoint-b.csv,start,Numeric,91,91,0,100,0
1992_eatdis_mealtime,sub-a72e_assay-microstructure_timepoint-b.csv,time1,Numeric,91,91,0,100,0
1992_eatdis_mealtime,sub-a72e_assay-microstructure_timepoint-b.csv,time2,Numeric,91,91,0,100,0
1992_eatdis_mealtime,sub-a72e_assay-microstructure_timepoint-b.csv,timepoint,Numeric,91,91,0,100,0
1992_eatdis_mealtime,sub-a72e_assay-microstructure_timepoint-b.csv,trace,Numeric,91,91,0,100,0
1992_eatdis_mealtime,sub-aaca_assay-microstructure_timepoint-a.csv,activity,Numeric,116,116,0,100,0
1992_eatdis_mealtime,sub-aaca_assay-microstructure_timepoint-a.csv,food,Categorical,116,116,0,100,0
1992_eatdis_mealtime,sub-aaca_assay-microstructure_timepoint-a.csv,group,Numeric,116,116,0,100,0
1992_eatdis_mealtime,sub-aaca_assay-microstructure_timepoint-a.csv,id,Categorical,116,116,0,100,0
1992_eatdis_mealtime,sub-aaca_assay-microstructure_timepoint-a.csv,start,Numeric,116,116,0,100,0
1992_eatdis_mealtime,sub-aaca_assay-microstructure_timepoint-a.csv,time1,Numeric,116,116,0,100,0
1992_eatdis_mealtime,sub-aaca_assay-microstructure_timepoint-a.csv,time2,Numeric,116,116,0,100,0
1992_eatdis_mealtime,sub-aaca_assay-microstructure_timepoint-a.csv,timepoint,Numeric,116,116,0,100,0
1992_eatdis_mealtime,sub-aaca_assay-microstructure_timepoint-a.csv,trace,Numeric,116,116,0,100,0
1992_eatdis_mealtime,sub-aaca_assay-microstructure_timepoint-b.csv,activity,Numeric,91,91,0,100,0
1992_eatdis_mealtime,sub-aaca_assay-microstructure_timepoint-b.csv,food,Categorical,91,91,0,100,0
1992_eatdis_mealtime,sub-aaca_assay-microstructure_timepoint-b.csv,group,Numeric,91,91,0,100,0
1992_eatdis_mealtime,sub-aaca_assay-microstructure_timepoint-b.csv,id,Categorical,91,91,0,100,0
1992_eatdis_mealtime,sub-aaca_assay-microstructure_timepoint-b.csv,start,Numeric,91,91,0,100,0
1992_eatdis_mealtime,sub-aaca_assay-microstructure_timepoint-b.csv,time1,Numeric,91,91,0,100,0
1992_eatdis_mealtime,sub-aaca_assay-microstructure_timepoint-b.csv,time2,Numeric,91,91,0,100,0
1992_eatdis_mealtime,sub-aaca_assay-microstructure_timepoint-b.csv,timepoint,Numeric,91,91,0,100,0
1992_eatdis_mealtime,sub-aaca_assay-microstructure_timepoint-b.csv,trace,Numeric,91,91,0,100,0
1992_eatdis_mealtime,sub-b134_assay-microstructure_timepoint-a.csv,activity,Numeric,161,161,0,100,0
1992_eatdis_mealtime,sub-b134_assay-microstructure_timepoint-a.csv,food,Categorical,161,161,0,100,0
1992_eatdis_mealtime,sub-b134_assay-microstructure_timepoint-a.csv,group,Numeric,161,161,0,100,0
1992_eatdis_mealtime,sub-b134_assay-microstructure_timepoint-a.csv,id,Categorical,161,161,0,100,0
1992_eatdis_mealtime,sub-b134_assay-microstructure_timepoint-a.csv,start,Numeric,161,161,0,100,0
1992_eatdis_mealtime,sub-b134_assay-microstructure_timepoint-a.csv,time1,Numeric,161,161,0,100,0
1992_eatdis_mealtime,sub-b134_assay-microstructure_timepoint-a.csv,time2,Numeric,161,161,0,100,0
1992_eatdis_mealtime,sub-b134_assay-microstructure_timepoint-a.csv,timepoint,Numeric,161,161,0,100,0
1992_eatdis_mealtime,sub-b134_assay-microstructure_timepoint-a.csv,trace,Numeric,161,161,0,100,0
1992_eatdis_mealtime,sub-b134_assay-microstructure_timepoint-b.csv,activity,Numeric,150,150,0,100,0
1992_eatdis_mealtime,sub-b134_assay-microstructure_timepoint-b.csv,food,Categorical,150,150,0,100,0
1992_eatdis_mealtime,sub-b134_assay-microstructure_timepoint-b.csv,group,Numeric,150,150,0,100,0
1992_eatdis_mealtime,sub-b134_assay-microstructure_timepoint-b.csv,id,Categorical,150,150,0,100,0
1992_eatdis_mealtime,sub-b134_assay-microstructure_timepoint-b.csv,start,Numeric,150,150,0,100,0
1992_eatdis_mealtime,sub-b134_assay-microstructure_timepoint-b.csv,time1,Numeric,150,150,0,100,0
1992_eatdis_mealtime,sub-b134_assay-microstructure_timepoint-b.csv,time2,Numeric,150,150,0,100,0
1992_eatdis_mealtime,sub-b134_assay-microstructure_timepoint-b.csv,timepoint,Numeric,150,150,0,100,0
1992_eatdis_mealtime,sub-b134_assay-microstructure_timepoint-b.csv,trace,Numeric,150,150,0,100,0
1992_eatdis_mealtime,sub-b451_assay-microstructure_timepoint-a.csv,activity,Numeric,1,1,0,100,0
1992_eatdis_mealtime,sub-b451_assay-microstructure_timepoint-a.csv,food,Categorical,1,1,0,100,0
1992_eatdis_mealtime,sub-b451_assay-microstructure_timepoint-a.csv,group,Numeric,1,1,0,100,0
1992_eatdis_mealtime,sub-b451_assay-microstructure_timepoint-a.csv,id,Categorical,1,1,0,100,0
1992_eatdis_mealtime,sub-b451_assay-microstructure_timepoint-a.csv,start,Numeric,1,1,0,100,0
1992_eatdis_mealtime,sub-b451_assay-microstructure_timepoint-a.csv,time1,Numeric,1,1,0,100,0
1992_eatdis_mealtime,sub-b451_assay-microstructure_timepoint-a.csv,time2,Numeric,1,1,0,100,0
1992_eatdis_mealtime,sub-b451_assay-microstructure_timepoint-a.csv,timepoint,Numeric,1,1,0,100,0
1992_eatdis_mealtime,sub-b451_assay-microstructure_timepoint-a.csv,trace,Numeric,1,1,0,100,0
1992_eatdis_mealtime,sub-b451_assay-microstructure_timepoint-b.csv,activity,Numeric,137,137,0,100,0
1992_eatdis_mealtime,sub-b451_assay-microstructure_timepoint-b.csv,food,Categorical,137,137,0,100,0
1992_eatdis_mealtime,sub-b451_assay-microstructure_timepoint-b.csv,group,Numeric,137,137,0,100,0
1992_eatdis_mealtime,sub-b451_assay-microstructure_timepoint-b.csv,id,Categorical,137,137,0,100,0
1992_eatdis_mealtime,sub-b451_assay-microstructure_timepoint-b.csv,start,Numeric,137,137,0,100,0
1992_eatdis_mealtime,sub-b451_assay-microstructure_timepoint-b.csv,time1,Numeric,137,137,0,100,0
1992_eatdis_mealtime,sub-b451_assay-microstructure_timepoint-b.csv,time2,Numeric,137,137,0,100,0
1992_eatdis_mealtime,sub-b451_assay-microstructure_timepoint-b.csv,timepoint,Numeric,137,137,0,100,0
1992_eatdis_mealtime,sub-b451_assay-microstructure_timepoint-b.csv,trace,Numeric,137,137,0,100,0
1992_eatdis_mealtime,sub-c4dc_assay-microstructure_timepoint-a.csv,activity,Numeric,492,492,0,100,0
1992_eatdis_mealtime,sub-c4dc_assay-microstructure_timepoint-a.csv,food,Categorical,492,492,0,100,0
1992_eatdis_mealtime,sub-c4dc_assay-microstructure_timepoint-a.csv,group,Numeric,492,492,0,100,0
1992_eatdis_mealtime,sub-c4dc_assay-microstructure_timepoint-a.csv,id,Categorical,492,492,0,100,0
1992_eatdis_mealtime,sub-c4dc_assay-microstructure_timepoint-a.csv,start,Numeric,492,492,0,100,0
1992_eatdis_mealtime,sub-c4dc_assay-microstructure_timepoint-a.csv,time1,Numeric,492,492,0,100,0
1992_eatdis_mealtime,sub-c4dc_assay-microstructure_timepoint-a.csv,time2,Numeric,492,492,0,100,0
1992_eatdis_mealtime,sub-c4dc_assay-microstructure_timepoint-a.csv,timepoint,Numeric,492,492,0,100,0
1992_eatdis_mealtime,sub-c4dc_assay-microstructure_timepoint-a.csv,trace,Numeric,492,492,0,100,0
1992_eatdis_mealtime,sub-c4dc_assay-microstructure_timepoint-b.csv,activity,Numeric,275,275,0,100,0
1992_eatdis_mealtime,sub-c4dc_assay-microstructure_timepoint-b.csv,food,Categorical,275,275,0,100,0
1992_eatdis_mealtime,sub-c4dc_assay-microstructure_timepoint-b.csv,group,Numeric,275,275,0,100,0
1992_eatdis_mealtime,sub-c4dc_assay-microstructure_timepoint-b.csv,id,Categorical,275,275,0,100,0
1992_eatdis_mealtime,sub-c4dc_assay-microstructure_timepoint-b.csv,start,Numeric,275,275,0,100,0
1992_eatdis_mealtime,sub-c4dc_assay-microstructure_timepoint-b.csv,time1,Numeric,275,275,0,100,0
1992_eatdis_mealtime,sub-c4dc_assay-microstructure_timepoint-b.csv,time2,Numeric,275,275,0,100,0
1992_eatdis_mealtime,sub-c4dc_assay-microstructure_timepoint-b.csv,timepoint,Numeric,275,275,0,100,0
1992_eatdis_mealtime,sub-c4dc_assay-microstructure_timepoint-b.csv,trace,Numeric,275,275,0,100,0
1992_eatdis_mealtime,sub-c524_assay-microstructure_timepoint-a.csv,activity,Numeric,113,113,0,100,0
1992_eatdis_mealtime,sub-c524_assay-microstructure_timepoint-a.csv,food,Categorical,113,113,0,100,0
1992_eatdis_mealtime,sub-c524_assay-microstructure_timepoint-a.csv,group,Numeric,113,113,0,100,0
1992_eatdis_mealtime,sub-c524_assay-microstructure_timepoint-a.csv,id,Categorical,113,113,0,100,0
1992_eatdis_mealtime,sub-c524_assay-microstructure_timepoint-a.csv,start,Numeric,113,113,0,100,0
1992_eatdis_mealtime,sub-c524_assay-microstructure_timepoint-a.csv,time1,Numeric,113,113,0,100,0
1992_eatdis_mealtime,sub-c524_assay-microstructure_timepoint-a.csv,time2,Numeric,113,113,0,100,0
1992_eatdis_mealtime,sub-c524_assay-microstructure_timepoint-a.csv,timepoint,Numeric,113,113,0,100,0
1992_eatdis_mealtime,sub-c524_assay-microstructure_timepoint-a.csv,trace,Numeric,113,113,0,100,0
1992_eatdis_mealtime,sub-c524_assay-microstructure_timepoint-b.csv,activity,Numeric,66,66,0,100,0
1992_eatdis_mealtime,sub-c524_assay-microstructure_timepoint-b.csv,food,Categorical,66,66,0,100,0
1992_eatdis_mealtime,sub-c524_assay-microstructure_timepoint-b.csv,group,Numeric,66,66,0,100,0
1992_eatdis_mealtime,sub-c524_assay-microstructure_timepoint-b.csv,id,Categorical,66,66,0,100,0
1992_eatdis_mealtime,sub-c524_assay-microstructure_timepoint-b.csv,start,Numeric,66,66,0,100,0
1992_eatdis_mealtime,sub-c524_assay-microstructure_timepoint-b.csv,time1,Numeric,66,66,0,100,0
1992_eatdis_mealtime,sub-c524_assay-microstructure_timepoint-b.csv,time2,Numeric,66,66,0,100,0
1992_eatdis_mealtime,sub-c524_assay-microstructure_timepoint-b.csv,timepoint,Numeric,66,66,0,100,0
1992_eatdis_mealtime,sub-c524_assay-microstructure_timepoint-b.csv,trace,Numeric,66,66,0,100,0
1992_eatdis_mealtime,sub-c52c_assay-microstructure_timepoint-a.csv,activity,Numeric,87,87,0,100,0
1992_eatdis_mealtime,sub-c52c_assay-microstructure_timepoint-a.csv,food,Categorical,87,87,0,100,0
1992_eatdis_mealtime,sub-c52c_assay-microstructure_timepoint-a.csv,group,Numeric,87,87,0,100,0
1992_eatdis_mealtime,sub-c52c_assay-microstructure_timepoint-a.csv,id,Categorical,87,87,0,100,0
1992_eatdis_mealtime,sub-c52c_assay-microstructure_timepoint-a.csv,start,Numeric,87,87,0,100,0
1992_eatdis_mealtime,sub-c52c_assay-microstructure_timepoint-a.csv,time1,Numeric,87,87,0,100,0
1992_eatdis_mealtime,sub-c52c_assay-microstructure_timepoint-a.csv,time2,Numeric,87,87,0,100,0
1992_eatdis_mealtime,sub-c52c_assay-microstructure_timepoint-a.csv,timepoint,Numeric,87,87,0,100,0
1992_eatdis_mealtime,sub-c52c_assay-microstructure_timepoint-a.csv,trace,Numeric,87,87,0,100,0
1992_eatdis_mealtime,sub-c52c_assay-microstructure_timepoint-b.csv,activity,Numeric,139,139,0,100,0
1992_eatdis_mealtime,sub-c52c_assay-microstructure_timepoint-b.csv,food,Categorical,139,139,0,100,0
1992_eatdis_mealtime,sub-c52c_assay-microstructure_timepoint-b.csv,group,Numeric,139,139,0,100,0
1992_eatdis_mealtime,sub-c52c_assay-microstructure_timepoint-b.csv,id,Categorical,139,139,0,100,0
1992_eatdis_mealtime,sub-c52c_assay-microstructure_timepoint-b.csv,start,Numeric,139,139,0,100,0
1992_eatdis_mealtime,sub-c52c_assay-microstructure_timepoint-b.csv,time1,Numeric,139,139,0,100,0
1992_eatdis_mealtime,sub-c52c_assay-microstructure_timepoint-b.csv,time2,Numeric,139,139,0,100,0
1992_eatdis_mealtime,sub-c52c_assay-microstructure_timepoint-b.csv,timepoint,Numeric,139,139,0,100,0
1992_eatdis_mealtime,sub-c52c_assay-microstructure_timepoint-b.csv,trace,Numeric,139,139,0,100,0
1992_eatdis_mealtime,sub-c5c4_assay-microstructure_timepoint-a.csv,activity,Numeric,120,120,0,100,0
1992_eatdis_mealtime,sub-c5c4_assay-microstructure_timepoint-a.csv,food,Categorical,120,120,0,100,0
1992_eatdis_mealtime,sub-c5c4_assay-microstructure_timepoint-a.csv,group,Numeric,120,120,0,100,0
1992_eatdis_mealtime,sub-c5c4_assay-microstructure_timepoint-a.csv,id,Categorical,120,120,0,100,0
1992_eatdis_mealtime,sub-c5c4_assay-microstructure_timepoint-a.csv,start,Numeric,120,120,0,100,0
1992_eatdis_mealtime,sub-c5c4_assay-microstructure_timepoint-a.csv,time1,Numeric,120,120,0,100,0
1992_eatdis_mealtime,sub-c5c4_assay-microstructure_timepoint-a.csv,time2,Numeric,120,120,0,100,0
1992_eatdis_mealtime,sub-c5c4_assay-microstructure_timepoint-a.csv,timepoint,Numeric,120,120,0,100,0
1992_eatdis_mealtime,sub-c5c4_assay-microstructure_timepoint-a.csv,trace,Numeric,120,120,0,100,0
1992_eatdis_mealtime,sub-c5c4_assay-microstructure_timepoint-b.csv,activity,Numeric,93,93,0,100,0
1992_eatdis_mealtime,sub-c5c4_assay-microstructure_timepoint-b.csv,food,Categorical,93,93,0,100,0
1992_eatdis_mealtime,sub-c5c4_assay-microstructure_timepoint-b.csv,group,Numeric,93,93,0,100,0
1992_eatdis_mealtime,sub-c5c4_assay-microstructure_timepoint-b.csv,id,Categorical,93,93,0,100,0
1992_eatdis_mealtime,sub-c5c4_assay-microstructure_timepoint-b.csv,start,Numeric,93,93,0,100,0
1992_eatdis_mealtime,sub-c5c4_assay-microstructure_timepoint-b.csv,time1,Numeric,93,93,0,100,0
1992_eatdis_mealtime,sub-c5c4_assay-microstructure_timepoint-b.csv,time2,Numeric,93,93,0,100,0
1992_eatdis_mealtime,sub-c5c4_assay-microstructure_timepoint-b.csv,timepoint,Numeric,93,93,0,100,0
1992_eatdis_mealtime,sub-c5c4_assay-microstructure_timepoint-b.csv,trace,Numeric,93,93,0,100,0
1992_eatdis_mealtime,sub-cfd3_assay-microstructure_timepoint-a.csv,activity,Numeric,102,102,0,100,0
1992_eatdis_mealtime,sub-cfd3_assay-microstructure_timepoint-a.csv,food,Categorical,102,102,0,100,0
1992_eatdis_mealtime,sub-cfd3_assay-microstructure_timepoint-a.csv,group,Numeric,102,102,0,100,0
1992_eatdis_mealtime,sub-cfd3_assay-microstructure_timepoint-a.csv,id,Categorical,102,102,0,100,0
1992_eatdis_mealtime,sub-cfd3_assay-microstructure_timepoint-a.csv,start,Numeric,102,102,0,100,0
1992_eatdis_mealtime,sub-cfd3_assay-microstructure_timepoint-a.csv,time1,Numeric,102,102,0,100,0
1992_eatdis_mealtime,sub-cfd3_assay-microstructure_timepoint-a.csv,time2,Numeric,102,102,0,100,0
1992_eatdis_mealtime,sub-cfd3_assay-microstructure_timepoint-a.csv,timepoint,Numeric,102,102,0,100,0
1992_eatdis_mealtime,sub-cfd3_assay-microstructure_timepoint-a.csv,trace,Numeric,102,102,0,100,0
1992_eatdis_mealtime,sub-cfd3_assay-microstructure_timepoint-b.csv,activity,Numeric,106,106,0,100,0
1992_eatdis_mealtime,sub-cfd3_assay-microstructure_timepoint-b.csv,food,Categorical,106,106,0,100,0
1992_eatdis_mealtime,sub-cfd3_assay-microstructure_timepoint-b.csv,group,Numeric,106,106,0,100,0
1992_eatdis_mealtime,sub-cfd3_assay-microstructure_timepoint-b.csv,id,Categorical,106,106,0,100,0
1992_eatdis_mealtime,sub-cfd3_assay-microstructure_timepoint-b.csv,start,Numeric,106,106,0,100,0
1992_eatdis_mealtime,sub-cfd3_assay-microstructure_timepoint-b.csv,time1,Numeric,106,106,0,100,0
1992_eatdis_mealtime,sub-cfd3_assay-microstructure_timepoint-b.csv,time2,Numeric,106,106,0,100,0
1992_eatdis_mealtime,sub-cfd3_assay-microstructure_timepoint-b.csv,timepoint,Numeric,106,106,0,100,0
1992_eatdis_mealtime,sub-cfd3_assay-microstructure_timepoint-b.csv,trace,Numeric,106,106,0,100,0
1992_eatdis_mealtime,sub-d2aa_assay-microstructure_timepoint-a.csv,activity,Numeric,121,121,0,100,0
1992_eatdis_mealtime,sub-d2aa_assay-microstructure_timepoint-a.csv,food,Categorical,121,121,0,100,0
1992_eatdis_mealtime,sub-d2aa_assay-microstructure_timepoint-a.csv,group,Numeric,121,121,0,100,0
1992_eatdis_mealtime,sub-d2aa_assay-microstructure_timepoint-a.csv,id,Categorical,121,121,0,100,0
1992_eatdis_mealtime,sub-d2aa_assay-microstructure_timepoint-a.csv,start,Numeric,121,121,0,100,0
1992_eatdis_mealtime,sub-d2aa_assay-microstructure_timepoint-a.csv,time1,Numeric,121,121,0,100,0
1992_eatdis_mealtime,sub-d2aa_assay-microstructure_timepoint-a.csv,time2,Numeric,121,121,0,100,0
1992_eatdis_mealtime,sub-d2aa_assay-microstructure_timepoint-a.csv,timepoint,Numeric,121,121,0,100,0
1992_eatdis_mealtime,sub-d2aa_assay-microstructure_timepoint-a.csv,trace,Numeric,121,121,0,100,0
1992_eatdis_mealtime,sub-d2aa_assay-microstructure_timepoint-b.csv,activity,Numeric,70,70,0,100,0
1992_eatdis_mealtime,sub-d2aa_assay-microstructure_timepoint-b.csv,food,Categorical,70,70,0,100,0
1992_eatdis_mealtime,sub-d2aa_assay-microstructure_timepoint-b.csv,group,Numeric,70,70,0,100,0
1992_eatdis_mealtime,sub-d2aa_assay-microstructure_timepoint-b.csv,id,Categorical,70,70,0,100,0
1992_eatdis_mealtime,sub-d2aa_assay-microstructure_timepoint-b.csv,start,Numeric,70,70,0,100,0
1992_eatdis_mealtime,sub-d2aa_assay-microstructure_timepoint-b.csv,time1,Numeric,70,70,0,100,0
1992_eatdis_mealtime,sub-d2aa_assay-microstructure_timepoint-b.csv,time2,Numeric,70,70,0,100,0
1992_eatdis_mealtime,sub-d2aa_assay-microstructure_timepoint-b.csv,timepoint,Numeric,70,70,0,100,0
1992_eatdis_mealtime,sub-d2aa_assay-microstructure_timepoint-b.csv,trace,Numeric,70,70,0,100,0
1992_eatdis_mealtime,sub-da6e_assay-microstructure_timepoint-a.csv,activity,Numeric,230,230,0,100,0
1992_eatdis_mealtime,sub-da6e_assay-microstructure_timepoint-a.csv,food,Categorical,230,230,0,100,0
1992_eatdis_mealtime,sub-da6e_assay-microstructure_timepoint-a.csv,group,Numeric,230,230,0,100,0
1992_eatdis_mealtime,sub-da6e_assay-microstructure_timepoint-a.csv,id,Categorical,230,230,0,100,0
1992_eatdis_mealtime,sub-da6e_assay-microstructure_timepoint-a.csv,start,Numeric,230,230,0,100,0
1992_eatdis_mealtime,sub-da6e_assay-microstructure_timepoint-a.csv,time1,Numeric,230,230,0,100,0
1992_eatdis_mealtime,sub-da6e_assay-microstructure_timepoint-a.csv,time2,Numeric,230,230,0,100,0
1992_eatdis_mealtime,sub-da6e_assay-microstructure_timepoint-a.csv,timepoint,Numeric,230,230,0,100,0
1992_eatdis_mealtime,sub-da6e_assay-microstructure_timepoint-a.csv,trace,Numeric,230,230,0,100,0
1992_eatdis_mealtime,sub-da6e_assay-microstructure_timepoint-b.csv,activity,Numeric,209,209,0,100,0
1992_eatdis_mealtime,sub-da6e_assay-microstructure_timepoint-b.csv,food,Categorical,209,209,0,100,0
1992_eatdis_mealtime,sub-da6e_assay-microstructure_timepoint-b.csv,group,Numeric,209,209,0,100,0
1992_eatdis_mealtime,sub-da6e_assay-microstructure_timepoint-b.csv,id,Categorical,209,209,0,100,0
1992_eatdis_mealtime,sub-da6e_assay-microstructure_timepoint-b.csv,start,Numeric,209,209,0,100,0
1992_eatdis_mealtime,sub-da6e_assay-microstructure_timepoint-b.csv,time1,Numeric,209,209,0,100,0
1992_eatdis_mealtime,sub-da6e_assay-microstructure_timepoint-b.csv,time2,Numeric,209,209,0,100,0
1992_eatdis_mealtime,sub-da6e_assay-microstructure_timepoint-b.csv,timepoint,Numeric,209,209,0,100,0
1992_eatdis_mealtime,sub-da6e_assay-microstructure_timepoint-b.csv,trace,Numeric,209,209,0,100,0
1992_eatdis_mealtime,sub-e6b2_assay-microstructure_timepoint-a.csv,activity,Numeric,133,133,0,100,0
1992_eatdis_mealtime,sub-e6b2_assay-microstructure_timepoint-a.csv,food,Categorical,133,133,0,100,0
1992_eatdis_mealtime,sub-e6b2_assay-microstructure_timepoint-a.csv,group,Numeric,133,133,0,100,0
1992_eatdis_mealtime,sub-e6b2_assay-microstructure_timepoint-a.csv,id,Categorical,133,133,0,100,0
1992_eatdis_mealtime,sub-e6b2_assay-microstructure_timepoint-a.csv,start,Numeric,133,133,0,100,0
1992_eatdis_mealtime,sub-e6b2_assay-microstructure_timepoint-a.csv,time1,Numeric,133,133,0,100,0
1992_eatdis_mealtime,sub-e6b2_assay-microstructure_timepoint-a.csv,time2,Numeric,133,133,0,100,0
1992_eatdis_mealtime,sub-e6b2_assay-microstructure_timepoint-a.csv,timepoint,Numeric,133,133,0,100,0
1992_eatdis_mealtime,sub-e6b2_assay-microstructure_timepoint-a.csv,trace,Numeric,133,133,0,100,0
1992_eatdis_mealtime,sub-e6b2_assay-microstructure_timepoint-b.csv,activity,Numeric,152,152,0,100,0
1992_eatdis_mealtime,sub-e6b2_assay-microstructure_timepoint-b.csv,food,Categorical,152,152,0,100,0
1992_eatdis_mealtime,sub-e6b2_assay-microstructure_timepoint-b.csv,group,Numeric,152,152,0,100,0
1992_eatdis_mealtime,sub-e6b2_assay-microstructure_timepoint-b.csv,id,Categorical,152,152,0,100,0
1992_eatdis_mealtime,sub-e6b2_assay-microstructure_timepoint-b.csv,start,Numeric,152,152,0,100,0
1992_eatdis_mealtime,sub-e6b2_assay-microstructure_timepoint-b.csv,time1,Numeric,152,152,0,100,0
1992_eatdis_mealtime,sub-e6b2_assay-microstructure_timepoint-b.csv,time2,Numeric,152,152,0,100,0
1992_eatdis_mealtime,sub-e6b2_assay-microstructure_timepoint-b.csv,timepoint,Numeric,152,152,0,100,0
1992_eatdis_mealtime,sub-e6b2_assay-microstructure_timepoint-b.csv,trace,Numeric,152,152,0,100,0
1992_eatdis_mealtime,sub-e7dc_assay-microstructure_timepoint-a.csv,activity,Numeric,121,121,0,100,0
1992_eatdis_mealtime,sub-e7dc_assay-microstructure_timepoint-a.csv,food,Categorical,121,121,0,100,0
1992_eatdis_mealtime,sub-e7dc_assay-microstructure_timepoint-a.csv,group,Numeric,121,121,0,100,0
1992_eatdis_mealtime,sub-e7dc_assay-microstructure_timepoint-a.csv,id,Categorical,121,121,0,100,0
1992_eatdis_mealtime,sub-e7dc_assay-microstructure_timepoint-a.csv,start,Numeric,121,121,0,100,0
1992_eatdis_mealtime,sub-e7dc_assay-microstructure_timepoint-a.csv,time1,Numeric,121,121,0,100,0
1992_eatdis_mealtime,sub-e7dc_assay-microstructure_timepoint-a.csv,time2,Numeric,121,121,0,100,0
1992_eatdis_mealtime,sub-e7dc_assay-microstructure_timepoint-a.csv,timepoint,Numeric,121,121,0,100,0
1992_eatdis_mealtime,sub-e7dc_assay-microstructure_timepoint-a.csv,trace,Numeric,121,121,0,100,0
1992_eatdis_mealtime,sub-e7dc_assay-microstructure_timepoint-b.csv,activity,Numeric,123,123,0,100,0
1992_eatdis_mealtime,sub-e7dc_assay-microstructure_timepoint-b.csv,food,Categorical,123,123,0,100,0
1992_eatdis_mealtime,sub-e7dc_assay-microstructure_timepoint-b.csv,group,Numeric,123,123,0,100,0
1992_eatdis_mealtime,sub-e7dc_assay-microstructure_timepoint-b.csv,id,Categorical,123,123,0,100,0
1992_eatdis_mealtime,sub-e7dc_assay-microstructure_timepoint-b.csv,start,Numeric,123,123,0,100,0
1992_eatdis_mealtime,sub-e7dc_assay-microstructure_timepoint-b.csv,time1,Numeric,123,123,0,100,0
1992_eatdis_mealtime,sub-e7dc_assay-microstructure_timepoint-b.csv,time2,Numeric,123,123,0,100,0
1992_eatdis_mealtime,sub-e7dc_assay-microstructure_timepoint-b.csv,timepoint,Numeric,123,123,0,100,0
1992_eatdis_mealtime,sub-e7dc_assay-microstructure_timepoint-b.csv,trace,Numeric,123,123,0,100,0
1992_eatdis_mealtime,sub-eac6_assay-microstructure_timepoint-a.csv,activity,Numeric,230,230,0,100,0
1992_eatdis_mealtime,sub-eac6_assay-microstructure_timepoint-a.csv,food,Categorical,230,230,0,100,0
1992_eatdis_mealtime,sub-eac6_assay-microstructure_timepoint-a.csv,group,Numeric,230,230,0,100,0
1992_eatdis_mealtime,sub-eac6_assay-microstructure_timepoint-a.csv,id,Categorical,230,230,0,100,0
1992_eatdis_mealtime,sub-eac6_assay-microstructure_timepoint-a.csv,start,Numeric,230,230,0,100,0
1992_eatdis_mealtime,sub-eac6_assay-microstructure_timepoint-a.csv,time1,Numeric,230,230,0,100,0
1992_eatdis_mealtime,sub-eac6_assay-microstructure_timepoint-a.csv,time2,Numeric,230,230,0,100,0
1992_eatdis_mealtime,sub-eac6_assay-microstructure_timepoint-a.csv,timepoint,Numeric,230,230,0,100,0
1992_eatdis_mealtime,sub-eac6_assay-microstructure_timepoint-a.csv,trace,Numeric,230,230,0,100,0
1992_eatdis_mealtime,sub-eac6_assay-microstructure_timepoint-b.csv,activity,Numeric,209,209,0,100,0
1992_eatdis_mealtime,sub-eac6_assay-microstructure_timepoint-b.csv,food,Categorical,209,209,0,100,0
1992_eatdis_mealtime,sub-eac6_assay-microstructure_timepoint-b.csv,group,Numeric,209,209,0,100,0
1992_eatdis_mealtime,sub-eac6_assay-microstructure_timepoint-b.csv,id,Categorical,209,209,0,100,0
1992_eatdis_mealtime,sub-eac6_assay-microstructure_timepoint-b.csv,start,Numeric,209,209,0,100,0
1992_eatdis_mealtime,sub-eac6_assay-microstructure_timepoint-b.csv,time1,Numeric,209,209,0,100,0
1992_eatdis_mealtime,sub-eac6_assay-microstructure_timepoint-b.csv,time2,Numeric,209,209,0,100,0
1992_eatdis_mealtime,sub-eac6_assay-microstructure_timepoint-b.csv,timepoint,Numeric,209,209,0,100,0
1992_eatdis_mealtime,sub-eac6_assay-microstructure_timepoint-b.csv,trace,Numeric,209,209,0,100,0
1992_eatdis_mealtime,sub-f1e2_assay-microstructure_timepoint-a.csv,activity,Numeric,120,120,0,100,0
1992_eatdis_mealtime,sub-f1e2_assay-microstructure_timepoint-a.csv,food,Categorical,120,120,0,100,0
1992_eatdis_mealtime,sub-f1e2_assay-microstructure_timepoint-a.csv,group,Numeric,120,120,0,100,0
1992_eatdis_mealtime,sub-f1e2_assay-microstructure_timepoint-a.csv,id,Categorical,120,120,0,100,0
1992_eatdis_mealtime,sub-f1e2_assay-microstructure_timepoint-a.csv,start,Numeric,120,120,0,100,0
1992_eatdis_mealtime,sub-f1e2_assay-microstructure_timepoint-a.csv,time1,Numeric,120,120,0,100,0
1992_eatdis_mealtime,sub-f1e2_assay-microstructure_timepoint-a.csv,time2,Numeric,120,120,0,100,0
1992_eatdis_mealtime,sub-f1e2_assay-microstructure_timepoint-a.csv,timepoint,Numeric,120,120,0,100,0
1992_eatdis_mealtime,sub-f1e2_assay-microstructure_timepoint-a.csv,trace,Numeric,120,120,0,100,0
1992_eatdis_mealtime,sub-f1e2_assay-microstructure_timepoint-b.csv,activity,Numeric,93,93,0,100,0
1992_eatdis_mealtime,sub-f1e2_assay-microstructure_timepoint-b.csv,food,Categorical,93,93,0,100,0
1992_eatdis_mealtime,sub-f1e2_assay-microstructure_timepoint-b.csv,group,Numeric,93,93,0,100,0
1992_eatdis_mealtime,sub-f1e2_assay-microstructure_timepoint-b.csv,id,Categorical,93,93,0,100,0
1992_eatdis_mealtime,sub-f1e2_assay-microstructure_timepoint-b.csv,start,Numeric,93,93,0,100,0
1992_eatdis_mealtime,sub-f1e2_assay-microstructure_timepoint-b.csv,time1,Numeric,93,93,0,100,0
1992_eatdis_mealtime,sub-f1e2_assay-microstructure_timepoint-b.csv,time2,Numeric,93,93,0,100,0
1992_eatdis_mealtime,sub-f1e2_assay-microstructure_timepoint-b.csv,timepoint,Numeric,93,93,0,100,0
1992_eatdis_mealtime,sub-f1e2_assay-microstructure_timepoint-b.csv,trace,Numeric,93,93,0,100,0
